--
-- PostgreSQL database dump
--

-- Dumped from database version 16.8 (Ubuntu 16.8-0ubuntu0.24.10.1)
-- Dumped by pg_dump version 16.8 (Ubuntu 16.8-0ubuntu0.24.10.1)

SET statement_timeout = 0;
SET lock_timeout = 0;
SET idle_in_transaction_session_timeout = 0;
SET client_encoding = 'UTF8';
SET standard_conforming_strings = on;
SELECT pg_catalog.set_config('search_path', '', false);
SET check_function_bodies = false;
SET xmloption = content;
SET client_min_messages = warning;
SET row_security = off;

--
-- Name: public; Type: SCHEMA; Schema: -; Owner: postgres
--

-- *not* creating schema, since initdb creates it


ALTER SCHEMA public OWNER TO postgres;

SET default_tablespace = '';

SET default_table_access_method = heap;

--
-- Name: branches; Type: TABLE; Schema: public; Owner: postgres
--

CREATE TABLE public.branches (
    id bigint NOT NULL,
    address character varying(255),
    company_id bigint,
    district_code bigint,
    province_code bigint,
    ward_code bigint
);


ALTER TABLE public.branches OWNER TO postgres;

--
-- Name: branches_id_seq; Type: SEQUENCE; Schema: public; Owner: postgres
--

ALTER TABLE public.branches ALTER COLUMN id ADD GENERATED BY DEFAULT AS IDENTITY (
    SEQUENCE NAME public.branches_id_seq
    START WITH 1
    INCREMENT BY 1
    NO MINVALUE
    NO MAXVALUE
    CACHE 1
);


--
-- Name: companies; Type: TABLE; Schema: public; Owner: postgres
--

CREATE TABLE public.companies (
    id bigint NOT NULL,
    country character varying(255),
    description text,
    industry character varying(255),
    is_approved boolean NOT NULL,
    logo character varying(255),
    name character varying(255),
    ot_policy character varying(255),
    size character varying(255),
    type character varying(255),
    website character varying(255)
);


ALTER TABLE public.companies OWNER TO postgres;

--
-- Name: companies_id_seq; Type: SEQUENCE; Schema: public; Owner: postgres
--

ALTER TABLE public.companies ALTER COLUMN id ADD GENERATED BY DEFAULT AS IDENTITY (
    SEQUENCE NAME public.companies_id_seq
    START WITH 1
    INCREMENT BY 1
    NO MINVALUE
    NO MAXVALUE
    CACHE 1
);


--
-- Name: company_images; Type: TABLE; Schema: public; Owner: postgres
--

CREATE TABLE public.company_images (
    id bigint NOT NULL,
    description character varying(255),
    image character varying(255),
    company_id bigint
);


ALTER TABLE public.company_images OWNER TO postgres;

--
-- Name: company_images_id_seq; Type: SEQUENCE; Schema: public; Owner: postgres
--

ALTER TABLE public.company_images ALTER COLUMN id ADD GENERATED BY DEFAULT AS IDENTITY (
    SEQUENCE NAME public.company_images_id_seq
    START WITH 1
    INCREMENT BY 1
    NO MINVALUE
    NO MAXVALUE
    CACHE 1
);


--
-- Name: company_like; Type: TABLE; Schema: public; Owner: postgres
--

CREATE TABLE public.company_like (
    user_id bigint NOT NULL,
    company_id bigint NOT NULL
);


ALTER TABLE public.company_like OWNER TO postgres;

--
-- Name: company_skill; Type: TABLE; Schema: public; Owner: postgres
--

CREATE TABLE public.company_skill (
    company_id bigint NOT NULL,
    skill_id bigint NOT NULL
);


ALTER TABLE public.company_skill OWNER TO postgres;

--
-- Name: districts; Type: TABLE; Schema: public; Owner: postgres
--

CREATE TABLE public.districts (
    code bigint NOT NULL,
    name character varying(255),
    province_code bigint
);


ALTER TABLE public.districts OWNER TO postgres;

--
-- Name: districts_code_seq; Type: SEQUENCE; Schema: public; Owner: postgres
--

ALTER TABLE public.districts ALTER COLUMN code ADD GENERATED BY DEFAULT AS IDENTITY (
    SEQUENCE NAME public.districts_code_seq
    START WITH 1
    INCREMENT BY 1
    NO MINVALUE
    NO MAXVALUE
    CACHE 1
);


--
-- Name: feedback; Type: TABLE; Schema: public; Owner: postgres
--

CREATE TABLE public.feedback (
    id bigint NOT NULL,
    description character varying(255),
    rating character varying(255),
    user_id bigint,
    is_checked boolean NOT NULL
);


ALTER TABLE public.feedback OWNER TO postgres;

--
-- Name: feedback_id_seq; Type: SEQUENCE; Schema: public; Owner: postgres
--

ALTER TABLE public.feedback ALTER COLUMN id ADD GENERATED BY DEFAULT AS IDENTITY (
    SEQUENCE NAME public.feedback_id_seq
    START WITH 1
    INCREMENT BY 1
    NO MINVALUE
    NO MAXVALUE
    CACHE 1
);


--
-- Name: feedback_topic; Type: TABLE; Schema: public; Owner: postgres
--

CREATE TABLE public.feedback_topic (
    feedback_id bigint NOT NULL,
    feedback_topic_id bigint NOT NULL
);


ALTER TABLE public.feedback_topic OWNER TO postgres;

--
-- Name: job_branch; Type: TABLE; Schema: public; Owner: postgres
--

CREATE TABLE public.job_branch (
    job_id bigint NOT NULL,
    branch_id bigint NOT NULL
);


ALTER TABLE public.job_branch OWNER TO postgres;

--
-- Name: job_level; Type: TABLE; Schema: public; Owner: postgres
--

CREATE TABLE public.job_level (
    job_id bigint NOT NULL,
    level_id bigint NOT NULL
);


ALTER TABLE public.job_level OWNER TO postgres;

--
-- Name: job_like; Type: TABLE; Schema: public; Owner: postgres
--

CREATE TABLE public.job_like (
    user_id bigint NOT NULL,
    job_id bigint NOT NULL
);


ALTER TABLE public.job_like OWNER TO postgres;

--
-- Name: job_skill; Type: TABLE; Schema: public; Owner: postgres
--

CREATE TABLE public.job_skill (
    job_id bigint NOT NULL,
    skill_id bigint NOT NULL
);


ALTER TABLE public.job_skill OWNER TO postgres;

--
-- Name: jobs; Type: TABLE; Schema: public; Owner: postgres
--

CREATE TABLE public.jobs (
    id bigint NOT NULL,
    description text,
    is_opening boolean NOT NULL,
    salary character varying(255),
    title character varying(255),
    updated_at timestamp(6) without time zone,
    working_model character varying(255),
    company_id bigint
);


ALTER TABLE public.jobs OWNER TO postgres;

--
-- Name: jobs_id_seq; Type: SEQUENCE; Schema: public; Owner: postgres
--

ALTER TABLE public.jobs ALTER COLUMN id ADD GENERATED BY DEFAULT AS IDENTITY (
    SEQUENCE NAME public.jobs_id_seq
    START WITH 1
    INCREMENT BY 1
    NO MINVALUE
    NO MAXVALUE
    CACHE 1
);


--
-- Name: levels; Type: TABLE; Schema: public; Owner: postgres
--

CREATE TABLE public.levels (
    id bigint NOT NULL,
    name character varying(255)
);


ALTER TABLE public.levels OWNER TO postgres;

--
-- Name: levels_id_seq; Type: SEQUENCE; Schema: public; Owner: postgres
--

ALTER TABLE public.levels ALTER COLUMN id ADD GENERATED BY DEFAULT AS IDENTITY (
    SEQUENCE NAME public.levels_id_seq
    START WITH 1
    INCREMENT BY 1
    NO MINVALUE
    NO MAXVALUE
    CACHE 1
);


--
-- Name: provinces; Type: TABLE; Schema: public; Owner: postgres
--

CREATE TABLE public.provinces (
    code bigint NOT NULL,
    name character varying(255)
);


ALTER TABLE public.provinces OWNER TO postgres;

--
-- Name: provinces_code_seq; Type: SEQUENCE; Schema: public; Owner: postgres
--

ALTER TABLE public.provinces ALTER COLUMN code ADD GENERATED BY DEFAULT AS IDENTITY (
    SEQUENCE NAME public.provinces_code_seq
    START WITH 1
    INCREMENT BY 1
    NO MINVALUE
    NO MAXVALUE
    CACHE 1
);


--
-- Name: report; Type: TABLE; Schema: public; Owner: postgres
--

CREATE TABLE public.report (
    id bigint NOT NULL,
    reason character varying(255),
    review_id bigint
);


ALTER TABLE public.report OWNER TO postgres;

--
-- Name: report_id_seq; Type: SEQUENCE; Schema: public; Owner: postgres
--

ALTER TABLE public.report ALTER COLUMN id ADD GENERATED BY DEFAULT AS IDENTITY (
    SEQUENCE NAME public.report_id_seq
    START WITH 1
    INCREMENT BY 1
    NO MINVALUE
    NO MAXVALUE
    CACHE 1
);


--
-- Name: resumes; Type: TABLE; Schema: public; Owner: postgres
--

CREATE TABLE public.resumes (
    id bigint NOT NULL,
    description character varying(255),
    full_name character varying(255),
    phone_number character varying(255),
    preferred_level character varying(255),
    preferred_location character varying(255),
    resume character varying(255),
    status character varying(255),
    updated_at timestamp(6) without time zone,
    company_id bigint,
    job_id bigint,
    user_id bigint,
    email character varying(255)
);


ALTER TABLE public.resumes OWNER TO postgres;

--
-- Name: resumes_id_seq; Type: SEQUENCE; Schema: public; Owner: postgres
--

ALTER TABLE public.resumes ALTER COLUMN id ADD GENERATED BY DEFAULT AS IDENTITY (
    SEQUENCE NAME public.resumes_id_seq
    START WITH 1
    INCREMENT BY 1
    NO MINVALUE
    NO MAXVALUE
    CACHE 1
);


--
-- Name: reviews; Type: TABLE; Schema: public; Owner: postgres
--

CREATE TABLE public.reviews (
    id bigint NOT NULL,
    created_at timestamp(6) without time zone,
    culture_rating integer NOT NULL,
    environment_rating integer NOT NULL,
    header character varying(255),
    improvement character varying(255),
    is_recommended boolean NOT NULL,
    manager_rating integer NOT NULL,
    overall_rating integer NOT NULL,
    overtime_policy character varying(255),
    overtime_reason character varying(255),
    report_count integer NOT NULL,
    salary_rating integer NOT NULL,
    teamwork_rating integer NOT NULL,
    working_reason character varying(255),
    company_id bigint,
    user_id bigint
);


ALTER TABLE public.reviews OWNER TO postgres;

--
-- Name: reviews_id_seq; Type: SEQUENCE; Schema: public; Owner: postgres
--

ALTER TABLE public.reviews ALTER COLUMN id ADD GENERATED BY DEFAULT AS IDENTITY (
    SEQUENCE NAME public.reviews_id_seq
    START WITH 1
    INCREMENT BY 1
    NO MINVALUE
    NO MAXVALUE
    CACHE 1
);


--
-- Name: roles; Type: TABLE; Schema: public; Owner: postgres
--

CREATE TABLE public.roles (
    id bigint NOT NULL,
    description character varying(255),
    name character varying(255)
);


ALTER TABLE public.roles OWNER TO postgres;

--
-- Name: roles_id_seq; Type: SEQUENCE; Schema: public; Owner: postgres
--

ALTER TABLE public.roles ALTER COLUMN id ADD GENERATED BY DEFAULT AS IDENTITY (
    SEQUENCE NAME public.roles_id_seq
    START WITH 1
    INCREMENT BY 1
    NO MINVALUE
    NO MAXVALUE
    CACHE 1
);


--
-- Name: skills; Type: TABLE; Schema: public; Owner: postgres
--

CREATE TABLE public.skills (
    id bigint NOT NULL,
    name character varying(255)
);


ALTER TABLE public.skills OWNER TO postgres;

--
-- Name: skills_id_seq; Type: SEQUENCE; Schema: public; Owner: postgres
--

ALTER TABLE public.skills ALTER COLUMN id ADD GENERATED BY DEFAULT AS IDENTITY (
    SEQUENCE NAME public.skills_id_seq
    START WITH 1
    INCREMENT BY 1
    NO MINVALUE
    NO MAXVALUE
    CACHE 1
);


--
-- Name: spring_session; Type: TABLE; Schema: public; Owner: postgres
--

CREATE TABLE public.spring_session (
    primary_id character(36) NOT NULL,
    session_id character(36) NOT NULL,
    creation_time bigint NOT NULL,
    last_access_time bigint NOT NULL,
    max_inactive_interval integer NOT NULL,
    expiry_time bigint NOT NULL,
    principal_name character varying(100)
);


ALTER TABLE public.spring_session OWNER TO postgres;

--
-- Name: spring_session_attributes; Type: TABLE; Schema: public; Owner: postgres
--

CREATE TABLE public.spring_session_attributes (
    session_primary_id character(36) NOT NULL,
    attribute_name character varying(200) NOT NULL,
    attribute_bytes bytea NOT NULL
);


ALTER TABLE public.spring_session_attributes OWNER TO postgres;

--
-- Name: support_requests; Type: TABLE; Schema: public; Owner: postgres
--

CREATE TABLE public.support_requests (
    id bigint NOT NULL,
    description character varying(255),
    email character varying(255),
    image1 character varying(255),
    image2 character varying(255),
    phone character varying(255),
    topic character varying(255),
    user_id bigint,
    is_checked boolean NOT NULL
);


ALTER TABLE public.support_requests OWNER TO postgres;

--
-- Name: support_requests_id_seq; Type: SEQUENCE; Schema: public; Owner: postgres
--

ALTER TABLE public.support_requests ALTER COLUMN id ADD GENERATED BY DEFAULT AS IDENTITY (
    SEQUENCE NAME public.support_requests_id_seq
    START WITH 1
    INCREMENT BY 1
    NO MINVALUE
    NO MAXVALUE
    CACHE 1
);


--
-- Name: topics; Type: TABLE; Schema: public; Owner: postgres
--

CREATE TABLE public.topics (
    id bigint NOT NULL,
    name character varying(255)
);


ALTER TABLE public.topics OWNER TO postgres;

--
-- Name: topics_id_seq; Type: SEQUENCE; Schema: public; Owner: postgres
--

ALTER TABLE public.topics ALTER COLUMN id ADD GENERATED BY DEFAULT AS IDENTITY (
    SEQUENCE NAME public.topics_id_seq
    START WITH 1
    INCREMENT BY 1
    NO MINVALUE
    NO MAXVALUE
    CACHE 1
);


--
-- Name: users; Type: TABLE; Schema: public; Owner: postgres
--

CREATE TABLE public.users (
    id bigint NOT NULL,
    address character varying(255),
    avatar character varying(255),
    birth_date date,
    email character varying(255),
    full_name character varying(255),
    gender boolean NOT NULL,
    is_activated boolean NOT NULL,
    password character varying(255),
    phone character varying(255),
    provider character varying(255),
    username character varying(255),
    role_id bigint,
    working_company_id bigint,
    currentcv character varying(255)
);


ALTER TABLE public.users OWNER TO postgres;

--
-- Name: users_id_seq; Type: SEQUENCE; Schema: public; Owner: postgres
--

ALTER TABLE public.users ALTER COLUMN id ADD GENERATED BY DEFAULT AS IDENTITY (
    SEQUENCE NAME public.users_id_seq
    START WITH 1
    INCREMENT BY 1
    NO MINVALUE
    NO MAXVALUE
    CACHE 1
);


--
-- Name: wards; Type: TABLE; Schema: public; Owner: postgres
--

CREATE TABLE public.wards (
    code bigint NOT NULL,
    name character varying(255),
    district_code bigint
);


ALTER TABLE public.wards OWNER TO postgres;

--
-- Name: wards_code_seq; Type: SEQUENCE; Schema: public; Owner: postgres
--

ALTER TABLE public.wards ALTER COLUMN code ADD GENERATED BY DEFAULT AS IDENTITY (
    SEQUENCE NAME public.wards_code_seq
    START WITH 1
    INCREMENT BY 1
    NO MINVALUE
    NO MAXVALUE
    CACHE 1
);


--
-- Data for Name: branches; Type: TABLE DATA; Schema: public; Owner: postgres
--

COPY public.branches (id, address, company_id, district_code, province_code, ward_code) FROM stdin;
4	Anna Building, Phường Tân Chánh Hiệp, Quận 12, Thành phố Hồ Chí Minh	3	536	50	8223
5	Rox Tower Nguyễn Chí Thanh, Phường Láng Thượng, Quận Đống Đa, Thành phố Hà Nội	7	6	1	63
6	The Hallmark, 15 Đường Trần Bạch Đằng, Phường Thủ Thiêm, Thành phố Thủ Đức, Thành phố Hồ Chí Minh	7	542	50	8327
3	FPT Software F-Town 3, 3 Đ. Võ Chí Công, Long Thạnh Mỹ, Quận 9, Hồ Chí Minh	1	542	50	8307
7	FPT SOFTWARE F1,2, Đ. D1, Phường Tân Phú, Quận 9, Hồ Chí Minh	1	542	50	8308
9	FPT Building, 17 P. Duy Tân, Dịch Vọng Hậu, Cầu Giấy, Hà Nội	1	5	1	57
10	FPT Tower , Ô D27 - Phạm Văn Bạch, Yên Hoà, Cầu Giấy, Hà Nội	1	5	1	59
12	Tòa Nhà FPT Complex, X7H6+9R8, Đ. Nam Kỳ Khởi Nghĩa, Hoà Hải, Ngũ Hành Sơn, Đà Nẵng	1	348	32	5967
14	FPT Software Quy Nhơn (AI Valley), 12 Đại lộ Khoa học, khu vực 2, Quy Nhơn, Bình Định	1	382	35	6400
15	MB Grand Tower, 18 Đ. Lê Văn Lương, Trung Hoà, Cầu Giấy, Hà Nội, Vietnam	2	5	1	60
16	Toà nhà văn phòng VCN TOWER, 02 Tố Hữu, Phước Hải, Nha Trang, Khánh Hòa 	1	402	37	6657
17	Tower B – The Manor Crown, 62 Tố Hữu, Xuân Phú, Huế, Thành phố Huế	1	\N	31	\N
\.


--
-- Data for Name: companies; Type: TABLE DATA; Schema: public; Owner: postgres
--

COPY public.companies (id, country, description, industry, is_approved, logo, name, ot_policy, size, type, website) FROM stdin;
3	Đức	<h4 class="border-bottom-dashed ipb-4">Giới thiệu c&ocirc;ng ty</h4>\r\n<div class="paragraph ipt-4 text-break text-contain-hyperlink">WE REINVENT HOW BUSINESSES STAY, WORK AND PAY\r\n<p>HRS, a pioneer in business travel, aims to elevate every stay through innovative technology. With over 50 years of experience, their digital platform, driven by <strong>ProcureTech, TravelTech, </strong>and<strong> FinTech</strong>, transforms how companies and travelers <strong>Stay, Work, </strong>and <strong>Pay</strong>.</p>\r\n<p><strong>ProcureTech</strong> digitally revolutionizes lodging procurement, connecting corporations and suppliers in a cutting-edge ecosystem. This enables seamless efficiency and automation, surpassing travelers' expectations.</p>\r\n<p><strong>TravelTech</strong> redefines the online lodging experience, offering personalized content from selection to check-in, ensuring an unparalleled journey for corporate travelers.</p>\r\n<p>In <strong>FinTech</strong>, HRS introduces advancements like mobile banking and digital payments, turning corporate back offices into touchless lodging enablers, eliminating legacy cost barriers. The innovative 2-click book-to-pay feature streamlines interactions for travelers and hoteliers.</p>\r\n<p>Combining these technology propositions, HRS unlocks exponential catalyst effects. Their data-driven focus delivers value-added services and high-return network effects, creating substantial customer value.</p>\r\n<p>HRS's exponential growth since 1972 serves over 35% of the global Fortune 500 and leading hotel chains.</p>\r\n<p>Join HRS to shape the future of business travel, empowered by a culture of growth and setting new industry standards worldwide!</p>\r\n<p>More information at <a href="https://www.hrs.com/enterprise/">https://www.hrs.com/enterprise/</a></p>\r\n<h4 class="border-bottom-dashed ipb-4">Tại sao bạn sẽ y&ecirc;u th&iacute;ch l&agrave;m việc tại đ&acirc;y?</h4>\r\n<div class="position-relative read-more-container show" data-controller="read-more" data-read-more-target="container">\r\n<div data-read-more-target="content">\r\n<ul class="paragraph ipt-4 text-break">\r\n<li class="ipy-1 fw-700">Attractive salary package and valuable benefits</li>\r\n<li class="ipy-1 fw-700">Get the opportunity to access global L&amp;D programs</li>\r\n<li class="ipy-1 fw-700">Hybrid and flexible working environment</li>\r\n<li class="ipy-1 fw-700"><strong>Open and flat environment</strong>, highly appreciate your idea and constantly supporting your skill development.</li>\r\n<li class="ipy-1 fw-700"><strong>Innovative and international learning and development program</strong>, we dedicate to supporting employees&rsquo; growth and development of skills.</li>\r\n<li class="ipy-1 fw-700">Challenging products with&nbsp;<strong>onsite opportunities in Europe</strong> (Germany, Australia, Poland, etc.)</li>\r\n<li class="ipy-1 fw-700"><strong>Full salary and benefits</strong> as an official employee <strong>on probation</strong>.</li>\r\n<li class="ipy-1 fw-700"><strong>13th-month salary &amp; short-term incentives</strong>: we offer incentives as defined by the company&rsquo;s success in the previous year.</li>\r\n<li class="ipy-1 fw-700">15+ annual leaves per year.</li>\r\n<li class="ipy-1 fw-700">Full healthcare compliance.</li>\r\n<li class="ipy-1 fw-700">Premium healthcare for employees.</li>\r\n<li class="ipy-1 fw-700">Gifts for every special occasion.</li>\r\n<li class="ipy-1 fw-700">Supportive working conditions: Laptop, MS Surface Hub.</li>\r\n<li class="ipy-1 fw-700">Free and unlimited snacks, tea, coffee, and by-choice request.</li>\r\n<li class="ipy-1 fw-700">Premium company trip &amp; business traveling programs and other exciting activities.</li>\r\n</ul>\r\n</div>\r\n</div>\r\n</div>	Sản Phẩm Phần Mềm và Dịch Vụ Web	t	1740232941237-hrsgroup__logo.webp	HRS Group	Thêm lương OT	51-100 nhân viên	IT Product	https://www.hrs.com/enterprise/homepage/
5	Việt Nam	<h4 class="border-bottom-dashed ipb-4">Giới thiệu c&ocirc;ng ty</h4>\r\n<div class="paragraph ipt-4 text-break text-contain-hyperlink">MAKE YOU INVESTED @ DNSE\r\n<p>DNSE l&agrave; doanh nghiệp thuộc top những c&ocirc;ng ty chứng kho&aacute;n đầu ti&ecirc;n tại Việt Nam ti&ecirc;n phong ứng dụng c&ocirc;ng nghệ số hiện đại v&agrave;o sản phẩm t&agrave;i ch&iacute;nh &ndash; chứng kho&aacute;n.</p>\r\n<p>TẦM NH&Igrave;N: đặt trọng t&acirc;m v&agrave;o việc kết nối nguồn vốn th&ocirc;ng qua c&ocirc;ng nghệ để dẫn dắt thị trường chứng kho&aacute;n số tại Việt Nam.</p>\r\n<p>SỨ MỆNH: &ldquo;ĐƠN GIẢN H&Oacute;A ĐẦU TƯ CHO NGƯỜI VIỆT&rdquo; th&ocirc;ng qua việc ứng dụng c&ocirc;ng nghệ hiện đại, tr&iacute; tuệ nh&acirc;n tạo v&agrave;o c&aacute;c sản phẩm &amp; dịch vụ, DNSE sẽ kh&ocirc;ng ngừng nỗ lực để kiến tạo hệ sinh th&aacute;i t&agrave;i ch&iacute;nh &ndash; chứng kho&aacute;n số to&agrave;n diện v&agrave; tối ưu nhất, mang đến những quyết định đầu tư đơn giản - hiệu quả - thức thời hơn cho người Việt.</p>\r\n<p>GI&Aacute; TRỊ CỐT L&Otilde;I: lắng nghe thấu hiểu - t&ocirc;n trọng lời n&oacute;i - lu&ocirc;n l&agrave;m tốt hơn.</p>\r\n<h4 class="border-bottom-dashed ipb-4">Tại sao bạn sẽ y&ecirc;u th&iacute;ch l&agrave;m việc tại đ&acirc;y?</h4>\r\n<div class="position-relative read-more-container show" data-controller="read-more" data-read-more-target="container">\r\n<div data-read-more-target="content">\r\n<div class="jd-photos ipt-2 ipb-6">\r\n<div class="slider-photos overflow-hidden">\r\n<div class="d-grid align-items-center igap-1 photo-grid" data-controller="jobs--jd-photos" data-jobs--jd-photos-show-headline-value="" data-jobs--jd-photos-url-value="/companies/dnse/jd_photos">\r\n<div class="col position-relative cursor-pointer"><picture data-action="click-&gt;jobs--jd-photos#open"> <source srcset="https://itviec.com/rails/active_storage/representations/proxy/eyJfcmFpbHMiOnsibWVzc2FnZSI6IkJBaHBBOTlnT3c9PSIsImV4cCI6bnVsbCwicHVyIjoiYmxvYl9pZCJ9fQ==--7c4119f855399a77a4b2a0133969a838e4c38d6f/eyJfcmFpbHMiOnsibWVzc2FnZSI6IkJBaDdDRG9MWm05eWJXRjBPZ2wzWldKd09oTnlaWE5wZW1WZmRHOWZabWxzYkZzSGFRSVVBV2tCdURvSlkzSnZjRnNKYVFCcEFHa0NGQUZwQWJnPSIsImV4cCI6bnVsbCwicHVyIjoidmFyaWF0aW9uIn19--d8a3eb368df546d7b32fdaac0e2c713bdc764d66/YK-166%20(1).jpg" media="(min-width:576px)" data-srcset="https://itviec.com/rails/active_storage/representations/proxy/eyJfcmFpbHMiOnsibWVzc2FnZSI6IkJBaHBBOTlnT3c9PSIsImV4cCI6bnVsbCwicHVyIjoiYmxvYl9pZCJ9fQ==--7c4119f855399a77a4b2a0133969a838e4c38d6f/eyJfcmFpbHMiOnsibWVzc2FnZSI6IkJBaDdDRG9MWm05eWJXRjBPZ2wzWldKd09oTnlaWE5wZW1WZmRHOWZabWxzYkZzSGFRSVVBV2tCdURvSlkzSnZjRnNKYVFCcEFHa0NGQUZwQWJnPSIsImV4cCI6bnVsbCwicHVyIjoidmFyaWF0aW9uIn19--d8a3eb368df546d7b32fdaac0e2c713bdc764d66/YK-166%20(1).jpg"> <source srcset="https://itviec.com/rails/active_storage/representations/proxy/eyJfcmFpbHMiOnsibWVzc2FnZSI6IkJBaHBBOTlnT3c9PSIsImV4cCI6bnVsbCwicHVyIjoiYmxvYl9pZCJ9fQ==--7c4119f855399a77a4b2a0133969a838e4c38d6f/eyJfcmFpbHMiOnsibWVzc2FnZSI6IkJBaDdDRG9MWm05eWJXRjBPZ2wzWldKd09oTnlaWE5wZW1WZmRHOWZabWxzYkZzSGFRR0dhVjQ2Q1dOeWIzQmJDV2tBYVFCcEFZWnBYZz09IiwiZXhwIjpudWxsLCJwdXIiOiJ2YXJpYXRpb24ifX0=--d1779d22b72f6853b4577dd22c82404c6b0a3869/YK-166%20(1).jpg" media="(max-width:575px)" data-srcset="https://itviec.com/rails/active_storage/representations/proxy/eyJfcmFpbHMiOnsibWVzc2FnZSI6IkJBaHBBOTlnT3c9PSIsImV4cCI6bnVsbCwicHVyIjoiYmxvYl9pZCJ9fQ==--7c4119f855399a77a4b2a0133969a838e4c38d6f/eyJfcmFpbHMiOnsibWVzc2FnZSI6IkJBaDdDRG9MWm05eWJXRjBPZ2wzWldKd09oTnlaWE5wZW1WZmRHOWZabWxzYkZzSGFRR0dhVjQ2Q1dOeWIzQmJDV2tBYVFCcEFZWnBYZz09IiwiZXhwIjpudWxsLCJwdXIiOiJ2YXJpYXRpb24ifX0=--d1779d22b72f6853b4577dd22c82404c6b0a3869/YK-166%20(1).jpg"></picture></div>\r\n</div>\r\n</div>\r\n</div>\r\n<div class="paragraph text-break text-contain-hyperlink">\r\n<ul>\r\n<li class="ipy-1 fw-700">Competitive salary and bonus</li>\r\n<li class="ipy-1 fw-700">Young and innovative working environment</li>\r\n<li class="ipy-1 fw-700">Work with the brightest minds</li>\r\n<li>Top-market salary, PVI healthcare, and insurance according to Vietnamese Labor Law.</li>\r\n<li>Guaranteed long-term employment with professional development.</li>\r\n<li>Exciting indoor and outdoor activities include modern entertainment facilities (billiards, video games, etc.), engaged club activities, Company trips, Teambuilding, Year-end party&hellip;&nbsp;</li>\r\n<li>Entrepreneurial working environment with young and open-minded colleagues.</li>\r\n<li>Open office space that promotes departmental collaboration and transparent communication.</li>\r\n</ul>\r\n</div>\r\n</div>\r\n</div>\r\n</div>	Dịch Vụ Tài Chính	t	1740233389694-DNSE.webp	DNSE	Không OT	151-300 nhân viên	IT Product	https://www.dnse.com.vn/
4	Hàn Quốc	<h4 class="border-bottom-dashed ipb-4">Giới thiệu c&ocirc;ng ty</h4>\r\n<div class="paragraph ipt-4 text-break text-contain-hyperlink">LG Electronics Development Vietnam (LGEDV)\r\n<p><strong>LGEDV</strong> was started in May 2016 as LG Vehicle Component Solutions Development Center Vietnam.&nbsp;<br>From 1st Jan 2023, the company embarked on a new journey to be an independent entity under the name LGEDV <strong>(LG Electronics Development Vietnam Company Limited)</strong> - new R&amp;D Subsidiary.<br>LGEDV conduct core R&amp;D activities, and various product reliability tests in support of our business in vehicle component, home appliances &amp;air solution, webOS.</p>\r\n<p>We offer an environment that enables colleagues to demonstrate their capabilities, focus on their work and create value.</p>\r\n<p>At LG, you're encouraged to take a creative and individual approach to challenges with strong emphasis placed on performance and skill&mdash;and equal, merit-based opportunities across the board.</p>\r\n<p>Follow us to stay up to date with the latest job vacancies!</p>\r\n<h4 class="border-bottom-dashed ipb-4">Tại sao bạn sẽ y&ecirc;u th&iacute;ch l&agrave;m việc tại đ&acirc;y?</h4>\r\n<div class="position-relative read-more-container show" data-controller="read-more" data-read-more-target="container">\r\n<div data-read-more-target="content">\r\n<div class="jd-photos ipt-2 ipb-6">\r\n<div class="slider-photos overflow-hidden">\r\n<div class="d-grid align-items-center igap-1 photo-grid" data-controller="jobs--jd-photos" data-jobs--jd-photos-show-headline-value="" data-jobs--jd-photos-url-value="/companies/lg-electronics-development-vietnam-lgedv/jd_photos">&nbsp;</div>\r\n</div>\r\n</div>\r\n<div class="paragraph text-break text-contain-hyperlink">\r\n<ul>\r\n<li class="ipy-1 fw-700">Competitive salary &amp; up-to 16-month income / year</li>\r\n<li class="ipy-1 fw-700">Attractive allowances &amp; benefits</li>\r\n<li class="ipy-1 fw-700">Flexible working time with many company holidays</li>\r\n<li>13th month salary + Incentive bonus (Total remuneration package / year:&nbsp;<strong>up to 16-month salary</strong>) + Annual salary review;</li>\r\n<li><strong>HYBRID WORKING</strong>, flexible working time (Mon - Fri)</li>\r\n<li>Support for <strong>lunch, transportation and other allowances </strong>(Coding Expert, Technical leader, phone...);</li>\r\n<li><strong>Premium </strong>health care &amp; accident insurance;</li>\r\n<li><strong>Total 20 days off</strong> (12 days of annual leave &amp; additional 8 days of company holidays: Summer holiday, Mid-Autumn, Christmas, LG and VS DCV Foundation Days);</li>\r\n<li>Support fee to get TOEIC &amp; technical certifications (ISTQB, Agile Scrum...);</li>\r\n<li>On-site &amp; training opportunities abroad;</li>\r\n<li>Company trip, sport clubs (zumba, football, pingpong, badminton,...);</li>\r\n<li>Monthly budget for team activities, etc.</li>\r\n</ul>\r\n</div>\r\n</div>\r\n</div>\r\n</div>	Sản Phẩm Phần Mềm và Dịch Vụ Web 	t	1740233151824-lg-vietnam.webp	LG Electronics	Không OT	1000 nhân viên	IT Product	https://www.facebook.com/LGEDV
6	Hàn Quốc	<h4 class="border-bottom-dashed ipb-4">Giới thiệu c&ocirc;ng ty</h4>\r\n<div class="paragraph ipt-4 text-break text-contain-hyperlink">NAVER VIETNAM\r\n<p>NAVER Co., Ltd. is a global brand that provides a range of services, including the largest web search engine in South Korea, the LINE messenger app with over 200 million users worldwide, the SNOW video app, the digital comics platform NAVER WEBTOON, and more. In 2018, NAVER was recognized as the 9th most innovative company in the world by Forbes and was listed as a top 6 Future 50 company by Fortune magazine.</p>\r\n<p>In 2021, NAVER's expansion in Vietnam has been aimed at tapping into the country's growing Information Technology market by initially partnering with two leading universities in Hanoi. This year, the <strong>NAVER Vietnam Development Center (NVDC) </strong>was established in Ho Chi Minh City. The company continues to uphold the core values of "<em><strong>Autonomy - Challenge - Teamwork</strong></em>" and is dedicated to becoming one of the strongest development centers in Asia.&nbsp;</p>\r\n<p>In 2023, NAVER Vietnam achieved a remarkable feat by being honored as the Best IT Company of <a href="https://itviec.com/vietnam-best-small-and-medium-it-companies">Vietnam Best IT Companies 2023 award</a> by ITViec.com, just one year after establishing its tech hub in Vietnam. This accolade serves as a significant milestone on NAVER's journey toward continuous growth and advancement to the next level.</p>\r\n<h4 class="border-bottom-dashed ipb-4">Tại sao bạn sẽ y&ecirc;u th&iacute;ch l&agrave;m việc tại đ&acirc;y?</h4>\r\n<div class="position-relative read-more-container show" data-controller="read-more" data-read-more-target="container">\r\n<div data-read-more-target="content">\r\n<ul class="paragraph ipt-4 text-break">\r\n<li class="ipy-1 fw-700">Healthcare plan for you and your family</li>\r\n<li class="ipy-1 fw-700">A work-life balance (Hybrid, Workation)</li>\r\n<li class="ipy-1 fw-700">Competitive package</li>\r\n</ul>\r\n<div class="paragraph text-break text-contain-hyperlink">\r\n<p>From solid welfare programs to autonomy over working time and place, we create the culture in which we work. By joining NAVER VIETNAM, you will be involved in:</p>\r\n<ul>\r\n<li><strong>A work-life balance:</strong> A-class brand new offices located in the city center with hybrid option (3 days working at the office) and workation option (2 weeks working remotely in a row);&nbsp;Annual leave 14 days, add 1 day to every year.</li>\r\n<li><strong>Competitive income package:</strong>&nbsp;Performance appraisal every year, incentive bonus...&nbsp;</li>\r\n<li><strong>Learning and development opportunities:</strong> We provide an annual budget for employees to learn anything related to languages (Korean, English) and technologies &amp; monthly budget for self-development plan</li>\r\n<li><strong>Protecting and enhancing&nbsp;healthcare plan for you and your family:</strong> We provide premium health insurance for you and 2 family members, a health check every year, and a premium gym membership&nbsp;</li>\r\n<li><strong>Employee engagement&nbsp;activities:</strong> You will be involved in a fun and respectful&nbsp;working environment, we support a monthly budget for team engagement</li>\r\n<li><strong>Other benefits:</strong> One-off allowance for setting up working from home corner, work dedication bonus&nbsp;</li>\r\n</ul>\r\n</div>\r\n</div>\r\n</div>\r\n</div>	Sản Phẩm Phần Mềm và Dịch Vụ Web	t	1740233730195-Naver_Logo.webp	NAVER VIETNAM	Không OT	151-300 nhân viên	IT Product	https://navercorp.vn/
8	Nhật Bản	<h4 class="border-bottom-dashed ipb-4">Giới thiệu c&ocirc;ng ty</h4>\r\n<div class="paragraph ipt-4 text-break text-contain-hyperlink">Rakuten Fintech Vietnam Co., Ltd.\r\n<p>We are a subsidiary company of <strong>Rakuten Card Co,. Ltd.</strong>, which is one of the biggest Credit Card companies in Japan. And our main mission is to contribute<strong> to Fintech business growth as well as Rakuten Card from system point of view.</strong></p>\r\n<p>To contribute to business, of course we should understand business processes, system development processes etc., but at the same time we must understand it is quite important to&nbsp;<strong>establish a good relationship with Japan team including Rakuten Card, and to have &ldquo;mutual understanding&rdquo;</strong> and <strong>&ldquo;mutual trust&rdquo;</strong> as well.</p>\r\n<p>We are <strong>ONE TEAM to achieve the same high business goal</strong> though there is a physical distance between Vietnam and Japan, and we believe that we would be <strong>able to contribute to business growth with our technical skill and one team mind.</strong></p>\r\n<p>Welcome to our company! We hope you enjoy your RAKUTEN life!!!</p>\r\n<h4 class="border-bottom-dashed ipb-4">Tại sao bạn sẽ y&ecirc;u th&iacute;ch l&agrave;m việc tại đ&acirc;y?</h4>\r\n<div class="position-relative read-more-container show" data-controller="read-more" data-read-more-target="container">\r\n<div data-read-more-target="content">\r\n<div class="jd-photos ipt-2 ipb-6">\r\n<div class="slider-photos overflow-hidden">\r\n<div class="d-grid align-items-center igap-1 photo-grid" data-controller="jobs--jd-photos" data-jobs--jd-photos-show-headline-value="" data-jobs--jd-photos-url-value="/companies/rakuten-fintech-vietnam-co-ltd/jd_photos">\r\n<div class="col position-relative cursor-pointer"><picture data-action="click-&gt;jobs--jd-photos#open"> <source srcset="https://itviec.com/rails/active_storage/representations/proxy/eyJfcmFpbHMiOnsibWVzc2FnZSI6IkJBaHBBNEtNUkE9PSIsImV4cCI6bnVsbCwicHVyIjoiYmxvYl9pZCJ9fQ==--c13006ca72d93bdcb5f2f59431e23b65759786db/eyJfcmFpbHMiOnsibWVzc2FnZSI6IkJBaDdDRG9MWm05eWJXRjBPZ2wzWldKd09oTnlaWE5wZW1WZmRHOWZabWxzYkZzSGFRSVVBV2tCdURvSlkzSnZjRnNKYVFCcEFHa0NGQUZwQWJnPSIsImV4cCI6bnVsbCwicHVyIjoidmFyaWF0aW9uIn19--d8a3eb368df546d7b32fdaac0e2c713bdc764d66/z4992719202368_b1aa2505b42855fbf9f0702c274b9192.jpg" media="(min-width:576px)" data-srcset="https://itviec.com/rails/active_storage/representations/proxy/eyJfcmFpbHMiOnsibWVzc2FnZSI6IkJBaHBBNEtNUkE9PSIsImV4cCI6bnVsbCwicHVyIjoiYmxvYl9pZCJ9fQ==--c13006ca72d93bdcb5f2f59431e23b65759786db/eyJfcmFpbHMiOnsibWVzc2FnZSI6IkJBaDdDRG9MWm05eWJXRjBPZ2wzWldKd09oTnlaWE5wZW1WZmRHOWZabWxzYkZzSGFRSVVBV2tCdURvSlkzSnZjRnNKYVFCcEFHa0NGQUZwQWJnPSIsImV4cCI6bnVsbCwicHVyIjoidmFyaWF0aW9uIn19--d8a3eb368df546d7b32fdaac0e2c713bdc764d66/z4992719202368_b1aa2505b42855fbf9f0702c274b9192.jpg"> <source srcset="https://itviec.com/rails/active_storage/representations/proxy/eyJfcmFpbHMiOnsibWVzc2FnZSI6IkJBaHBBNEtNUkE9PSIsImV4cCI6bnVsbCwicHVyIjoiYmxvYl9pZCJ9fQ==--c13006ca72d93bdcb5f2f59431e23b65759786db/eyJfcmFpbHMiOnsibWVzc2FnZSI6IkJBaDdDRG9MWm05eWJXRjBPZ2wzWldKd09oTnlaWE5wZW1WZmRHOWZabWxzYkZzSGFRR0dhVjQ2Q1dOeWIzQmJDV2tBYVFCcEFZWnBYZz09IiwiZXhwIjpudWxsLCJwdXIiOiJ2YXJpYXRpb24ifX0=--d1779d22b72f6853b4577dd22c82404c6b0a3869/z4992719202368_b1aa2505b42855fbf9f0702c274b9192.jpg" media="(max-width:575px)" data-srcset="https://itviec.com/rails/active_storage/representations/proxy/eyJfcmFpbHMiOnsibWVzc2FnZSI6IkJBaHBBNEtNUkE9PSIsImV4cCI6bnVsbCwicHVyIjoiYmxvYl9pZCJ9fQ==--c13006ca72d93bdcb5f2f59431e23b65759786db/eyJfcmFpbHMiOnsibWVzc2FnZSI6IkJBaDdDRG9MWm05eWJXRjBPZ2wzWldKd09oTnlaWE5wZW1WZmRHOWZabWxzYkZzSGFRR0dhVjQ2Q1dOeWIzQmJDV2tBYVFCcEFZWnBYZz09IiwiZXhwIjpudWxsLCJwdXIiOiJ2YXJpYXRpb24ifX0=--d1779d22b72f6853b4577dd22c82404c6b0a3869/z4992719202368_b1aa2505b42855fbf9f0702c274b9192.jpg"></picture></div>\r\n</div>\r\n</div>\r\n</div>\r\n<div class="paragraph text-break text-contain-hyperlink">\r\n<ul>\r\n<li class="ipy-1 fw-700">Attractive Salary and Benefits</li>\r\n<li class="ipy-1 fw-700">Working &amp; growing with Passionate &amp; Talented Team</li>\r\n<li class="ipy-1 fw-700">Award: MVP for excellent Department/members</li>\r\n<li>Attractive Salary and Benefits</li>\r\n<li><strong>Working &amp; growing </strong>with Passionate &amp; Talented Team</li>\r\n<li>Bonus: <strong>Lunar New Year Bonus, Performance Bonus</strong>.</li>\r\n<li>Award: MVP for excellent Department/members</li>\r\n<li>Annual health check-up</li>\r\n<li>Social Insurance, Health Insurance, Unemployment Insurance (company will pay for full salary); Voluntary health insurance &amp; accident insurance (Aon care 24/7)</li>\r\n<li>Company trip, Big annual year-end party every year, Team building, etc.</li>\r\n<li>Working hour: Monday to Friday (working hour from 08:00 to 17:00)</li>\r\n<li><strong>Training: Tech E-Learning &amp; various training on hot-trend technologies, best practices and soft skills</strong></li>\r\n<li><strong>Tech SHIMEKAI </strong>(Monthly Technology Sharing)</li>\r\n</ul>\r\n<p><em><strong>And much more, join us and let yourself explore other fantastic things!</strong></em></p>\r\n</div>\r\n</div>\r\n</div>\r\n</div>	Dịch Vụ Tài Chính	t	1740234931959-rakuten.webp	Rakuten Fintech Vietnam Co., Ltd.	Không OT	51-150 nhân viên	IT Product	https://fintech-vietnam.corp.rakuten.com.vn/
7	Australia	<h4 class="border-bottom-dashed ipb-4">Giới thiệu c&ocirc;ng ty</h4>\r\n<div class="paragraph ipt-4 text-break text-contain-hyperlink">The NAB Innovation Centre Vietnam is owned by NAB - Australia&rsquo;s largest business bank.\r\n<p>The NAB Innovation Centre Vietnam (NAB Vietnam) is part of National Australia Bank&nbsp;(NAB) Technology &amp; Enterprise Operations division. The mission of the NAB Vietnam is to connect the talents&nbsp;of Vietnam to NAB and together improve the lives of those in the Vietnam technology community.</p>\r\n<p>As Australia&rsquo;s largest business bank,&nbsp;NAB is focused on delivering great experiences for customers. To do this it uses modern technologies, alongside great technology talent including leading software engineers, cloud experts and quality engineers.</p>\r\n<p><strong>We&rsquo;re working on interesting projects to help NAB&rsquo;s 10 million customers:</strong>&nbsp;By joining&nbsp;us,&nbsp;local software engineers will have&nbsp;access to a wide variety of projects and opportunities, working closely with&nbsp;colleagues in Australia and with global partners such as AWS and Microsoft to take advantage of the latest&nbsp;modern&nbsp;technologies.</p>\r\n<p><strong>We&rsquo;re investing in you:</strong> We strive&nbsp;to create not only a great place to work, but also the best technology centre for tech engineers to thrive.</p>\r\n<p><strong>It&rsquo;s more than just a career!</strong></p>\r\n<p>We believe in people with ideas and dreams, and we want you to achieve your aspirations. If you have an appetite to learn, grow and elevate others around you, this is the place for you!</p>\r\n<h2 class="border-bottom-dashed ipb-4">Chuy&ecirc;n m&ocirc;n của ch&uacute;ng t&ocirc;i</h2>\r\n<div class="paragraph text-break">\r\n<div class="ipt-4">The latest Cloud &amp; Micro-services technologies</div>\r\n<div class="d-flex flex-wrap igap-3 ipt-4">&nbsp;</div>\r\n</div>\r\n<div class="ipt-4 text-contain-hyperlink">\r\n<p><strong>Languages &amp; Frameworks</strong></p>\r\n<p>JavaScript ES6, TypeScript, Node.js, React - Redux, Java, Spring Boot, Serverless, .NET</p>\r\n<p><strong>Cloud Services - AWS, Azure</strong></p>\r\n<p>Lambda, Postgres, S3, API Gateway, CLI, SNS/SQS, EC2, ECS, Cloud Watch, Splunk, SignalFX, AppDynamics</p>\r\n<p><strong>DevOps</strong></p>\r\n<p>Jenkins, Artifactory, SonarQube, GitHub, CloudFormation, Kubernetes, CHEF, Hashicorp Sentinel, Packer, Terraform, Harshicorp Vault, KONG gateway, Venafi</p>\r\n<p><strong>Collaboration</strong></p>\r\n<p>Microsoft Outlook, JIRA, Confluence, Microsoft Teams, ServiceNow, Rally</p>\r\n<h4 class="border-bottom-dashed ipb-4">Tại sao bạn sẽ y&ecirc;u th&iacute;ch l&agrave;m việc tại đ&acirc;y?</h4>\r\n<div class="position-relative read-more-container show" data-controller="read-more" data-read-more-target="container">\r\n<div data-read-more-target="content">\r\n<ul class="paragraph ipt-4 text-break">\r\n<li class="ipy-1 fw-700">Very competitive remuneration package</li>\r\n<li class="ipy-1 fw-700">Build products for millions of users in Australia</li>\r\n<li class="ipy-1 fw-700">Hybrid and flexible working environment<picture data-action="click-&gt;jobs--jd-photos#open"> <source srcset="https://itviec.com/rails/active_storage/representations/proxy/eyJfcmFpbHMiOnsibWVzc2FnZSI6IkJBaHBBMGp2U3c9PSIsImV4cCI6bnVsbCwicHVyIjoiYmxvYl9pZCJ9fQ==--af9c992a3085fd3c5f443d1dfa2ebd51074a5ded/eyJfcmFpbHMiOnsibWVzc2FnZSI6IkJBaDdDRG9MWm05eWJXRjBPZ2wzWldKd09oTnlaWE5wZW1WZmRHOWZabWxzYkZzSGFRSVVBV2tCdURvSlkzSnZjRnNKYVFCcEFHa0NGQUZwQWJnPSIsImV4cCI6bnVsbCwicHVyIjoidmFyaWF0aW9uIn19--d8a3eb368df546d7b32fdaac0e2c713bdc764d66/For%20ITviec_updated-600-400.png" media="(min-width:576px)" data-srcset="https://itviec.com/rails/active_storage/representations/proxy/eyJfcmFpbHMiOnsibWVzc2FnZSI6IkJBaHBBMGp2U3c9PSIsImV4cCI6bnVsbCwicHVyIjoiYmxvYl9pZCJ9fQ==--af9c992a3085fd3c5f443d1dfa2ebd51074a5ded/eyJfcmFpbHMiOnsibWVzc2FnZSI6IkJBaDdDRG9MWm05eWJXRjBPZ2wzWldKd09oTnlaWE5wZW1WZmRHOWZabWxzYkZzSGFRSVVBV2tCdURvSlkzSnZjRnNKYVFCcEFHa0NGQUZwQWJnPSIsImV4cCI6bnVsbCwicHVyIjoidmFyaWF0aW9uIn19--d8a3eb368df546d7b32fdaac0e2c713bdc764d66/For%20ITviec_updated-600-400.png">&nbsp;</picture></li>\r\n</ul>\r\n<div class="paragraph text-break text-contain-hyperlink">\r\n<p><strong>THE BENEFITS AND PERKS</strong></p>\r\n<p><strong>1. Generous compensation and benefit&nbsp;package</strong></p>\r\n<ul>\r\n<li>Attractive salary and benefits</li>\r\n<li>20-day annual leave and 7-day sick leave, etc.</li>\r\n<li>13th month salary and Annual Performance Bonus</li>\r\n<li>Premium healthcare for yourself and family members</li>\r\n<li>Monthly allowance for team activities</li>\r\n<li>Premium welcome kit and frequent appreciation gifts&nbsp;</li>\r\n<li>Extra&nbsp;benefits for long-term employees</li>\r\n</ul>\r\n<p><strong>2. Exciting career and development opportunities&nbsp;</strong></p>\r\n<ul>\r\n<li>Large scale products with modern technologies in banking domain</li>\r\n<li>Clear roadmap for career advancement in&nbsp;both technical and leadership pathways</li>\r\n<li>Well-structured &nbsp;learning and development programs (technical and soft skills)&nbsp;</li>\r\n<li>Sponsored certificates in both IT and banking/finance</li>\r\n<li>Premium&nbsp;account on Udemy&nbsp;</li>\r\n<li>English learning with native teachers</li>\r\n<li>Opportunity for traveling &amp; training in Australia</li>\r\n</ul>\r\n<p><strong>3. Professional and engaging working environment</strong></p>\r\n<ul>\r\n<li>Hybrid working model and good work-life balance&nbsp;</li>\r\n<li>Well-equipped &amp; modern Agile office with fully stocked pantry</li>\r\n<li>Special programs to improve your physical and mental health</li>\r\n<li>Annual company trip and events&nbsp;</li>\r\n<li>A solid talented team behind you &ndash; great people who love what they do</li>\r\n</ul>\r\n<p><strong>If this excites you, let's have a chat over a cup of coffee!</strong></p>\r\n</div>\r\n</div>\r\n</div>\r\n</div>\r\n</div>		t	1740234753304-NAB.webp	 NAB Innovation Centre Vietnam	Thêm lương OT	 1000+ nhân viên 	IT Product	https://careers-vietnam.nab.com.au
1	Vietnam	<h4 class="border-bottom-dashed ipb-4">Giới thiệu c&ocirc;ng ty</h4>\r\n<div class="paragraph ipt-4 text-break text-contain-hyperlink">The leading provider of software outsourcing services in Vietnam\r\n<p><em>FPT Software is part of FPT Corporation (FPT &ndash; HoSE) &ndash; the global leading technology, outsourcing and IT services group headquartered in Vietnam with nearly US$2 billion in revenue and more than 27000 employees. Qualified with CMMI Level 5 &amp; ISO 27001:2013, ASPICE LEVEL 3, FPT Software delivers world-class services in Smart factory, Digital platform, RPA, AI, IoT, Enterprise Mobilization, Cloud, AR/VR, Embedded System, Managed service, Testing, Platform modernization, Business Applications, Application Service, BPO and more services globally from delivery centers across the United States, Japan, Europe, Korea, China, Australia, Vietnam and the Asia Pacific.&nbsp;</em><br><br><em>In 2017, FPT Software has been placed in top 10 of the ranking for three consecutive years. Among top 10, FPT Software is the only IT Company.&nbsp;</em></p>\r\n</div>\r\n<h4 class="border-bottom-dashed ipb-4">Tại sao bạn th&iacute;ch l&agrave;m việc nơi đ&acirc;y ?</h4>\r\n<div class="position-relative read-more-container" data-controller="read-more" data-read-more-target="container">\r\n<div data-read-more-target="content">\r\n<ul class="paragraph ipt-4 text-break">\r\n<li class="ipy-1 fw-700">Global Exposure</li>\r\n<li class="ipy-1 fw-700">Fast Track Career</li>\r\n<li class="ipy-1 fw-700">Diversified Jobs &amp; Technologies</li>\r\n</ul>\r\n<div data-read-more-target="content">\r\n<div class="paragraph text-break text-contain-hyperlink">Join FPT Software &ndash; You can make it too!<br><br>You can catch up with unlimited opportunities to work and live in different countries over the world, join world class software projects with trendiest technologies, innovative products &amp; services that bring great values to millions of people around the world, such as the world&rsquo;s largest airplane brand, biggest broadcast satellite services in the US, the leading manufacturer of postage meter and mailroom equipment in EU, etc.<br><br>You can choose your career path to become a technology expert or a professional manager which best fits your desire, qualifications and characteristics in an equal opportunity and open-minded culture workplace.<br><br>You can balance your working and spiritual life in the environment of youth, multinational culture and creativity, improve impressively vital soft skills including English, Japanese, French&hellip; and communication skills through daily direct communication with global customers and employees.<br><br>FPT Software is proud to accompany with thousands of individuals to continuously develop and explore their career path.<br><br>You can make it too!</div>\r\n</div>\r\n<div class="ipt-6" data-read-more-target="lessTextLink">&nbsp;</div>\r\n</div>\r\n</div>	IT Services and IT Consulting	t	1739073970665-fpt.webp	 FPT Software	Thêm lương OT	1000+ nhân viên	IT Service and IT Consulting	https://career.fpt-software.com/vi/
9	Nhật Bản	<h4 class="border-bottom-dashed ipb-4">Chuy&ecirc;n m&ocirc;n của ch&uacute;ng t&ocirc;i</h4>\r\n<div class="paragraph text-break">\r\n<div class="ipt-4">Small agile team with Ruby on Rails, Swift and Kotlin</div>\r\n</div>\r\n<div class="ipt-4 text-contain-hyperlink">\r\n<p>- Languages: Ruby on Rails, Golang, AI, JavaScript, Swift, Kotlin, Objective-C, Android Java<br>- Tools: G Suite, GitHub, Slack, ChatWork, Trello, CircleCI, Docker, New Relic, Datadog<br>- Platforms: Heroku, AWS, GCP<br>- Methods: Agile, Scrum<br>- Machines: Macbook Pro, Dell monitor</p>\r\n</div>\r\n<h4 class="border-bottom-dashed ipb-4">Tại sao bạn sẽ y&ecirc;u th&iacute;ch l&agrave;m việc tại đ&acirc;y?</h4>\r\n<div class="position-relative read-more-container show" data-controller="read-more" data-read-more-target="container">\r\n<div data-read-more-target="content">\r\n<ul class="paragraph ipt-4 text-break">\r\n<li class="ipy-1 fw-700">Hybrid working; Flexible time; Macbook Pro</li>\r\n<li class="ipy-1 fw-700">L&amp;D programs; 17 days off</li>\r\n<li class="ipy-1 fw-700">13.7 million B2C users; 140,000+ business customer</li>\r\n</ul>\r\n<div class="jd-photos ipt-2 ipb-6">\r\n<div class="slider-photos overflow-hidden">\r\n<div class="d-grid align-items-center igap-1 photo-grid" data-controller="jobs--jd-photos" data-jobs--jd-photos-show-headline-value="" data-jobs--jd-photos-url-value="/companies/money-forward-vietnam-co-ltd/jd_photos">\r\n<div class="col position-relative cursor-pointer"><picture data-action="click-&gt;jobs--jd-photos#open"> <source srcset="https://itviec.com/rails/active_storage/representations/proxy/eyJfcmFpbHMiOnsibWVzc2FnZSI6IkJBaHBBd1FmTEE9PSIsImV4cCI6bnVsbCwicHVyIjoiYmxvYl9pZCJ9fQ==--aa815dd8ab5d130b4d57b141bf85e94993f45efe/eyJfcmFpbHMiOnsibWVzc2FnZSI6IkJBaDdDRG9MWm05eWJXRjBPZ2wzWldKd09oTnlaWE5wZW1WZmRHOWZabWxzYkZzSGFRSVVBV2tCdURvSlkzSnZjRnNKYVFCcEFHa0NGQUZwQWJnPSIsImV4cCI6bnVsbCwicHVyIjoidmFyaWF0aW9uIn19--d8a3eb368df546d7b32fdaac0e2c713bdc764d66/It%20viec%20L&amp;D.jpg" media="(min-width:576px)" data-srcset="https://itviec.com/rails/active_storage/representations/proxy/eyJfcmFpbHMiOnsibWVzc2FnZSI6IkJBaHBBd1FmTEE9PSIsImV4cCI6bnVsbCwicHVyIjoiYmxvYl9pZCJ9fQ==--aa815dd8ab5d130b4d57b141bf85e94993f45efe/eyJfcmFpbHMiOnsibWVzc2FnZSI6IkJBaDdDRG9MWm05eWJXRjBPZ2wzWldKd09oTnlaWE5wZW1WZmRHOWZabWxzYkZzSGFRSVVBV2tCdURvSlkzSnZjRnNKYVFCcEFHa0NGQUZwQWJnPSIsImV4cCI6bnVsbCwicHVyIjoidmFyaWF0aW9uIn19--d8a3eb368df546d7b32fdaac0e2c713bdc764d66/It%20viec%20L&amp;D.jpg"> <source srcset="https://itviec.com/rails/active_storage/representations/proxy/eyJfcmFpbHMiOnsibWVzc2FnZSI6IkJBaHBBd1FmTEE9PSIsImV4cCI6bnVsbCwicHVyIjoiYmxvYl9pZCJ9fQ==--aa815dd8ab5d130b4d57b141bf85e94993f45efe/eyJfcmFpbHMiOnsibWVzc2FnZSI6IkJBaDdDRG9MWm05eWJXRjBPZ2wzWldKd09oTnlaWE5wZW1WZmRHOWZabWxzYkZzSGFRR0dhVjQ2Q1dOeWIzQmJDV2tBYVFCcEFZWnBYZz09IiwiZXhwIjpudWxsLCJwdXIiOiJ2YXJpYXRpb24ifX0=--d1779d22b72f6853b4577dd22c82404c6b0a3869/It%20viec%20L&amp;D.jpg" media="(max-width:575px)" data-srcset="https://itviec.com/rails/active_storage/representations/proxy/eyJfcmFpbHMiOnsibWVzc2FnZSI6IkJBaHBBd1FmTEE9PSIsImV4cCI6bnVsbCwicHVyIjoiYmxvYl9pZCJ9fQ==--aa815dd8ab5d130b4d57b141bf85e94993f45efe/eyJfcmFpbHMiOnsibWVzc2FnZSI6IkJBaDdDRG9MWm05eWJXRjBPZ2wzWldKd09oTnlaWE5wZW1WZmRHOWZabWxzYkZzSGFRR0dhVjQ2Q1dOeWIzQmJDV2tBYVFCcEFZWnBYZz09IiwiZXhwIjpudWxsLCJwdXIiOiJ2YXJpYXRpb24ifX0=--d1779d22b72f6853b4577dd22c82404c6b0a3869/It%20viec%20L&amp;D.jpg"> </picture><strong>Caring Mental &amp; Physical Recreation:&nbsp;</strong></div>\r\n</div>\r\n</div>\r\n</div>\r\n<div class="paragraph text-break text-contain-hyperlink">\r\n<ul>\r\n<li>Hybrid working</li>\r\n<li>Full salary in probation &amp; 13th month salary</li>\r\n<li>Social insurance on full salary from probation</li>\r\n<li>Premium Health insurance from probation</li>\r\n<li>Flexible start 8AM-9AM from Mon-Fri</li>\r\n<li>16 days off annually + 1 Birthday Leave&nbsp;</li>\r\n<li>Paternity leave extra 5 days&nbsp;</li>\r\n<li>Annual company trip; Quarterly team building activities</li>\r\n<li>Club activities</li>\r\n<li>Annual health check</li>\r\n</ul>\r\n<p><strong>Caring Career &amp; Development:&nbsp;</strong></p>\r\n<ul>\r\n<li>Clear Career path</li>\r\n<li>Foreign language &amp; International technology-related certifications sponsoring</li>\r\n<li>Well-equipped facility: Macbook pro,&nbsp; additional monitor,..</li>\r\n<li>Soft skill workshops</li>\r\n<li>Tech seminars</li>\r\n<li>Monthly and biannually Recognition Awards</li>\r\n<li>Performance review twice/year</li>\r\n</ul>\r\n</div>\r\n</div>\r\n</div>	Dịch Vụ Tài Chính	t	1740589032174-money-forward-vi-t-nam-logo.webp	MONEY FORWARD VN	Không OT	301-500 nhân viên	IT Product	https://careers.moneyforward.vn/
2	Vietnam	<h4 class="border-bottom-dashed ipb-4">Giới thiệu c&ocirc;ng ty</h4>\r\n<div class="paragraph ipt-4 text-break text-contain-hyperlink">Ng&acirc;n h&agrave;ng TMCP Qu&acirc;n Đội (MB)\r\n<p><strong>Về ch&uacute;ng t&ocirc;i</strong></p>\r\n<p>Với tầm nh&igrave;n "Trở th&agrave;nh Doanh nghiệp số, Tập đo&agrave;n t&agrave;i ch&iacute;nh dẫn đầu" c&ugrave;ng mục ti&ecirc;u "Top 3 thị trường về hiệu quả, hướng đến Top đầu ch&acirc;u &Aacute;&rdquo;,&nbsp;MB đ&atilde; v&agrave; đang tiếp tục x&acirc;y dựng, ph&aacute;t triển trong v&agrave; ngo&agrave;i nước, nhằm&nbsp;đ&aacute;p ứng y&ecirc;u cầu chuyển dịch số, mục ti&ecirc;u tăng trưởng kinh doanh v&agrave; n&acirc;ng cao năng lực cạnh tranh.&nbsp;</p>\r\n<p>Sở hữu đội ngũ hơn 10.000 nh&acirc;n sự, trong đ&oacute; c&oacute; hơn 1000 MBITers - chiếm 10% tổng nh&acirc;n sự to&agrave;n Ng&acirc;n h&agrave;ng - nằm trong top đầu c&aacute;c ng&acirc;n h&agrave;ng tại Việt Nam về tỉ lệ nh&acirc;n sự thuộc nh&oacute;m C&ocirc;ng nghệ v&agrave; Đổi mới, MB đang kh&ocirc;ng ngừng đầu tư mạnh mẽ cho hệ thống, con người v&agrave; kinh doanh nền tảng nhằm đem đến những trải nghiệm xuất sắc nhất cho kh&aacute;ch h&agrave;ng, x&acirc;y dựng m&ocirc;i trường l&agrave;m việc hạnh ph&uacute;c, bền vững cho người MB.</p>\r\n<p><strong>Tự h&agrave;o l&agrave; Ng&acirc;n h&agrave;ng Số số 01 Việt Nam, được phục vụ hơn 30 triệu kh&aacute;ch h&agrave;ng c&aacute; nh&acirc;n v&agrave; doanh nghiệp.</strong></p>\r\n<p>Việt Nam đang sở hữu 07 ứng dụng c&oacute; tr&ecirc;n 10 triệu người sử dụng (Theo số liệu của Bộ Th&ocirc;ng tin v&agrave; Truyền th&ocirc;ng năm 2023), MB l&agrave; Ng&acirc;n h&agrave;ng duy nhất nằm trong danh s&aacute;ch đầy tự h&agrave;o n&agrave;y. T&iacute;nh đến hết năm 2024, MB ch&iacute;nh thức chinh phục cột mốc 30 triệu kh&aacute;ch h&agrave;ng, tương đương 30% d&acirc;n số Việt Nam, v&agrave; đ&atilde; c&ugrave;ng người d&ugrave;ng thực hiện 6,5 tỷ giao dịch tr&ecirc;n k&ecirc;nh Số - giữ vững vị tr&iacute; Top 1 quy m&ocirc; NAPAS (C&ocirc;ng ty Cổ phần Thanh to&aacute;n Quốc gia Việt Nam). Trong đ&oacute;, ri&ecirc;ng ứng dụng App MBBank ghi nhận tần suất đỉnh chạm ngưỡng 20 triệu giao dịch/ng&agrave;y, c&ugrave;ng hệ thống ổn định, an to&agrave;n, bảo mật.</p>\r\n<p><strong>M&ocirc;i trường l&agrave;m việc bền vững, hạnh ph&uacute;c</strong></p>\r\n<p>Năm 2024 ghi dấu cột mốc MB30 về văn ho&aacute; v&agrave; con người với 02 giải thưởng danh gi&aacute;:&nbsp;<em>&nbsp;&ldquo;Sustainable Workplace Awards &ndash; Doanh nghiệp c&oacute; m&ocirc;i trường l&agrave;m việc bền vững&rdquo;&nbsp;</em>do HR Asia Awards (Tạp ch&iacute; nh&acirc;n sự uy t&iacute;n h&agrave;ng đầu Ch&acirc;u &Aacute;) v&agrave;<em>&nbsp;&ldquo;Happiness At Work &ndash; Doanh nghiệp c&oacute; Nguồn nh&acirc;n lực Hạnh ph&uacute;c&rdquo;</em> do Anphabe (Tổ chức tư vấn ti&ecirc;n phong về giải ph&aacute;p Thương hiệu Nh&agrave; tuyển dụng v&agrave; M&ocirc;i trường l&agrave;m việc) trao tặng.</p>\r\n<p>Đặc biệt, MB đ&atilde; ch&iacute;nh thức được vinh danh trong hạng mục &ldquo;Vietnam Best IT Companies 2025&rdquo; do ch&iacute;nh c&aacute;c ứng vi&ecirc;n của ITviec b&igrave;nh chọn. V&agrave; ch&uacute;ng t&ocirc;i vẫn đang li&ecirc;n tục t&igrave;m kiếm những nh&acirc;n tố xuất sắc, s&aacute;ng tạo, đồng thời cam kết mang đến những gi&aacute; trị, trải nghiệm tốt nhất cho nh&acirc;n vi&ecirc;n khi gia nhập tổ chức của m&igrave;nh.</p>\r\n<h4 class="border-bottom-dashed ipb-4">Chuy&ecirc;n m&ocirc;n của ch&uacute;ng t&ocirc;i</h4>\r\n<p><strong>Mobile</strong>&nbsp;:&nbsp;React Native (Javascript), Flutter (Dart), Mini App&nbsp;<br><br><strong>Web:&nbsp;</strong>AngularJs, ReactJs, Micro FrontEnd, HTML/Javascript/CSS&nbsp;<br><br><strong>Back-end:&nbsp;</strong>SpringBoot (Java), Golang, Hasura, GraphQL, MongoDB, Oracle, Microservice&nbsp;<br><br><strong>System &amp; Cloud</strong>: AWS, Google Cloud, Viettel Cloud, Kubernetes, Microsoft Azure, Multi DC</p>\r\n<h4 class="border-bottom-dashed ipb-4">Tại sao bạn sẽ y&ecirc;u th&iacute;ch l&agrave;m việc tại đ&acirc;y?</h4>\r\n<div class="position-relative read-more-container show" data-controller="read-more" data-read-more-target="container">\r\n<div data-read-more-target="content">\r\n<ul class="paragraph ipt-4 text-break">\r\n<li class="ipy-1 fw-700">Mức lương cạnh tranh, hấp dẫn</li>\r\n<li class="ipy-1 fw-700">M&ocirc;i trường l&agrave;m việc chuy&ecirc;n nghiệp, th&acirc;n thiện</li>\r\n<li class="ipy-1 fw-700">Được l&agrave;m việc với c&aacute;c hệ thống hiện đại, ti&ecirc;n tiến</li>\r\n</ul>\r\n<p><strong>Trải nghiệm Thu nhập hấp dẫn với g&oacute;i đ&atilde;i ngộ to&agrave;n diện:</strong>&nbsp;</p>\r\n<ul>\r\n<li>Thưởng&nbsp;th&agrave;nh t&iacute;ch th&aacute;ng 13; Thưởng th&agrave;nh t&iacute;ch theo kết quả c&ocirc;ng việc 06 th&aacute;ng, 1 năm ; Thưởng c&aacute;c&nbsp;dịp lễ tết trong năm ; Thưởng theo danh hiệu c&aacute; nh&acirc;n v&agrave; tập thể&hellip;&nbsp;</li>\r\n<li>Du lịch nghỉ dưỡng h&agrave;ng năm</li>\r\n<li>Kh&aacute;m sức khỏe định k&igrave;</li>\r\n<li>G&oacute;i bảo hiểm sức khỏe c&aacute; nh&acirc;n v&agrave; người th&acirc;n (MIC)</li>\r\n<li>Qu&agrave; tặng v&agrave; ng&agrave;y nghỉ sinh nhật hưởng nguy&ecirc;n lương&nbsp;</li>\r\n</ul>\r\n<p><strong>Cơ hội nghề nghiệp v&agrave; ph&aacute;t triển bản th&acirc;n:</strong>&nbsp;</p>\r\n<ul>\r\n<li>Được thử sức với c&aacute;c nền tảng c&ocirc;ng nghệ mới, tham gia v&agrave;o những dự &aacute;n chuyển đổi lớn của ng&acirc;n h&agrave;ng&nbsp;</li>\r\n<li>C&oacute; cơ hội học hỏi từ c&aacute;c Chuy&ecirc;n gia, L&atilde;nh đạo nội bộ h&agrave;ng đầu tại MB trong lĩnh vực IT, T&agrave;i ch&iacute;nh ng&acirc;n h&agrave;ng&nbsp;</li>\r\n<li>Được trải nghiệm c&aacute;c&nbsp;phương ph&aacute;p học tập&nbsp;mới v&agrave;&nbsp;ph&aacute;t triển năng lực theo lộ tr&igrave;nh c&ocirc;ng danh.&nbsp;</li>\r\n<li>Hưởng c&aacute;c ch&iacute;nh s&aacute;ch hỗ trợ, khuyến kh&iacute;ch học tập, n&acirc;ng cao tr&igrave;nh độ v&agrave; ph&aacute;t triển bản th&acirc;n (chứng chỉ nghề quốc tế...)&nbsp;</li>\r\n</ul>\r\n<p><strong>M&ocirc;i trường l&agrave;m việc l&yacute; tưởng với:</strong>&nbsp;</p>\r\n<ul>\r\n<li>Những người cộng sự th&acirc;n thiện v&agrave; t&agrave;i năng&nbsp;</li>\r\n<li>Cơ sở vật chất, kh&ocirc;ng gian l&agrave;m việc xanh v&agrave; hiện đại.<br>&nbsp;</li>\r\n</ul>\r\n</div>\r\n</div>\r\n</div>	Banking	t	1739333430312-mb.webp	MB Bank	Không OT	1000+ nhân viên	IT Product	https://www.mbbank.com.vn/
11	Vietnam	\N	MEDIA	t	\N	NETFLIX	\N	\N	IT Outsourcing	netflix.com
\.


--
-- Data for Name: company_images; Type: TABLE DATA; Schema: public; Owner: postgres
--

COPY public.company_images (id, description, image, company_id) FROM stdin;
1		1739074512444-fpt1.webp	1
2		1739074517979-fpt2.webp	1
3		1739074522624-fpt3.webp	1
4		1739074527214-fpt4.webp	1
5	HRS Office	1740235507948-HRS.webp	3
6	Company Trip 2022	1740235536517-ART02786.webp	3
7	Company Trip 2022	1740235553118-ART01646-min.webp	3
8	Business Trip at Germany 2019	1740235571003-ITELYA.webp	3
9	Kick-off 2023	1740235597242-73a9b5ea-cebd-4239-bbe2-92857621166f.webp	3
10		1740237855468-1.webp	7
11		1740237860059-2.webp	7
12		1740237863917-3.webp	7
13		1740237868617-4.webp	7
\.


--
-- Data for Name: company_like; Type: TABLE DATA; Schema: public; Owner: postgres
--

COPY public.company_like (user_id, company_id) FROM stdin;
15	1
15	2
15	3
15	7
\.


--
-- Data for Name: company_skill; Type: TABLE DATA; Schema: public; Owner: postgres
--

COPY public.company_skill (company_id, skill_id) FROM stdin;
3	1
3	6
3	7
3	30
3	32
3	33
9	43
9	4
9	6
9	28
9	41
9	42
1	1
1	3
1	4
1	5
1	6
1	7
4	36
4	5
4	15
4	3
4	14
6	10
6	37
6	38
6	39
6	1
6	2
7	45
7	1
7	10
7	33
7	35
7	32
8	6
8	40
8	5
8	46
8	1
8	11
5	10
5	26
5	12
5	35
5	44
5	1
2	10
2	19
2	21
2	1
2	2
2	20
\.


--
-- Data for Name: districts; Type: TABLE DATA; Schema: public; Owner: postgres
--

COPY public.districts (code, name, province_code) FROM stdin;
1	Quận Ba Đình	1
2	Quận Hoàn Kiếm	1
3	Quận Tây Hồ	1
4	Quận Long Biên	1
5	Quận Cầu Giấy	1
6	Quận Đống Đa	1
7	Quận Hai Bà Trưng	1
8	Quận Hoàng Mai	1
9	Quận Thanh Xuân	1
10	Huyện Sóc Sơn	1
11	Huyện Đông Anh	1
12	Huyện Gia Lâm	1
13	Quận Nam Từ Liêm	1
14	Huyện Thanh Trì	1
15	Quận Bắc Từ Liêm	1
16	Huyện Mê Linh	1
17	Quận Hà Đông	1
18	Thị xã Sơn Tây	1
19	Huyện Ba Vì	1
20	Huyện Phúc Thọ	1
21	Huyện Đan Phượng	1
22	Huyện Hoài Đức	1
23	Huyện Quốc Oai	1
25	Huyện Chương Mỹ	1
24	Thành phố Hà Giang	2
26	Huyện Đồng Văn	2
27	Huyện Mèo Vạc	2
28	Huyện Yên Minh	2
29	Huyện Quản Bạ	2
30	Huyện Vị Xuyên	2
31	Huyện Bắc Mê	2
32	Huyện Hoàng Su Phì	2
33	Huyện Xín Mần	2
34	Huyện Bắc Quang	2
35	Huyện Quang Bình	2
36	Thành phố Cao Bằng	3
37	Huyện Bảo Lâm	3
38	Huyện Bảo Lạc	3
39	Huyện Hà Quảng	3
40	Huyện Trùng Khánh	3
41	Huyện Hạ Lang	3
42	Huyện Quảng Hòa	3
43	Huyện Hoà An	3
44	Huyện Nguyên Bình	3
45	Huyện Thạch An	3
46	Thành Phố Bắc Kạn	4
47	Huyện Pác Nặm	4
48	Huyện Ba Bể	4
49	Huyện Ngân Sơn	4
50	Huyện Bạch Thông	4
51	Huyện Chợ Đồn	4
52	Huyện Chợ Mới	4
53	Huyện Na Rì	4
54	Thành phố Tuyên Quang	5
55	Huyện Lâm Bình	5
56	Huyện Na Hang	5
57	Huyện Chiêm Hóa	5
58	Huyện Hàm Yên	5
59	Huyện Yên Sơn	5
60	Huyện Sơn Dương	5
61	Thành phố Lào Cai	6
62	Huyện Bát Xát	6
63	Huyện Mường Khương	6
64	Huyện Si Ma Cai	6
65	Huyện Bắc Hà	6
66	Huyện Bảo Thắng	6
67	Huyện Bảo Yên	6
68	Thị xã Sa Pa	6
69	Huyện Văn Bàn	6
70	Thành phố Điện Biên Phủ	7
71	Thị xã Mường Lay	7
72	Huyện Mường Nhé	7
73	Huyện Mường Chà	7
74	Huyện Tủa Chùa	7
75	Huyện Tuần Giáo	7
76	Huyện Điện Biên	7
77	Huyện Điện Biên Đông	7
78	Huyện Mường Ảng	7
79	Huyện Nậm Pồ	7
80	Thành phố Lai Châu	8
81	Huyện Tam Đường	8
82	Huyện Mường Tè	8
83	Huyện Sìn Hồ	8
84	Huyện Phong Thổ	8
85	Huyện Than Uyên	8
86	Huyện Tân Uyên	8
87	Huyện Nậm Nhùn	8
88	Thành phố Sơn La	9
89	Huyện Quỳnh Nhai	9
90	Huyện Thuận Châu	9
91	Huyện Mường La	9
92	Huyện Bắc Yên	9
93	Huyện Phù Yên	9
94	Huyện Mộc Châu	9
95	Huyện Yên Châu	9
96	Huyện Mai Sơn	9
97	Huyện Sông Mã	9
98	Huyện Sốp Cộp	9
99	Huyện Vân Hồ	9
100	Thành phố Yên Bái	10
101	Thị xã Nghĩa Lộ	10
102	Huyện Lục Yên	10
103	Huyện Văn Yên	10
104	Huyện Mù Căng Chải	10
105	Huyện Trấn Yên	10
106	Huyện Trạm Tấu	10
107	Huyện Văn Chấn	10
108	Huyện Yên Bình	10
109	Thành phố Hòa Bình	11
110	Huyện Đà Bắc	11
111	Huyện Lương Sơn	11
112	Huyện Kim Bôi	11
113	Huyện Cao Phong	11
114	Huyện Tân Lạc	11
115	Huyện Mai Châu	11
116	Huyện Lạc Sơn	11
117	Huyện Yên Thủy	11
118	Huyện Lạc Thủy	11
119	Thành phố Thái Nguyên	12
120	Thành phố Sông Công	12
121	Huyện Định Hóa	12
122	Huyện Phú Lương	12
123	Huyện Đồng Hỷ	12
124	Huyện Võ Nhai	12
125	Huyện Đại Từ	12
126	Thành phố Phổ Yên	12
127	Huyện Phú Bình	12
128	Thành phố Lạng Sơn	13
129	Huyện Tràng Định	13
130	Huyện Bình Gia	13
131	Huyện Văn Lãng	13
132	Huyện Cao Lộc	13
133	Huyện Văn Quan	13
134	Huyện Bắc Sơn	13
135	Huyện Hữu Lũng	13
136	Huyện Chi Lăng	13
137	Huyện Lộc Bình	13
138	Huyện Đình Lập	13
139	Thành phố Hạ Long	14
140	Thành phố Móng Cái	14
141	Thành phố Cẩm Phả	14
142	Thành phố Uông Bí	14
143	Huyện Bình Liêu	14
144	Huyện Tiên Yên	14
145	Huyện Đầm Hà	14
146	Huyện Hải Hà	14
147	Huyện Ba Chẽ	14
148	Huyện Vân Đồn	14
149	Thành phố Đông Triều	14
150	Thị xã Quảng Yên	14
151	Huyện Cô Tô	14
152	Thành phố Bắc Giang	15
153	Huyện Yên Thế	15
154	Huyện Tân Yên	15
155	Huyện Lạng Giang	15
156	Huyện Lục Nam	15
157	Huyện Lục Ngạn	15
158	Huyện Sơn Động	15
159	Thị xã Việt Yên	15
160	Huyện Hiệp Hòa	15
161	Thị xã Chũ	15
162	Thành phố Việt Trì	16
163	Thị xã Phú Thọ	16
164	Huyện Đoan Hùng	16
165	Huyện Hạ Hoà	16
166	Huyện Thanh Ba	16
167	Huyện Phù Ninh	16
168	Huyện Yên Lập	16
169	Huyện Cẩm Khê	16
170	Huyện Tam Nông	16
171	Huyện Lâm Thao	16
172	Huyện Thanh Sơn	16
173	Huyện Thanh Thuỷ	16
174	Huyện Tân Sơn	16
175	Thành phố Vĩnh Yên	17
176	Thành phố Phúc Yên	17
177	Huyện Lập Thạch	17
178	Huyện Tam Dương	17
179	Huyện Tam Đảo	17
180	Huyện Bình Xuyên	17
181	Huyện Yên Lạc	17
182	Huyện Vĩnh Tường	17
183	Huyện Sông Lô	17
184	Thành phố Bắc Ninh	18
185	Huyện Yên Phong	18
186	Thị xã Quế Võ	18
187	Huyện Tiên Du	18
188	Thành phố Từ Sơn	18
189	Thị xã Thuận Thành	18
190	Huyện Gia Bình	18
191	Huyện Lương Tài	18
192	Thành phố Hải Dương	19
193	Thành phố Chí Linh	19
194	Huyện Nam Sách	19
195	Thị xã Kinh Môn	19
196	Huyện Kim Thành	19
197	Huyện Thanh Hà	19
198	Huyện Cẩm Giàng	19
199	Huyện Bình Giang	19
200	Huyện Gia Lộc	19
201	Huyện Tứ Kỳ	19
202	Huyện Ninh Giang	19
203	Huyện Thanh Miện	19
204	Quận Hồng Bàng	20
205	Quận Ngô Quyền	20
206	Quận Lê Chân	20
207	Quận Hải An	20
208	Quận Kiến An	20
209	Quận Đồ Sơn	20
210	Quận Dương Kinh	20
211	Thành phố Thuỷ Nguyên	20
212	Quận An Dương	20
213	Huyện An Lão	20
214	Huyện Kiến Thuỵ	20
215	Huyện Tiên Lãng	20
216	Huyện Vĩnh Bảo	20
217	Huyện Cát Hải	20
218	Huyện Bạch Long Vĩ	20
219	Thành phố Hưng Yên	21
220	Huyện Văn Lâm	21
221	Huyện Văn Giang	21
222	Huyện Yên Mỹ	21
223	Thị xã Mỹ Hào	21
224	Huyện Ân Thi	21
225	Huyện Khoái Châu	21
226	Huyện Kim Động	21
227	Huyện Tiên Lữ	21
228	Huyện Phù Cừ	21
229	Thành phố Thái Bình	22
230	Huyện Quỳnh Phụ	22
231	Huyện Hưng Hà	22
232	Huyện Đông Hưng	22
233	Huyện Thái Thụy	22
234	Huyện Tiền Hải	22
235	Huyện Kiến Xương	22
236	Huyện Vũ Thư	22
237	Thành phố Phủ Lý	23
238	Thị xã Duy Tiên	23
239	Thị xã Kim Bảng	23
240	Huyện Thanh Liêm	23
241	Huyện Bình Lục	23
242	Huyện Lý Nhân	23
243	Thành phố Nam Định	24
244	Huyện Vụ Bản	24
245	Huyện Ý Yên	24
246	Huyện Nghĩa Hưng	24
247	Huyện Nam Trực	24
248	Huyện Trực Ninh	24
249	Huyện Xuân Trường	24
250	Huyện Giao Thủy	24
251	Huyện Hải Hậu	24
252	Thành phố Tam Điệp	25
253	Huyện Nho Quan	25
254	Huyện Gia Viễn	25
255	Thành phố Hoa Lư	25
256	Huyện Yên Khánh	25
257	Huyện Kim Sơn	25
258	Huyện Yên Mô	25
259	Thành phố Thanh Hóa	26
260	Thị xã Bỉm Sơn	26
261	Thành phố Sầm Sơn	26
262	Huyện Mường Lát	26
263	Huyện Quan Hóa	26
264	Huyện Bá Thước	26
265	Huyện Quan Sơn	26
266	Huyện Lang Chánh	26
267	Huyện Ngọc Lặc	26
268	Huyện Cẩm Thủy	26
269	Huyện Thạch Thành	26
270	Huyện Hà Trung	26
271	Huyện Vĩnh Lộc	26
272	Huyện Yên Định	26
273	Huyện Thọ Xuân	26
274	Huyện Thường Xuân	26
275	Huyện Triệu Sơn	26
276	Huyện Thiệu Hóa	26
277	Huyện Hoằng Hóa	26
278	Huyện Hậu Lộc	26
279	Huyện Nga Sơn	26
280	Huyện Như Xuân	26
281	Huyện Như Thanh	26
282	Huyện Nông Cống	26
283	Huyện Quảng Xương	26
284	Thị xã Nghi Sơn	26
285	Thành phố Vinh	27
286	Thị xã Thái Hoà	27
287	Huyện Quế Phong	27
288	Huyện Quỳ Châu	27
289	Huyện Kỳ Sơn	27
290	Huyện Tương Dương	27
291	Huyện Nghĩa Đàn	27
292	Huyện Quỳ Hợp	27
293	Huyện Quỳnh Lưu	27
294	Huyện Con Cuông	27
295	Huyện Tân Kỳ	27
296	Huyện Anh Sơn	27
297	Huyện Diễn Châu	27
298	Huyện Yên Thành	27
299	Huyện Đô Lương	27
300	Huyện Thanh Chương	27
301	Huyện Nghi Lộc	27
302	Huyện Nam Đàn	27
303	Huyện Hưng Nguyên	27
304	Thị xã Hoàng Mai	27
305	Thành phố Hà Tĩnh	28
306	Thị xã Hồng Lĩnh	28
307	Huyện Hương Sơn	28
308	Huyện Đức Thọ	28
309	Huyện Vũ Quang	28
310	Huyện Nghi Xuân	28
311	Huyện Can Lộc	28
312	Huyện Hương Khê	28
313	Huyện Thạch Hà	28
314	Huyện Cẩm Xuyên	28
315	Huyện Kỳ Anh	28
316	Thị xã Kỳ Anh	28
317	Thành Phố Đồng Hới	29
318	Huyện Minh Hóa	29
319	Huyện Tuyên Hóa	29
320	Huyện Quảng Trạch	29
321	Huyện Bố Trạch	29
322	Huyện Quảng Ninh	29
323	Huyện Lệ Thủy	29
324	Thị xã Ba Đồn	29
325	Thành phố Đông Hà	30
326	Thị xã Quảng Trị	30
327	Huyện Vĩnh Linh	30
328	Huyện Hướng Hóa	30
329	Huyện Gio Linh	30
330	Huyện Đa Krông	30
331	Huyện Cam Lộ	30
332	Huyện Triệu Phong	30
333	Huyện Hải Lăng	30
334	Huyện Cồn Cỏ	30
335	Quận Thuận Hóa	31
336	Quận Phú Xuân	31
337	Thị xã Phong Điền	31
338	Huyện Quảng Điền	31
339	Huyện Phú Vang	31
340	Thị xã Hương Thủy	31
341	Thị xã Hương Trà	31
342	Huyện A Lưới	31
343	Huyện Phú Lộc	31
344	Quận Liên Chiểu	32
345	Quận Thanh Khê	32
346	Quận Hải Châu	32
347	Quận Sơn Trà	32
348	Quận Ngũ Hành Sơn	32
349	Quận Cẩm Lệ	32
350	Huyện Hòa Vang	32
351	Huyện Hoàng Sa	32
352	Thành phố Tam Kỳ	33
353	Thành phố Hội An	33
354	Huyện Tây Giang	33
355	Huyện Đông Giang	33
356	Huyện Đại Lộc	33
357	Thị xã Điện Bàn	33
358	Huyện Duy Xuyên	33
359	Huyện Quế Sơn	33
360	Huyện Nam Giang	33
361	Huyện Phước Sơn	33
362	Huyện Hiệp Đức	33
363	Huyện Thăng Bình	33
364	Huyện Tiên Phước	33
365	Huyện Bắc Trà My	33
366	Huyện Nam Trà My	33
367	Huyện Núi Thành	33
368	Huyện Phú Ninh	33
369	Thành phố Quảng Ngãi	34
370	Huyện Bình Sơn	34
371	Huyện Trà Bồng	34
372	Huyện Sơn Tịnh	34
373	Huyện Tư Nghĩa	34
374	Huyện Sơn Hà	34
375	Huyện Sơn Tây	34
376	Huyện Minh Long	34
377	Huyện Nghĩa Hành	34
378	Huyện Mộ Đức	34
379	Thị xã Đức Phổ	34
380	Huyện Ba Tơ	34
381	Huyện Lý Sơn	34
382	Thành phố Quy Nhơn	35
383	Huyện An Lão	35
384	Thị xã Hoài Nhơn	35
385	Huyện Hoài Ân	35
386	Huyện Phù Mỹ	35
387	Huyện Vĩnh Thạnh	35
388	Huyện Tây Sơn	35
389	Huyện Phù Cát	35
390	Thị xã An Nhơn	35
391	Huyện Tuy Phước	35
392	Huyện Vân Canh	35
393	Thành phố Tuy Hoà	36
394	Thị xã Sông Cầu	36
395	Huyện Đồng Xuân	36
396	Huyện Tuy An	36
397	Huyện Sơn Hòa	36
398	Huyện Sông Hinh	36
399	Huyện Tây Hoà	36
400	Huyện Phú Hoà	36
401	Thị xã Đông Hòa	36
402	Thành phố Nha Trang	37
403	Thành phố Cam Ranh	37
404	Huyện Cam Lâm	37
405	Huyện Vạn Ninh	37
406	Thị xã Ninh Hòa	37
407	Huyện Khánh Vĩnh	37
408	Huyện Diên Khánh	37
409	Huyện Khánh Sơn	37
410	Huyện Trường Sa	37
411	Thành phố Phan Rang-Tháp Chàm	38
412	Huyện Bác Ái	38
413	Huyện Ninh Sơn	38
414	Huyện Ninh Hải	38
415	Huyện Ninh Phước	38
416	Huyện Thuận Bắc	38
417	Huyện Thuận Nam	38
418	Thành phố Phan Thiết	39
419	Thị xã La Gi	39
420	Huyện Tuy Phong	39
421	Huyện Bắc Bình	39
422	Huyện Hàm Thuận Bắc	39
423	Huyện Hàm Thuận Nam	39
424	Huyện Tánh Linh	39
425	Huyện Đức Linh	39
426	Huyện Hàm Tân	39
427	Huyện Phú Quí	39
428	Thành phố Kon Tum	40
429	Huyện Đắk Glei	40
430	Huyện Ngọc Hồi	40
431	Huyện Đắk Tô	40
432	Huyện Kon Plông	40
433	Huyện Kon Rẫy	40
434	Huyện Đắk Hà	40
435	Huyện Sa Thầy	40
436	Huyện Tu Mơ Rông	40
437	Huyện Ia H' Drai	40
438	Thành phố Pleiku	41
439	Thị xã An Khê	41
440	Thị xã Ayun Pa	41
441	Huyện KBang	41
442	Huyện Đăk Đoa	41
443	Huyện Chư Păh	41
444	Huyện Ia Grai	41
445	Huyện Mang Yang	41
446	Huyện Kông Chro	41
447	Huyện Đức Cơ	41
448	Huyện Chư Prông	41
449	Huyện Chư Sê	41
450	Huyện Đăk Pơ	41
451	Huyện Ia Pa	41
452	Huyện Krông Pa	41
453	Huyện Phú Thiện	41
454	Huyện Chư Pưh	41
455	Thành phố Buôn Ma Thuột	42
456	Thị xã Buôn Hồ	42
457	Huyện Ea H'leo	42
458	Huyện Ea Súp	42
459	Huyện Buôn Đôn	42
460	Huyện Cư M'gar	42
461	Huyện Krông Búk	42
462	Huyện Krông Năng	42
463	Huyện Ea Kar	42
464	Huyện M'Đrắk	42
465	Huyện Krông Bông	42
466	Huyện Krông Pắc	42
467	Huyện Krông A Na	42
468	Huyện Lắk	42
469	Huyện Cư Kuin	42
470	Thành phố Gia Nghĩa	43
471	Huyện Đăk Glong	43
472	Huyện Cư Jút	43
473	Huyện Đắk Mil	43
474	Huyện Krông Nô	43
475	Huyện Đắk Song	43
476	Huyện Đắk R'Lấp	43
477	Huyện Tuy Đức	43
478	Thành phố Đà Lạt	44
479	Thành phố Bảo Lộc	44
480	Huyện Đam Rông	44
481	Huyện Lạc Dương	44
482	Huyện Lâm Hà	44
483	Huyện Đơn Dương	44
484	Huyện Đức Trọng	44
485	Huyện Di Linh	44
486	Huyện Bảo Lâm	44
487	Huyện Đạ Huoai	44
488	Thị xã Phước Long	45
489	Thành phố Đồng Xoài	45
490	Thị xã Bình Long	45
491	Huyện Bù Gia Mập	45
492	Huyện Lộc Ninh	45
493	Huyện Bù Đốp	45
494	Huyện Hớn Quản	45
495	Huyện Đồng Phú	45
496	Huyện Bù Đăng	45
497	Thị xã Chơn Thành	45
498	Huyện Phú Riềng	45
499	Thành phố Tây Ninh	46
500	Huyện Tân Biên	46
501	Huyện Tân Châu	46
502	Huyện Dương Minh Châu	46
503	Huyện Châu Thành	46
504	Thị xã Hòa Thành	46
505	Huyện Gò Dầu	46
506	Huyện Bến Cầu	46
507	Thị xã Trảng Bàng	46
508	Thành phố Thủ Dầu Một	47
509	Huyện Bàu Bàng	47
510	Huyện Dầu Tiếng	47
511	Thành phố Bến Cát	47
512	Huyện Phú Giáo	47
513	Thành phố Tân Uyên	47
514	Thành phố Dĩ An	47
515	Thành phố Thuận An	47
516	Huyện Bắc Tân Uyên	47
517	Thành phố Biên Hòa	48
518	Thành phố Long Khánh	48
519	Huyện Tân Phú	48
520	Huyện Vĩnh Cửu	48
521	Huyện Định Quán	48
522	Huyện Trảng Bom	48
523	Huyện Thống Nhất	48
524	Huyện Cẩm Mỹ	48
525	Huyện Long Thành	48
526	Huyện Xuân Lộc	48
527	Huyện Nhơn Trạch	48
528	Thành phố Vũng Tàu	49
529	Thành phố Bà Rịa	49
530	Huyện Châu Đức	49
531	Huyện Xuyên Mộc	49
532	Huyện Long Đất	49
533	Thị xã Phú Mỹ	49
534	Huyện Côn Đảo	49
535	Quận 1	50
536	Quận 12	50
537	Quận Gò Vấp	50
538	Quận Bình Thạnh	50
539	Quận Tân Bình	50
540	Quận Tân Phú	50
541	Quận Phú Nhuận	50
542	Thành phố Thủ Đức	50
543	Quận 3	50
544	Quận 10	50
545	Quận 11	50
546	Quận 4	50
547	Quận 5	50
548	Quận 6	50
549	Quận 8	50
550	Quận Bình Tân	50
551	Quận 7	50
552	Huyện Củ Chi	50
553	Huyện Hóc Môn	50
554	Huyện Bình Chánh	50
555	Huyện Nhà Bè	50
556	Huyện Cần Giờ	50
557	Thành phố Tân An	51
558	Thị xã Kiến Tường	51
559	Huyện Tân Hưng	51
560	Huyện Vĩnh Hưng	51
561	Huyện Mộc Hóa	51
562	Huyện Tân Thạnh	51
563	Huyện Thạnh Hóa	51
564	Huyện Đức Huệ	51
565	Huyện Đức Hòa	51
566	Huyện Bến Lức	51
567	Huyện Thủ Thừa	51
568	Huyện Tân Trụ	51
569	Huyện Cần Đước	51
570	Huyện Cần Giuộc	51
571	Huyện Châu Thành	51
572	Thành phố Mỹ Tho	52
573	Thành phố Gò Công	52
574	Thị xã Cai Lậy	52
575	Huyện Tân Phước	52
576	Huyện Cái Bè	52
577	Huyện Cai Lậy	52
578	Huyện Châu Thành	52
579	Huyện Chợ Gạo	52
580	Huyện Gò Công Tây	52
581	Huyện Gò Công Đông	52
582	Huyện Tân Phú Đông	52
583	Thành phố Bến Tre	53
584	Huyện Châu Thành	53
585	Huyện Chợ Lách	53
586	Huyện Mỏ Cày Nam	53
587	Huyện Giồng Trôm	53
588	Huyện Bình Đại	53
589	Huyện Ba Tri	53
590	Huyện Thạnh Phú	53
591	Huyện Mỏ Cày Bắc	53
592	Thành phố Trà Vinh	54
593	Huyện Càng Long	54
594	Huyện Cầu Kè	54
595	Huyện Tiểu Cần	54
596	Huyện Châu Thành	54
597	Huyện Cầu Ngang	54
598	Huyện Trà Cú	54
599	Huyện Duyên Hải	54
600	Thị xã Duyên Hải	54
601	Thành phố Vĩnh Long	55
602	Huyện Long Hồ	55
603	Huyện Mang Thít	55
604	Huyện Vũng Liêm	55
605	Huyện Tam Bình	55
606	Thị xã Bình Minh	55
607	Huyện Trà Ôn	55
608	Huyện Bình Tân	55
609	Thành phố Cao Lãnh	56
610	Thành phố Sa Đéc	56
611	Thành phố Hồng Ngự	56
612	Huyện Tân Hồng	56
613	Huyện Hồng Ngự	56
614	Huyện Tam Nông	56
615	Huyện Tháp Mười	56
616	Huyện Cao Lãnh	56
617	Huyện Thanh Bình	56
618	Huyện Lấp Vò	56
619	Huyện Lai Vung	56
620	Huyện Châu Thành	56
621	Thành phố Long Xuyên	57
622	Thành phố Châu Đốc	57
623	Huyện An Phú	57
624	Thị xã Tân Châu	57
625	Huyện Phú Tân	57
626	Huyện Châu Phú	57
627	Thị xã Tịnh Biên	57
628	Huyện Tri Tôn	57
629	Huyện Châu Thành	57
630	Huyện Chợ Mới	57
631	Huyện Thoại Sơn	57
632	Thành phố Rạch Giá	58
633	Thành phố Hà Tiên	58
634	Huyện Kiên Lương	58
635	Huyện Hòn Đất	58
636	Huyện Tân Hiệp	58
637	Huyện Châu Thành	58
638	Huyện Giồng Riềng	58
639	Huyện Gò Quao	58
640	Huyện An Biên	58
641	Huyện An Minh	58
642	Huyện Vĩnh Thuận	58
643	Thành phố Phú Quốc	58
644	Huyện Kiên Hải	58
645	Huyện U Minh Thượng	58
646	Huyện Giang Thành	58
647	Quận Ninh Kiều	59
648	Quận Ô Môn	59
649	Quận Bình Thuỷ	59
650	Quận Cái Răng	59
651	Quận Thốt Nốt	59
652	Huyện Vĩnh Thạnh	59
653	Huyện Cờ Đỏ	59
654	Huyện Phong Điền	59
655	Huyện Thới Lai	59
656	Thành phố Vị Thanh	60
657	Thành phố Ngã Bảy	60
658	Huyện Châu Thành A	60
659	Huyện Châu Thành	60
660	Huyện Phụng Hiệp	60
661	Huyện Vị Thuỷ	60
662	Huyện Long Mỹ	60
663	Thị xã Long Mỹ	60
664	Thành phố Sóc Trăng	61
665	Huyện Châu Thành	61
666	Huyện Kế Sách	61
667	Huyện Mỹ Tú	61
668	Huyện Cù Lao Dung	61
669	Huyện Long Phú	61
670	Huyện Mỹ Xuyên	61
671	Thị xã Ngã Năm	61
672	Huyện Thạnh Trị	61
673	Thị xã Vĩnh Châu	61
674	Huyện Trần Đề	61
675	Thành phố Bạc Liêu	62
676	Huyện Hồng Dân	62
677	Huyện Phước Long	62
678	Huyện Vĩnh Lợi	62
679	Thị xã Giá Rai	62
680	Huyện Đông Hải	62
681	Huyện Hoà Bình	62
682	Thành phố Cà Mau	63
683	Huyện U Minh	63
684	Huyện Thới Bình	63
685	Huyện Trần Văn Thời	63
686	Huyện Cái Nước	63
687	Huyện Đầm Dơi	63
688	Huyện Năm Căn	63
689	Huyện Phú Tân	63
690	Huyện Ngọc Hiển	63
\.


--
-- Data for Name: feedback; Type: TABLE DATA; Schema: public; Owner: postgres
--

COPY public.feedback (id, description, rating, user_id, is_checked) FROM stdin;
1	nice	Bình thường	15	t
3	okokokokol	Tuyệt vời	8	t
2	okok	Tuyệt vời	8	t
\.


--
-- Data for Name: feedback_topic; Type: TABLE DATA; Schema: public; Owner: postgres
--

COPY public.feedback_topic (feedback_id, feedback_topic_id) FROM stdin;
1	1
1	2
2	1
2	2
2	3
2	4
3	1
3	2
3	3
3	4
3	5
\.


--
-- Data for Name: job_branch; Type: TABLE DATA; Schema: public; Owner: postgres
--

COPY public.job_branch (job_id, branch_id) FROM stdin;
13	4
14	4
16	4
17	4
18	4
15	4
19	5
19	6
20	5
21	5
21	6
22	5
22	6
23	5
23	6
24	5
24	6
25	6
26	6
26	5
28	5
28	6
27	6
7	15
8	15
9	15
11	15
12	15
5	15
6	15
10	15
31	15
32	15
33	15
34	16
36	9
4	3
1	17
3	9
3	3
3	7
\.


--
-- Data for Name: job_level; Type: TABLE DATA; Schema: public; Owner: postgres
--

COPY public.job_level (job_id, level_id) FROM stdin;
5	3
5	5
5	4
6	2
6	5
6	3
6	4
7	2
7	3
7	5
7	4
8	5
9	5
9	4
10	5
10	4
11	5
12	4
12	3
31	3
31	4
31	5
32	2
32	3
32	4
32	5
33	2
33	3
33	4
34	3
34	4
34	5
4	5
4	4
2	5
2	4
2	3
1	4
1	6
1	5
3	4
3	3
3	5
13	5
14	4
14	5
16	6
17	4
17	5
18	4
18	5
15	5
19	5
20	2
20	3
21	3
21	4
21	5
22	5
23	5
24	4
24	5
24	6
25	5
26	5
28	4
28	5
27	5
\.


--
-- Data for Name: job_like; Type: TABLE DATA; Schema: public; Owner: postgres
--

COPY public.job_like (user_id, job_id) FROM stdin;
15	7
15	19
15	26
\.


--
-- Data for Name: job_skill; Type: TABLE DATA; Schema: public; Owner: postgres
--

COPY public.job_skill (job_id, skill_id) FROM stdin;
5	22
5	3
5	19
6	6
6	1
6	10
7	1
7	20
7	8
8	23
8	25
8	24
9	27
9	26
10	28
10	20
10	29
11	30
11	32
11	31
12	26
12	34
12	33
31	1
31	15
31	16
32	23
32	25
33	12
33	17
33	33
34	28
34	32
36	10
36	45
4	14
4	16
4	15
2	13
2	12
2	6
1	8
1	9
1	1
3	2
3	10
3	11
13	35
13	47
13	32
14	4
14	48
14	49
16	4
16	7
17	4
17	7
17	47
18	1
18	4
18	10
15	50
15	19
15	4
19	33
19	17
19	51
20	26
20	33
21	4
21	16
21	18
22	2
22	10
22	45
23	30
23	32
23	35
24	1
24	8
24	32
25	28
25	52
25	32
26	30
26	4
28	15
28	16
28	26
27	53
27	4
27	1
\.


--
-- Data for Name: jobs; Type: TABLE DATA; Schema: public; Owner: postgres
--

COPY public.jobs (id, description, is_opening, salary, title, updated_at, working_model, company_id) FROM stdin;
19	<section class="job-content imt-5 ipy-3 ipx-5 bg-it-white box-shadow-medium border-radius-large-md text-it-black" data-jobs--jd-scroll-target="jobContent">\r\n<div class="imy-3 paragraph">\r\n<h4>3 L&yacute; do để gia nhập c&ocirc;ng ty</h4>\r\n<ul>\r\n<li>Very competitive remuneration package</li>\r\n<li>Build products for millions of users in Australia</li>\r\n<li>Hybrid and flexible working environment</li>\r\n</ul>\r\n</div>\r\n<div class="imy-5 paragraph">\r\n<h4>M&ocirc; tả c&ocirc;ng việc</h4>\r\n<p><em><strong>By applying for the above position, you accept and agree that your personal data and any information stated in the attached curriculum vitae (CV) will be used and processed by ITViec and NAB Vietnam for recruitment purposes. The storage and processing of such information will comply with the applicable laws of Vietnam, and the policies and procedures of ITViec and NAB Vietnam regarding personal data, as amended from time to time.</strong></em></p>\r\n<p><strong>Your Job Responsibilities</strong></p>\r\n<p>Release Train Engineer's (RTE) major responsibilities are to manage and coordinate delivery in line with our Domain operating model, partnering with product owners and engineering as well as all technology teams required. RTEs communicate with stakeholders, plan delivery, resolve and escalate impediments, manage finances and risk and drive relentless improvement.&nbsp;<br>This role is also a servant leader and a coach for Agile Release Train (ART) and supports the implementation of new and better ways of working using Agile frameworks and methods&nbsp;<br>&nbsp;<br><strong>YOUR JOB RESPONSIBILITIES</strong>&nbsp;</p>\r\n<ul>\r\n<li>Devise a delivery plan and facilitate execution across diverse set of Agile development teams to ensure strategy and execution alignment&nbsp;&nbsp;</li>\r\n<li>Management of financials including obtaining estimates and resource plans to develop a consolidated forecast, then analysing any variances cross multiple&nbsp;&nbsp;</li>\r\n<li>Reporting and communication, including keeping key stakeholders informed of overall progress against the release commitments&nbsp;&nbsp;</li>\r\n<li>Provide coaching to help resolve issues across the relevant delivery squads&nbsp;&nbsp;</li>\r\n<li>Facilitate Agile release execution and planning events, including but not limited to progressive elaboration of breaking down large units of work into epics and features in collaboration of scrum masters and their squads&nbsp;&nbsp;</li>\r\n<li>Manage dependencies across squads and remove roadblocks to drive outcomes with product owners and business stakeholders&nbsp;&nbsp;</li>\r\n<li>Escalation points for dealing with issues, risks and removing bottlenecks/impediments&nbsp;&nbsp;</li>\r\n<li>Manage and optimise the flow of value and drive relentless improvement by assessing the agility level with a focus on improvement&nbsp;&nbsp;</li>\r\n<li>Coach leaders, teams and Scrum Masters in Agile practices and mindsets and promote a collaborative team environment&nbsp;&nbsp;</li>\r\n<li>Management of release readiness including SIT coordination, release approvals and high level deployment planning&nbsp;&nbsp;</li>\r\n<li>Contribute to the creation of a strong, capable and engaged team&nbsp;</li>\r\n</ul>\r\n</div>\r\n<div class="imy-5 paragraph">\r\n<h4>Y&ecirc;u cầu c&ocirc;ng việc</h4>\r\n<p><strong>Must have</strong>&nbsp;</p>\r\n<ul>\r\n<li>At least 8 years project management experience relating to major IT projects.&nbsp;&nbsp;</li>\r\n<li>Experience across Agile and adaptive delivery models and mindsets.&nbsp;&nbsp;</li>\r\n<li>Track record of strong experience operating effectively and delivering consistent results in a large complex business.&nbsp;&nbsp;</li>\r\n<li>Strong understanding of the software development lifecycle.&nbsp;&nbsp;</li>\r\n<li>Good business awareness and commercial understanding.&nbsp;&nbsp;</li>\r\n</ul>\r\n<p><br><strong>Nice-to-have</strong>&nbsp;</p>\r\n<ul>\r\n<li>Tertiary degree in finance, Banking and IT from a recognised institution is preferred.&nbsp;</li>\r\n<li>Agile Certification desirable.&nbsp;</li>\r\n</ul>\r\n</div>\r\n<div class="imy-5 paragraph">\r\n<h4>Tại sao bạn sẽ y&ecirc;u th&iacute;ch l&agrave;m việc tại đ&acirc;y</h4>\r\n<p><strong>1. Generous compensation and benefit package</strong>&nbsp;</p>\r\n<ul>\r\n<li>Attractive salary and benefits &nbsp;</li>\r\n<li>20-day annual leave and 7-day sick leave, etc. &nbsp;</li>\r\n<li>13th month salary and Annual Performance Bonus &nbsp;</li>\r\n<li>Premium healthcare for yourself and family members &nbsp;</li>\r\n</ul>\r\n<p><strong>2. Exciting career and development opportunities </strong>&nbsp;</p>\r\n<ul>\r\n<li>Large scale products with modern technologies in banking domain &nbsp;</li>\r\n<li>Clear roadmap for career advancement in both technical and leadership pathways &nbsp;</li>\r\n<li>Sponsored certificates in both IT and banking/finance &nbsp;</li>\r\n<li>Premium account on Udemy</li>\r\n<li>English learning with native teachers &nbsp;</li>\r\n</ul>\r\n<p><strong>3. Professional and engaging working environment</strong>&nbsp;</p>\r\n<ul>\r\n<li>Hybrid working model and excellent work-life balance   &nbsp;</li>\r\n<li>Well-equipped &amp; modern Agile office with fully-stocked pantry  &nbsp;</li>\r\n<li>Annual company trip and events    <strong>A DIVERSE AND INCLUSIVE WORKPLACE WORKS BETTER FOR EVERYONE</strong>&nbsp;</li>\r\n</ul>\r\n<p>NAB is a place where colleagues of all genders, sexualities and ages, carers and colleagues with disability, and colleagues from all cultures, races and religions have the opportunity to thrive, connect and grow. <strong>If this excites you, let's have a chat over a cup of coffee!</strong>&nbsp;</p>\r\n</div>\r\n</section>	t	You'll love it	Senior Project Manager (Release Train Engineer)	2025-02-22 22:19:25.584	Hybrid	7
25	<section class="job-content imt-5 ipy-3 ipx-5 bg-it-white box-shadow-medium border-radius-large-md text-it-black" data-jobs--jd-scroll-target="jobContent">\r\n<div class="imy-3 paragraph">\r\n<h4>3 L&yacute; do để gia nhập c&ocirc;ng ty</h4>\r\n<ul>\r\n<li>Very competitive remuneration package</li>\r\n<li>Build products for millions of users in Australia</li>\r\n<li>Hybrid and flexible working environment</li>\r\n</ul>\r\n</div>\r\n<div class="imy-5 paragraph">\r\n<h4>M&ocirc; tả c&ocirc;ng việc</h4>\r\n<p><em><strong>By applying for the above position, you accept and agree that your personal data and any information stated in the attached curriculum vitae (CV) will be used and processed by ITViec and NAB Vietnam for recruitment purposes. The storage and processing of such information will comply with the applicable laws of Vietnam, and the policies and procedures of ITViec and NAB Vietnam regarding personal data, as amended from time to time.</strong></em></p>\r\n<p>Join our Cloud Consulting Services team, which is responsible for supporting the app teams in automating and streamlining the&nbsp;<strong>provisioning of Iaas, Paas and Database services</strong> across <strong>Azure, AWS</strong>. We embrace an <strong>Agile mindset</strong>, fostering a culture of collaboration, adaptability, and continuous improvement. As part of this role, you will work within Scrum practices, play a key part in <strong>risk, and change management</strong> processes to deliver high-quality cloud solutions efficiently and effectively. Our goal is providing a seamless multi-cloud experience, enabling the application teams to adopt cloud technologies efficiently while ensuring compliance with internal policies and industry standards</p>\r\n<p><strong>Key Responsibilities</strong></p>\r\n<ul>\r\n<li><strong>Cloud Infrastructure Development:</strong>\r\n<ul>\r\n<li>Design, develop, provision, and maintain cloud resources using Infrastructure as Code (IaC) tools (e.g., Terraform)</li>\r\n<li>Ensure automated infrastructure provisioning for Azure, AWS Environments complies with NAB standards and security controls.</li>\r\n<li>Performance regular patching, update, and security assessments on current project.</li>\r\n</ul>\r\n</li>\r\n<li><strong>Database Services Management:</strong>\r\n<ul>\r\n<li>Provision and maintain cloud-based database services such as Azure SQL, PostgreSQL DB Flexi, AWS RDS&hellip;</li>\r\n<li>Perform regular security assessments and updates on database services</li>\r\n<li>Collaborate with database administrators to implement best practices for performance, security, and scalability</li>\r\n<li>Selecting appropriate tools for data migration and migrating data between database systems</li>\r\n</ul>\r\n</li>\r\n<li><strong>Agile and Scrum Practices:</strong>\r\n<ul>\r\n<li>Participate in Scrum ceremonies, including sprint planning, daily stand-ups, sprint reviews, and retrospectives</li>\r\n<li>Foster and Agile mindset within the team, encouraging continuous learning and iterative delivery</li>\r\n<li>Collaborate with the Scrum Master and Engineer Manager to ensure project timelines, goals and deliverables are met.</li>\r\n</ul>\r\n</li>\r\n<li><strong>Risk and Chang management:</strong>\r\n<ul>\r\n<li>Identify, assess, and manage risks associated with cloud Infrastructure and database operations</li>\r\n<li>Proactively plan and implement changes to cloud environments, minimizing disruptions and ensuring business continuity</li>\r\n<li>Maintain documentation and communication channels to track and address change impacts effectively</li>\r\n</ul>\r\n</li>\r\n<li><strong>Security and Compliance:</strong>\r\n<ul>\r\n<li>Conduct Security reviews and vulnerability assessment for cloud resources, including database</li>\r\n<li>Ensure compliance with corporate policies and regulatory requirements for cloud-hosted resources and data</li>\r\n</ul>\r\n</li>\r\n<li><strong>Operational Excellence:</strong>\r\n<ul>\r\n<li>Monitor, Patch, and resolve defect in IaC environments</li>\r\n<li>Create documentation and processes for effective management of cloud and database resources</li>\r\n<li>Collaborate across teams to align cloud infrastructure with business goals and IT strategies</li>\r\n</ul>\r\n</li>\r\n<li><strong>Innovation and Collaboration:</strong>\r\n<ul>\r\n<li>Keep pace with emerging cloud technologies and market trends</li>\r\n<li>Work closely with cross-functional stakeholders to integrate security, networking, and architecture requirements into the service delivery lifecycle</li>\r\n</ul>\r\n</li>\r\n</ul>\r\n</div>\r\n<div class="imy-5 paragraph">\r\n<h4>Y&ecirc;u cầu c&ocirc;ng việc</h4>\r\n<p><strong>Must have:</strong></p>\r\n<ul>\r\n<li><strong>4+</strong>&nbsp;<strong>years</strong> - Hands-on experience with&nbsp;<strong>Azure</strong> and/or&nbsp;<strong>AWS resources</strong></li>\r\n<li>Proficiency in <strong>Terraform</strong> (Open-source and enterprise) for IaC development</li>\r\n<li>Experience with database platform like <strong>Azure SQL, PostgreSQL Flexi, AWS RDS,&nbsp;</strong>or similar services</li>\r\n<li>Familiarity with&nbsp;<strong>Linux operating systems and their administration</strong></li>\r\n<li><strong>Strong awareness</strong> of hardware systems, including servers, storage and networking, DNS devices / services.</li>\r\n<li>Knowledge of&nbsp;<strong>networking concepts</strong> such as VNET / VPC, Routing, firewalls, ExpressRoute, any subjects related to networking on cloud&nbsp;</li>\r\n<li>Familiarity with <strong>Agile practices and tool</strong>s (e.g., Rally, Confluence, Jira, or similar tools) and experience working in Scrum environments.</li>\r\n<li>Strong understanding of&nbsp;<strong>risk and change management principles</strong> and their application in cloud environments</li>\r\n<li>Familiarity with <strong>scripting and automation</strong> using tools like <strong>Git</strong>, <strong>Terraform</strong>, <strong>Bash</strong> <strong>Shell</strong>, <strong>PowerShell</strong>, Python</li>\r\n<li>Strong understanding of <strong>cloud security, compliance, and service management principles</strong></li>\r\n<li>Understanding the purpose and uses of encryption for database data at rest and data in transit</li>\r\n<li>Understanding about<strong> CI/CD Concept</strong></li>\r\n<li>A&nbsp;<strong>collaborative mindset</strong> to&nbsp;<strong>work with diverse teams</strong> and stakeholders effectively</li>\r\n<li>English proficiency at <strong>Upper Intermediate</strong>, ensuring clear communication in an international working environment.</li>\r\n</ul>\r\n<p><strong>Nice to have:</strong></p>\r\n<ul>\r\n<li>Understanding / Hands-on of&nbsp;<strong>Docker, Kubernetes</strong></li>\r\n<li>Hands on experience with <strong>CICD platform</strong> like Harness, Jenkins or similar platform.</li>\r\n</ul>\r\n</div>\r\n<div class="imy-5 paragraph">\r\n<h4>Tại sao bạn sẽ y&ecirc;u th&iacute;ch l&agrave;m việc tại đ&acirc;y</h4>\r\n<p><strong>1. Generous compensation and benefit package</strong>&nbsp;</p>\r\n<ul>\r\n<li>Attractive salary and benefits &nbsp;</li>\r\n<li>20-day annual leave and 7-day sick leave, etc. &nbsp;</li>\r\n<li>13th month salary and Annual Performance Bonus &nbsp;</li>\r\n<li>Premium healthcare for yourself and family members &nbsp;</li>\r\n</ul>\r\n<p><strong>2. Exciting career and development opportunities </strong>&nbsp;</p>\r\n<ul>\r\n<li>Large scale products with modern technologies in banking domain &nbsp;</li>\r\n<li>Clear roadmap for career advancement in both technical and leadership pathways &nbsp;</li>\r\n<li>Sponsored certificates in both IT and banking/finance &nbsp;</li>\r\n<li>Premium accounts on Udemy/A Cloud Guru/Coursera/LinkedIn, etc. &nbsp;</li>\r\n<li>English learning with native teachers &nbsp;</li>\r\n</ul>\r\n<p><strong>3. Professional and engaging working environment</strong>&nbsp;</p>\r\n<ul>\r\n<li>Hybrid working model and excellent work-life balance   &nbsp;</li>\r\n<li>Well-equipped &amp; modern Agile office with fully-stocked pantry  &nbsp;</li>\r\n<li>Annual company trip and events   &nbsp;</li>\r\n</ul>\r\n<p><br><strong>A DIVERSE AND INCLUSIVE WORKPLACE WORKS BETTER FOR EVERYONE</strong>&nbsp;</p>\r\n<p>NAB is a place where colleagues of all genders, sexualities and ages, carers and colleagues with disability, and colleagues from all cultures, races and religions have the opportunity to thrive, connect and grow.&nbsp;</p>\r\n<p><br><strong>If this excites you, let's have a chat over a cup of coffee!</strong>&nbsp;</p>\r\n</div>\r\n</section>	t	You'll love it	Senior Cloud Engineer - HCM	2025-02-22 22:35:55.662	Hybrid	7
13	<section class="job-content imt-5 ipy-3 ipx-5 bg-it-white box-shadow-medium border-radius-large-md text-it-black" data-jobs--jd-scroll-target="jobContent">\r\n<div class="imy-3 paragraph">\r\n<h4>3 L&yacute; do để gia nhập c&ocirc;ng ty</h4>\r\n<ul>\r\n<li>Attractive salary package and valuable benefits</li>\r\n<li>Get the opportunity to access global L&amp;D programs</li>\r\n<li>Hybrid and flexible working environment</li>\r\n</ul>\r\n</div>\r\n<div class="imy-5 paragraph">\r\n<h4>M&ocirc; tả c&ocirc;ng việc</h4>\r\n<p>We are looking for a <strong>Senior Azure cloud infrastructure and DevOps Engineer</strong> (all genders) who loves building top-notch SAAS products while creating infrastructure, tools, templates, and many more that enable colleagues to ship value at unprecedented speed to customers. You will work on one of our core SAAS systems utilizing state-of-the-art technology</p>\r\n<p><strong>CHALLENGE</strong></p>\r\n<ul>\r\n<li>Managing&nbsp;the&nbsp;Azure&nbsp;cloud&nbsp;and&nbsp;system:\r\n<ul>\r\n<li>Managing the&nbsp;cloud&nbsp;services&nbsp;such&nbsp;as&nbsp;VMs,&nbsp;databases,&nbsp;storages,&nbsp;and&nbsp;other&nbsp;cloud&nbsp;services</li>\r\n<li>Ensuring the&nbsp;performance, availability, scalability, and&nbsp;security</li>\r\n<li>Managing&nbsp;the&nbsp;backup&nbsp;and&nbsp;disaster&nbsp;recovery solutions</li>\r\n<li>Optimizing the&nbsp;data&nbsp;center&nbsp;cost</li>\r\n<li>Keeping&nbsp;up-to-date&nbsp;cloud&nbsp;technology&nbsp;and&nbsp;improving&nbsp;the&nbsp;infrastructure</li>\r\n<li>Managing access to cloud services and build automated policies around this&nbsp;</li>\r\n</ul>\r\n</li>\r\n<li>Maintaining and developing the DevOps:\r\n<ul>\r\n<li>Maintaining and developing CI/CD pipelines, automated deployment processes, and Infrastructure as Code (IaC)</li>\r\n<li>Maintaining and developing IaC scripts, templates, and configuration management tools</li>\r\n</ul>\r\n</li>\r\n<li>Managing the system security:\r\n<ul>\r\n<li>Maintaining and developing the policies, procedures, and controls to ensure compliance with ISO 27001, PCI DSS, SOC 1&amp;2</li>\r\n<li>Monitoring and analyzing the security logs, events, and alerts to ensure system security</li>\r\n<li>Preparing and participating in the ISMS internal and external audits</li>\r\n</ul>\r\n</li>\r\n<li>Managing the team:&nbsp;\r\n<ul>\r\n<li>Managing and leading a team of 3-5 members to achieve the team's goals and objectives</li>\r\n<li>Collaborating and aligning with the group - HRS Corporate IT - on the vision, strategy and roadmap&nbsp;</li>\r\n</ul>\r\n</li>\r\n</ul>\r\n</div>\r\n<div class="imy-5 paragraph">\r\n<h4>Y&ecirc;u cầu c&ocirc;ng việc</h4>\r\n<p><strong>FOR THIS EXCITING MISSION YOU ARE EQUIPPED WITH...</strong></p>\r\n<ul>\r\n<li>Comprehensive&nbsp;knowledge experience of&nbsp;cloud computing models (IaaS,&nbsp;PaaS, SaaS),&nbsp;virtualization,&nbsp;server&nbsp;and&nbsp;storage&nbsp;management,&nbsp;networking,&nbsp;and&nbsp;security&nbsp;on&nbsp;cloud&nbsp;such&nbsp;as&nbsp;<strong>Azure</strong>&nbsp;(preferable)</li>\r\n<li>Experience with&nbsp;operating&nbsp;systems&nbsp;such&nbsp;as&nbsp;<strong>Linux&nbsp;and&nbsp;Windows&nbsp;Server</strong>,&nbsp;especially&nbsp;in&nbsp;the&nbsp;cloud&nbsp;environment</li>\r\n<li>Proficiency&nbsp;in&nbsp;automation&nbsp;and&nbsp;scripting&nbsp;languages&nbsp;such&nbsp;as&nbsp;PowerShell,&nbsp;Python,&nbsp;Bash,&nbsp;and&nbsp;tools&nbsp;like&nbsp;Ansible,&nbsp;Terraform</li>\r\n<li>Good&nbsp;knowledge of network architecture,&nbsp;protocols, and security, especially cloud-based&nbsp;services&nbsp;like&nbsp;Virtual&nbsp;PrivateClouds,&nbsp;Load&nbsp;Balancers</li>\r\n<li>Good&nbsp;knowledge&nbsp;and&nbsp;experience&nbsp;of&nbsp;CI/CD&nbsp;automated&nbsp;process,&nbsp;tools&nbsp;and&nbsp;framework&nbsp;such&nbsp;as&nbsp;Jenkins, GitLab, Travis CI</li>\r\n<li>Experience with&nbsp;cloud-based&nbsp;monitoring and troubleshooting&nbsp;tools like Azure Monitor, PRTG,&nbsp;Prometheus, Grafana...</li>\r\n<li>Understanding&nbsp;of&nbsp;security&nbsp;principles,&nbsp;protocols, practices&nbsp;and&nbsp;framework&nbsp;in&nbsp;the&nbsp;cloud&nbsp;such&nbsp;as&nbsp;Identity and&nbsp;Access&nbsp;Management&nbsp;(IAM),&nbsp;data&nbsp;encryption&nbsp;and&nbsp;protection,&nbsp;OWAPS,&nbsp;SANS,&nbsp;NIST</li>\r\n<li>Excellent&nbsp;communication and&nbsp;collaboration&nbsp;skills&nbsp;while&nbsp;working with&nbsp;development&nbsp;team,&nbsp;IT&nbsp;teams,&nbsp;and&nbsp;other&nbsp;stakeholders in&nbsp;both&nbsp;English and&nbsp;Vietnamese</li>\r\n</ul>\r\n</div>\r\n<div class="imy-5 paragraph">\r\n<h4>Tại sao bạn sẽ y&ecirc;u th&iacute;ch l&agrave;m việc tại đ&acirc;y</h4>\r\n<ul>\r\n<li><strong>Full salary and benefits</strong> as an official employee <strong>on probation</strong>.</li>\r\n<li><strong>Hybrid working</strong> model.</li>\r\n<li><strong>Open and flat environment</strong>, highly appreciate your idea and constantly supporting your skill development.</li>\r\n<li><strong>Innovative and international learning and development program</strong>, we dedicate to supporting employees&rsquo; growth and development of skills.</li>\r\n<li>Challenging products with <strong>onsite opportunities in Europe</strong> (Germany, Australia, Poland, etc.).</li>\r\n<li><strong>13th-month salary &amp; short-term incentives</strong>: we offer incentives as defined by the company&rsquo;s success in the previous year.</li>\r\n<li>15+ annual leaves per year.</li>\r\n<li>Full healthcare compliance.</li>\r\n<li>Premium healthcare for employees.</li>\r\n<li>Gifts for every special occasion.</li>\r\n<li>Supportive working conditions: Laptop, MS Surface Hub.</li>\r\n<li>Free and unlimited snacks, tea, coffee, and by-choice request.</li>\r\n<li>Premium company trip &amp; business traveling programs and other exciting activities.</li>\r\n</ul>\r\n<p>Note: Only shortlisted candidates will be contacted. Thanks for your interest!</p>\r\n</div>\r\n</section>	t	2,000 - 3,000 USD	Senior Azure Cloud & DevOps Engineer	2025-02-22 21:54:46.417	Hybrid	3
14	<section class="job-content imt-5 ipy-3 ipx-5 bg-it-white box-shadow-medium border-radius-large-md text-it-black" data-jobs--jd-scroll-target="jobContent">\r\n<div class="imy-3 paragraph">\r\n<h4>3 L&yacute; do để gia nhập c&ocirc;ng ty</h4>\r\n<ul>\r\n<li>Attractive salary package and valuable benefits</li>\r\n<li>Get the opportunity to access global L&amp;D programs</li>\r\n<li>Hybrid and flexible working environment</li>\r\n</ul>\r\n</div>\r\n<div class="imy-5 paragraph">\r\n<h4>M&ocirc; tả c&ocirc;ng việc</h4>\r\n<h3>BUSINESS UNIT</h3>\r\n<p>HRS' Product Management department is a critical function in driving the success of the company's Lodging-as-a-Service (LaaS), Meeting-as-a-Service (MaaS) and Workforce-as-a-Service (WaaS) platform offerings. The department collaborates with cross-functional teams to define the product vision, roadmap, and strategy, and prioritizes features using analytics and data to meet business goals and deliver an exceptional experience for stakeholders. The teams in the Product Management department at HRS own the program backlog, define product increments and releases, and are responsible for the product vision, roadmap, pricing, licensing, and ROI.</p>\r\n<p>As a Product Manager on the travel tech team, you will play a central role in shaping the future of corporate travel. The travel tech team is responsible for the end-to-end customer experience of travelers, agents, and meeting planners through various online tools and APIs. You will work closely with design, engineering, sales, and marketing to define and build comprehensive solutions that enable corporate travelers at scale and unlock revenue opportunities.</p>\r\n<p><strong>CHALLENGE:</strong></p>\r\n<ul>\r\n<li>Build consumer-grade products that ensure friction-free experiences for our travelers throughout their entire trip, from searching to post-booking.&nbsp;&nbsp;</li>\r\n<li>Work with our ecosystem partners to help them understand how our solutions create impact for their business, demonstrate that value through key business metrics, and show them how to improve that value over time.&nbsp;&nbsp;</li>\r\n<li>Identify new product opportunities and drive a comprehensive roadmap informed by data analysis, qualitative research, customer feedback, and market/technology trends.&nbsp;&nbsp;</li>\r\n<li>Collaborate externally with other ecosystem partners to develop custom, scalable integrations that align with their unique needs while supporting our mission and objectives.&nbsp;&nbsp;</li>\r\n<li>Demonstrate a strong familiarity with developing external APIs and the ability to build within a partner's existing ecosystem, enhancing their overall experience.&nbsp;&nbsp;</li>\r\n<li>Work in a dynamic, fast-paced environment where ambiguity is constant, exercising autonomy to drive product innovation and make strategic decisions.&nbsp;&nbsp;</li>\r\n<li>Apply common decision-making frameworks to evaluate opportunities and risks, drafting proposals through narrative/PRQs to communicate and guide these decisions.&nbsp;&nbsp;</li>\r\n<li>Develop a long-term vision and product strategy aligned with our objectives, communicating effectively with senior leaders internally and externally to get buy-in and align teams towards executing the strategy.&nbsp;</li>\r\n</ul>\r\n</div>\r\n<div class="imy-5 paragraph">\r\n<h4>Y&ecirc;u cầu c&ocirc;ng việc</h4>\r\n<ul>\r\n<li>Outcomes-driven with a bias for action and undaunted by multiple dependencies, both internal and external.&nbsp;</li>\r\n<li>At least 4+ years of product management experience in a software product, preferably within SaaS, marketplace, or e-commerce industry.&nbsp;</li>\r\n<li>An analytical, metrics-based approach to identifying, sizing, and solving problems, with excellent skills in identifying and prioritizing high-impact initiatives.&nbsp;</li>\r\n<li>Strong written and verbal communication skills with the ability to articulate customer problems and drive alignment with cross-functional teams and leadership.&nbsp;</li>\r\n<li>An experimentation mindset to come up with hypotheses, test them quickly, and ship features globally.&nbsp;</li>\r\n<li>Equally comfortable diving into technical details with an engineer, iterating on a Figma with a designer, or breaking down a funnel with a data analyst.&nbsp;</li>\r\n<li>A scrappy, get-things-done attitude to make your product and team successful, whether that means writing a QA plan or investigating the root cause of a customer support ticket.&nbsp;</li>\r\n<li>Familiarity with SQL, and data visualization tools such as MicroStrategy/Tableau for product analysis</li>\r\n</ul>\r\n</div>\r\n<div class="imy-5 paragraph">\r\n<h4>Tại sao bạn sẽ y&ecirc;u th&iacute;ch l&agrave;m việc tại đ&acirc;y</h4>\r\n<ul>\r\n<li><strong>Full salary and benefits</strong> as an official employee <strong>on probation</strong>.</li>\r\n<li><strong>Hybrid working</strong> model.</li>\r\n<li><strong>Open and flat environment</strong>, highly appreciate your idea and constantly supporting your skill development.</li>\r\n<li><strong>Innovative and international learning and development program</strong>, we dedicate to supporting employees&rsquo; growth and development of skills.</li>\r\n<li>Challenging products with <strong>onsite opportunities in Europe</strong> (Germany, Australia, Poland, etc.).</li>\r\n<li><strong>13th-month salary &amp; short-term incentives</strong>: we offer incentives as defined by the company&rsquo;s success in the previous year.</li>\r\n<li>15+ annual leaves per year.</li>\r\n<li>Full healthcare compliance.</li>\r\n<li>Premium healthcare for employees.</li>\r\n<li>Gifts for every special occasion.</li>\r\n<li>Supportive working conditions: Laptop, MS Surface Hub.</li>\r\n<li>Free and unlimited snacks, tea, coffee, and by-choice request.</li>\r\n<li>Premium company trip &amp; business traveling programs and other exciting activities.</li>\r\n</ul>\r\n<p>Note: Only shortlisted candidates will be contacted. Thanks for your interest!</p>\r\n</div>\r\n</section>	t	1,500 - 2,500 USD	Product Manager (Travel Tech)	2025-02-22 21:58:54.386	Remote	3
26	<section class="job-content imt-5 ipy-3 ipx-5 bg-it-white box-shadow-medium border-radius-large-md text-it-black" data-jobs--jd-scroll-target="jobContent">\r\n<div class="imy-3 paragraph">\r\n<h4>3 L&yacute; do để gia nhập c&ocirc;ng ty</h4>\r\n<ul>\r\n<li>Very competitive remuneration package</li>\r\n<li>Build products for millions of users in Australia</li>\r\n<li>Hybrid and flexible working environment</li>\r\n</ul>\r\n</div>\r\n<div class="imy-5 paragraph">\r\n<h4>M&ocirc; tả c&ocirc;ng việc</h4>\r\n<p><em><strong>By applying for the above position, you accept and agree that your personal data and any information stated in the attached curriculum vitae (CV) will be used and processed by ITViec and NAB Vietnam for recruitment purposes. The storage and processing of such information will comply with the applicable laws of Vietnam, and the policies and procedures of ITViec and NAB Vietnam regarding personal data, as amended from time to time.</strong></em></p>\r\n<p><strong>Your Job Responsibilities</strong></p>\r\n<ul>\r\n<li>Lead the technical direction-setting for key business outcomes &nbsp;</li>\r\n<li>Deliver an end-to-end technical outcome across one or more banking domains. They identify service impacts. They understand how new and existing target states will be consumed to deliver and initiative. They work to shape and sequence initiative features on service backlogs.&nbsp;</li>\r\n<li>Provide technical direction and consultation to the architecture team, across the technology lifecycle, creating and maintaining the Target State Architecture for each capability within the domain and mapping all components to the assest management system.&nbsp;</li>\r\n<li>Align application roadmap to NAB technology strategy and architectural principles/patterns.&nbsp;</li>\r\n<li>Perform architecture optimization, scaled modeling, various forms of walkthroughs design reviews&nbsp;</li>\r\n<li>Drive the service feature backlog grooming and raises features, epics and stories as suited for delivery and providing architecture input into the prioritization of backlog items. Ensure capabilities external to the service are also identified a dependencies where appropriate.&nbsp;</li>\r\n<li>Create impact analysis of functional and non-functional requirements and constraints on the business roadmap in the current business and technology environment including the regulatory impacts and risks.&nbsp;</li>\r\n<li>Make the document architectural decisions to satisfy regulatory and compliance requirements for the domain.&nbsp;</li>\r\n<li>Validate design artifacts for completeness, ensuring testability to enable effective change management of assessments within the domain.&nbsp;</li>\r\n<li>Support &ldquo;You build it, you run it&rdquo; by participating in service production releases.</li>\r\n</ul>\r\n</div>\r\n<div class="imy-5 paragraph">\r\n<h4>Y&ecirc;u cầu c&ocirc;ng việc</h4>\r\n<ul>\r\n<li>Experience of <strong>10+ years in Technology generally.&nbsp;</strong></li>\r\n<li>Experience of<strong> 5+ years in end-to-end solution architecture design.&nbsp;</strong></li>\r\n<li>Experience driving <strong>end-to-end solutions in complex organisations</strong> with regulatory and legacy constraints.&nbsp;&nbsp;</li>\r\n<li><strong>Strong business acumen and engagement skills</strong> to influence business strategy to help shape, triage, prioritize business outcomes and develop roadmaps for the business unit/domains.&nbsp;</li>\r\n<li><strong>Financial services experience is essential.</strong><strong> </strong><strong>&nbsp;</strong></li>\r\n<li><strong>Commercial / Business Lending experience </strong>highly desirable. Experience in specialised finance, in particular Leasing / Equipment Finance is beneficial, as is any experience in programs of legacy transformation work.&nbsp;</li>\r\n<li>Ability to lead and maintain backlog of business outcomes portfolio view of the business domain.&nbsp;</li>\r\n<li>Experience in working in a scale agile structure to help coordinate work to a persistent team of solution architects.&nbsp;</li>\r\n<li><strong>Proven experience in strong business engagement, and influencing skills with the ability to navigate complex topics with fact-based analysis.&nbsp;</strong></li>\r\n<li><strong>Understand the trade-off involved in technology change</strong> while simultaneously delivering <strong>business benefits.&nbsp;</strong></li>\r\n<li>Require commercial acumen, business alignment, and ability to negotiate.&nbsp;</li>\r\n<li>Degree in Computer Science/information system or equivalent technical qualification.&nbsp;</li>\r\n<li><strong>Architecture or technology-related certifications/cloud will be an advantage.&nbsp;</strong></li>\r\n<li>Business acumen in the banking / financial; services industry will be an advantage.&nbsp;</li>\r\n</ul>\r\n</div>\r\n<div class="imy-5 paragraph">\r\n<h4>Tại sao bạn sẽ y&ecirc;u th&iacute;ch l&agrave;m việc tại đ&acirc;y</h4>\r\n<p><strong>1. Generous compensation and benefit package</strong>&nbsp;</p>\r\n<ul>\r\n<li>Attractive salary and benefits &nbsp;</li>\r\n<li>20-day annual leave and 7-day sick leave, etc. &nbsp;</li>\r\n<li>13th month salary and Annual Performance Bonus &nbsp;</li>\r\n<li>Premium healthcare for yourself and family members &nbsp;</li>\r\n</ul>\r\n<p><strong>2. Exciting career and development opportunities </strong>&nbsp;</p>\r\n<ul>\r\n<li>Large scale products with modern technologies in banking domain &nbsp;</li>\r\n<li>Clear roadmap for career advancement in both technical and leadership pathways &nbsp;</li>\r\n<li>Sponsored certificates in both IT and banking/finance &nbsp;</li>\r\n<li>Premium accounts on Udemy/A Cloud Guru/Coursera/LinkedIn, etc. &nbsp;</li>\r\n<li>English learning with native teachers &nbsp;</li>\r\n</ul>\r\n<p><strong>3. Professional and engaging working environment</strong>&nbsp;</p>\r\n<ul>\r\n<li>Hybrid working model and excellent work-life balance   &nbsp;</li>\r\n<li>Well-equipped &amp; modern Agile office with fully-stocked pantry  &nbsp;</li>\r\n<li>Annual company trip and events   &nbsp;</li>\r\n</ul>\r\n<p><br><strong>A DIVERSE AND INCLUSIVE WORKPLACE WORKS BETTER FOR EVERYONE</strong>&nbsp;</p>\r\n<p>NAB is a place where colleagues of all genders, sexualities and ages, carers and colleagues with disability, and colleagues from all cultures, races and religions have the opportunity to thrive, connect and grow.&nbsp;</p>\r\n<p><br><strong>If this excites you, let's have a chat over a cup of coffee!</strong>&nbsp;</p>\r\n</div>\r\n</section>	t	You'll love it	Solution Architect	2025-02-22 22:37:56.948	Hybrid	7
16	<section class="job-content imt-5 ipy-3 ipx-5 bg-it-white box-shadow-medium border-radius-large-md text-it-black" data-jobs--jd-scroll-target="jobContent">\r\n<div class="imy-3 paragraph">\r\n<h4>3 L&yacute; do để gia nhập c&ocirc;ng ty</h4>\r\n<ul>\r\n<li>Attractive salary package and valuable benefits</li>\r\n<li>Get the opportunity to access global L&amp;D programs</li>\r\n<li>Hybrid and flexible working environment</li>\r\n</ul>\r\n</div>\r\n<div class="imy-5 paragraph">\r\n<h4>M&ocirc; tả c&ocirc;ng việc</h4>\r\n<p><strong>BUSINESS UNIT</strong></p>\r\n<p>BPATech provides a platform for our corporate customers to automate their crew and workforce accommodation workflows. It connects both to customer and the internal HRS systems to heavily drive process automation. The BPA platform is offered as SaaS and built upon a modern tech stack (Dotnet, React, Azure, Kubernetes, SOA).&nbsp;</p>\r\n<p>We are looking for a Team Lead who loves to build top notch SAAS application delivering an outstanding user experience for Travelers, Meeting Planners and Hotel Partners.</p>\r\n<ul>\r\n<li>Lead an engineering team of 9 members to develop and maintain excellent software products.&nbsp;</li>\r\n<li>Proactively discuss and consult the Product Managers and other stakeholders at Head Quarter to ensure that the technical point of view is brought into consideration while planning and growing the products.&nbsp;</li>\r\n<li>Collaborate with other people responsible for the relevant products to ensure that the technical solution is optimum and best fit to the latest cloud architecture.&nbsp;</li>\r\n<li>Manage and support team members to become a highly performing engineering team.&nbsp;</li>\r\n<li>Coach engineers to adopt best practices in software development lifecycle, such as Infrastructure as Code, Automated testing, Continuous Integration - Continuous Delivery/Deployment, etc.&nbsp;</li>\r\n<li>Coach engineers to leverage generative Al tools such as GitHub Copilot, Amazon Code Whisperer, etc., to accelerate software delivery.</li>\r\n<li>Collaborate across teams with regards to overarching technical concepts and practices.</li>\r\n<li>Participate in the full development cycle: design, development, QA, experimentation, analysis, and launch. You'll be reviewing code, writing design documents, giving feedback on product specs and mocks, and generally helping out wherever is needed.</li>\r\n</ul>\r\n</div>\r\n<div class="imy-5 paragraph">\r\n<h4>Y&ecirc;u cầu c&ocirc;ng việc</h4>\r\n<p>Experience: 5+ years of experience in programming software using C#, modern cloud software architecture, and related technologies.&nbsp;</p>\r\n<p><strong>Technology and Management Expertise:&nbsp;</strong></p>\r\n<ul>\r\n<li>2+ years experience in technical leadership over high performing engineering teams.&nbsp;</li>\r\n<li>Solid understanding of core software engineering concepts and API designs&nbsp;</li>\r\n<li>Experience implementing and running high-performing containerized applications at scale on Azure&nbsp;</li>\r\n<li>Significant experience in one or more general purpose programming languages (C#, Java, Go, Python,&hellip;)&nbsp;</li>\r\n<li>Knowledge of and experience in working with agile methodologies&nbsp;</li>\r\n</ul>\r\n<p><strong>Vision and Execution:&nbsp;</strong></p>\r\n<ul>\r\n<li>Ability to implement and achieve a compelling vision for the future, with actionable plans to achieve long term objectives.&nbsp;</li>\r\n<li>Strong accountability for meeting tactical objectives and commitments within the established methodological framework.&nbsp;</li>\r\n<li>Experience in developing concepts and leading development execution of market-leading Saas product offerings.&nbsp;</li>\r\n</ul>\r\n<p><strong>Leadership and Communication:&nbsp;</strong></p>\r\n<ul>\r\n<li>Excellent leadership and coaching skills to guide and inspire the team.&nbsp;</li>\r\n<li>Effective presentation and speaking skills and the ability to communicate with a wide range of different stakeholders&nbsp;</li>\r\n</ul>\r\n<p><strong>Adaptability and Innovation:&nbsp;</strong></p>\r\n<ul>\r\n<li>Ability to work within a fast-paced, evolving environment where products and solutions evolve quickly and need to be accurately integrated into customer/sales story lines as the solutions evolve. Embrace changes and drive innovation. Skilled in working within a matrix organization and in forwarding, building momentum for and successfully driving the competition of strategic initiatives that impact a total organization and company.&nbsp;</li>\r\n</ul>\r\n<p><strong>Problem-solving and Creativity:&nbsp;</strong></p>\r\n<ul>\r\n<li>Strong problem-solving skills and creativity to develop new possibilities and processes.&nbsp;</li>\r\n</ul>\r\n<p><strong>Personal Attributes:&nbsp;</strong></p>\r\n<ul>\r\n<li>Empathy, authenticity, integrity, commitment, resilience, and respect in dealing with all stakeholders.&nbsp;</li>\r\n</ul>\r\n<p><strong>Language Skills:&nbsp;</strong></p>\r\n<ul>\r\n<li>Fluency in English, spoken and written.&nbsp;</li>\r\n</ul>\r\n</div>\r\n<div class="imy-5 paragraph">\r\n<h4>Tại sao bạn sẽ y&ecirc;u th&iacute;ch l&agrave;m việc tại đ&acirc;y</h4>\r\n<ul>\r\n<li><strong>Full salary and benefits</strong> as an official employee <strong>on probation</strong>.</li>\r\n<li><strong>Hybrid working</strong> model.</li>\r\n<li><strong>Open and flat environment</strong>, highly appreciate your idea and constantly supporting your skill development.</li>\r\n<li><strong>Innovative and international learning and development program</strong>, we dedicate to supporting employees&rsquo; growth and development of skills.</li>\r\n<li>Challenging products with <strong>onsite opportunities in Europe</strong> (Germany, Australia, Poland, etc.).</li>\r\n<li><strong>13th-month salary &amp; short-term incentives</strong>: we offer incentives as defined by the company&rsquo;s success in the previous year.</li>\r\n<li>15+ annual leaves per year.</li>\r\n<li>Full healthcare compliance.</li>\r\n<li>Premium healthcare for employees.</li>\r\n<li>Gifts for every special occasion.</li>\r\n<li>Supportive working conditions: Laptop, MS Surface Hub.</li>\r\n<li>Free and unlimited snacks, tea, coffee, and by-choice request.</li>\r\n<li>Premium company trip &amp; business traveling programs and other exciting activities.</li>\r\n</ul>\r\n<p>Note: Only shortlisted candidates will be contacted. Thanks for your interest!</p>\r\n</div>\r\n</section>	t	3,000 - 3,200 USD	Engineering Team Lead (.NET)	2025-02-22 22:01:49.397	Hybrid	3
17	<section class="job-content imt-5 ipy-3 ipx-5 bg-it-white box-shadow-medium border-radius-large-md text-it-black" data-jobs--jd-scroll-target="jobContent">\r\n<div class="imy-3 paragraph">\r\n<h4>3 L&yacute; do để gia nhập c&ocirc;ng ty</h4>\r\n<ul>\r\n<li>Attractive salary package and valuable benefits</li>\r\n<li>Get the opportunity to access global L&amp;D programs</li>\r\n<li>Hybrid and flexible working environment</li>\r\n</ul>\r\n</div>\r\n<div class="imy-5 paragraph">\r\n<h4>M&ocirc; tả c&ocirc;ng việc</h4>\r\n<ul>\r\n<li>Develop, test, and maintain applications using .NET, Angular/ReactJS, HTML, CSS, SQL Server, MongoDB&hellip;&nbsp;</li>\r\n<li>Collaborate with cross-functional teams to analyze the business requirement, design, and deliver the best solution.&nbsp;</li>\r\n<li>Write technical specifications.&nbsp;</li>\r\n<li>Write clean code following the best practices and coding standards.&nbsp;</li>\r\n<li>Identify, analyze, and resolve bugs and issues promptly.&nbsp;</li>\r\n<li>Design and manage databases using SQL-Server and MongoDB to optimize performance.&nbsp;</li>\r\n<li>Perform a unit test to ensure the Product quality.&nbsp;</li>\r\n<li>Participate in code reviews and provide constructive feedback to peers.&nbsp;</li>\r\n</ul>\r\n</div>\r\n<div class="imy-5 paragraph">\r\n<h4>Y&ecirc;u cầu c&ocirc;ng việc</h4>\r\n<ul>\r\n<li>Bachelor&rsquo;s degree in Computer Science, Engineering, or a related field.&nbsp;</li>\r\n<li>2-8 years of experience in .NET development.&nbsp;</li>\r\n<li>Solid understanding of OOP, SOLID principles.&nbsp;</li>\r\n<li>Knowledge of DevOps, CI/CD pipelines.&nbsp;</li>\r\n<li>Knowledge of Miro-services architecture.&nbsp;</li>\r\n<li>Familiar with Agile/Scrum methodologies.&nbsp;</li>\r\n<li>Good at English communication.</li>\r\n<li>Proficiency in Front-end languages (HTML, CSS, Angular, ReactJS&hellip;) is a plus.&nbsp;</li>\r\n<li>Proficiency in solving the system performance is a plus.&nbsp;</li>\r\n<li>Experience with Azure cloud platform is a plus.&nbsp;</li>\r\n<li>Experience with AI tools is a plus.&nbsp;</li>\r\n</ul>\r\n<p>Soft Skills:&nbsp;</p>\r\n<ul>\r\n<li>Being eager and willing to learn new techniques.&nbsp;</li>\r\n<li>Problem solving.&nbsp;</li>\r\n<li>Critical thinking.&nbsp;</li>\r\n<li>Communication and teamwork.&nbsp;</li>\r\n</ul>\r\n</div>\r\n<div class="imy-5 paragraph">\r\n<h4>Tại sao bạn sẽ y&ecirc;u th&iacute;ch l&agrave;m việc tại đ&acirc;y</h4>\r\n<ul>\r\n<li><strong>Full salary and benefits</strong> as an official employee <strong>on probation</strong>.</li>\r\n<li><strong>Hybrid working</strong> model.</li>\r\n<li><strong>Open and flat environment</strong>, highly appreciate your idea and constantly supporting your skill development.</li>\r\n<li><strong>Innovative and international learning and development program</strong>, we dedicate to supporting employees&rsquo; growth and development of skills.</li>\r\n<li>Challenging products with <strong>onsite opportunities in Europe</strong> (Germany, Australia, Poland, etc.).</li>\r\n<li><strong>13th-month salary &amp; short-term incentives</strong>: we offer incentives as defined by the company&rsquo;s success in the previous year.</li>\r\n<li>15+ annual leaves per year.</li>\r\n<li>Full healthcare compliance.</li>\r\n<li>Premium healthcare for employees.</li>\r\n<li>Gifts for every special occasion.</li>\r\n<li>Supportive working conditions: Laptop, MS Surface Hub.</li>\r\n<li>Free and unlimited snacks, tea, coffee, and by-choice request.</li>\r\n<li>Premium company trip &amp; business traveling programs and other exciting activities.</li>\r\n</ul>\r\n<p>Note: Only shortlisted candidates will be contacted. Thanks for your interest!</p>\r\n</div>\r\n</section>	t	You'll love it	Mid/Senior .NET Developer	2025-02-22 22:06:53.966	Hybrid	3
18	<section class="job-content imt-5 ipy-3 ipx-5 bg-it-white box-shadow-medium border-radius-large-md text-it-black" data-jobs--jd-scroll-target="jobContent">\r\n<div class="imy-3 paragraph">\r\n<h4>3 L&yacute; do để gia nhập c&ocirc;ng ty</h4>\r\n<ul>\r\n<li>Attractive salary package and valuable benefits</li>\r\n<li>Get the opportunity to access global L&amp;D programs</li>\r\n<li>Hybrid and flexible working environment</li>\r\n</ul>\r\n</div>\r\n<div class="imy-5 paragraph">\r\n<h4>M&ocirc; tả c&ocirc;ng việc</h4>\r\n<p><strong>BUSINESS UNIT&nbsp;</strong></p>\r\n<p>TravelTech enables travelers to search and book hotel and meeting room content via modern SAAS booking portals and APIs. Our mission is to provide high quality content and an outstanding user experience to the traveler on the one side and compliance and cost savings for the cooperate travel programs on the other side.&nbsp;&nbsp;</p>\r\n<p>We are looking for a Full Stack Engineer React who loves to build top notch SAAS application delivering an outstanding user experience for Travelers, Meeting Planners and Hotel Partners.&nbsp;</p>\r\n<p><strong>CHALLENGE:</strong></p>\r\n<ul>\r\n<li>Implement full stack applications in JavaScript/Typescript (React) and Java (Spring Boot)&nbsp;</li>\r\n<li>Ensure quality of code is kept on a high level&nbsp;</li>\r\n<li>Develop, implement and improve application architecture based on AWS Cloud&nbsp;</li>\r\n<li>Support the Product Owner, Product Manager, and UX Designer with requirement engineering&nbsp;</li>\r\n<li>Collaborate across teams with regards to overarching technical concepts and practices&nbsp;</li>\r\n<li>Stabilize, perform improvement and refactor service layer and data model&nbsp;</li>\r\n<li>You work on one of our core systems and implement our extranet application, used by thousands of clients to create and manage their assets, content and data.&nbsp;</li>\r\n</ul>\r\n</div>\r\n<div class="imy-5 paragraph">\r\n<h4>Y&ecirc;u cầu c&ocirc;ng việc</h4>\r\n<ul>\r\n<li>Strong experience in JavaScript/Typescript, HTML/CSS, ReactJS&nbsp;</li>\r\n<li>Proficient in building and maintaining dynamic and interactive frontend elements</li>\r\n<li>Backend experiencing developing and deploying Java SAAS applications.&nbsp;</li>\r\n<li>Experience with databases&nbsp;</li>\r\n<li>Willingness to contribute to UI design improvements with attention to detail&nbsp;</li>\r\n<li>Nice to know about deploying applications at scale with techniques like Infrastructure as Code, Canary or Blue&shy; Green Deployments&nbsp;</li>\r\n<li>Nice to know about AWS Amplify for building and deploying frontend applications&nbsp;</li>\r\n<li>Good knowledge of flexible layout, making mobile terminal responsive layout, and solving screen adaptation problems&nbsp;</li>\r\n<li>Good understanding of SCRUM/Agile methodologies&nbsp;</li>\r\n<li>UI/UX Design experience with Figma or similar tools is a plus&nbsp;</li>\r\n<li>Fluency in English, spoken and written.&nbsp;</li>\r\n</ul>\r\n</div>\r\n<div class="imy-5 paragraph">\r\n<h4>Tại sao bạn sẽ y&ecirc;u th&iacute;ch l&agrave;m việc tại đ&acirc;y</h4>\r\n<ul>\r\n<li><strong>Open and flat environment</strong>, highly appreciate your idea and constantly supporting your skill development.</li>\r\n<li><strong>Innovative and international learning and development program</strong>, we dedicate to supporting employees&rsquo; growth and development of skills.</li>\r\n<li>Challenging products with <strong>onsite opportunities in Europe</strong> (Germany, Australia, Poland, etc.)</li>\r\n<li><strong>Full salary and benefits</strong> as an official employee <strong>on probation</strong>.</li>\r\n<li><strong>13th-month salary &amp; short-term incentives</strong>: we offer incentives as defined by the company&rsquo;s success in the previous year.</li>\r\n<li>15+ annual leaves per year.</li>\r\n<li>Full healthcare compliance.</li>\r\n<li>Premium healthcare for employees.</li>\r\n<li>Gifts for every special occasion.</li>\r\n<li>Supportive working conditions: Laptop, MS Surface Hub.</li>\r\n<li>Free and unlimited snacks, tea, coffee, and by-choice request.</li>\r\n<li>Premium company trip &amp; business traveling programs and other exciting activities.</li>\r\n</ul>\r\n</div>\r\n</section>	t	1,800 - 2,200 USD	Mid/Sr. Fullstack Engineer (Java/React)	2025-02-22 22:08:14.165	Hybrid	3
15	<section class="job-content imt-5 ipy-3 ipx-5 bg-it-white box-shadow-medium border-radius-large-md text-it-black" data-jobs--jd-scroll-target="jobContent">\r\n<div class="imy-3 paragraph">\r\n<h4>3 L&yacute; do để gia nhập c&ocirc;ng ty</h4>\r\n<ul>\r\n<li>Attractive salary package and valuable benefits</li>\r\n<li>Get the opportunity to access global L&amp;D programs</li>\r\n<li>Hybrid and flexible working environment</li>\r\n</ul>\r\n</div>\r\n<div class="imy-5 paragraph">\r\n<h4>M&ocirc; tả c&ocirc;ng việc</h4>\r\n<p><em>The HRS PAY business unit is hyper-focused on driving not only the HRS &ldquo;flywheel&rdquo; via the powerfulcombination of STAY and PAY, but also our own PAY flywheel whereby both corporate clients andthird-party partners benefit from leveraging HRS PAY&rsquo;s technology and capabilities. The morecorporate clients use PAY, the more third-party partners such as banks, card issuers, ERPs, bookingplatforms and other financial service providers want to partner and collaborate with us, and thisdrives further commercial growth for PAY by monetizing those partnership streams. HRS PAY is a&ldquo;tech fin&rdquo; in that we provide the technology that powers the payment workflow as well as deliversthe highest level of available payment data to enable our customers to make intelligent decisionsaround their program spending. Only HRS PAY offers this powerful combination of automation, dataoptimization, and payment on-the-go technology all in one platform.</em></p>\r\n<p><strong>CHALLENGE</strong></p>\r\n<ul>\r\n<li>Work with a wide range of systems, processes, and technologies to own and solve problems from end-to-end.</li>\r\n<li>Assist in building back-end infrastructure, data pipelines, and ML models for our products.</li>\r\n<li>Experiment with ML techniques to create and test new program features.</li>\r\n<li>Assist in extending and improving existing ML models.</li>\r\n<li>Work alongside data engineers to create data and model pipelines and embed AI and analytics into the business decision processes.</li>\r\n<li>Integrate ML models to end-users and run experiments.</li>\r\n<li>Run tests, perform statistical analysis, interpret test results, and perform tuning and scaling.</li>\r\n</ul>\r\n</div>\r\n<div class="imy-5 paragraph">\r\n<h4>Y&ecirc;u cầu c&ocirc;ng việc</h4>\r\n<ul>\r\n<li>Bachelor's degree or higher in computer science, mathematics, or a related field.</li>\r\n<li>Experience with DevOps, MLOps, or LLMOps tools and methodologies, such as Git, Docker, Kubernetes, Jenkins, Airflow, Kubeflow, etc.</li>\r\n<li>Proficiency in Python, SQL.</li>\r\n<li>Solid understanding of fundamental statistics, probability theory, and the scientific method.</li>\r\n<li>Experience in deploying machine learning models to production environments, including containerization (e.g., Docker) and orchestration tools (e.g., Kubeflow, MLflow), for batch and real-time inference.</li>\r\n<li>Strong software engineering principles, including modular code design, code optimization, and familiarity with software development best practices.</li>\r\n<li>Practical working experience with Azure cloud technologies (Azure AI) is a plus.</li>\r\n<li>Experience with MLOps to build production-ready pipelines.</li>\r\n<li>Strong English verbal and written&nbsp;communication skills, with a high level of comfort explaining complex technical topics to stakeholders.</li>\r\n</ul>\r\n</div>\r\n<div class="imy-5 paragraph">\r\n<h4>Tại sao bạn sẽ y&ecirc;u th&iacute;ch l&agrave;m việc tại đ&acirc;y</h4>\r\n<ul>\r\n<li><strong>Full salary and benefits</strong> as an official employee <strong>on probation</strong>.</li>\r\n<li><strong>Hybrid working</strong> model.</li>\r\n<li><strong>Open and flat environment</strong>, highly appreciate your idea and constantly supporting your skill development.</li>\r\n<li><strong>Innovative and international learning and development program</strong>, we dedicate to supporting employees&rsquo; growth and development of skills.</li>\r\n<li>Challenging products with <strong>onsite opportunities in Europe</strong> (Germany, Australia, Poland, etc.).</li>\r\n<li><strong>13th-month salary &amp; short-term incentives</strong>: we offer incentives as defined by the company&rsquo;s success in the previous year.</li>\r\n<li>15+ annual leaves per year.</li>\r\n<li>Full healthcare compliance.</li>\r\n<li>Premium healthcare for employees.</li>\r\n<li>Gifts for every special occasion.</li>\r\n<li>Supportive working conditions: Laptop, MS Surface Hub.</li>\r\n<li>Free and unlimited snacks, tea, coffee, and by-choice request.</li>\r\n<li>Premium company trip &amp; business traveling programs and other exciting activities.</li>\r\n</ul>\r\n<p>Note: Only shortlisted candidates will be contacted. Thanks for your interest!</p>\r\n</div>\r\n</section>	t	2,300 - 2,700 USD	Senior AI/Machine Learning Engineer (NLP, OCR, Python)	2025-02-22 22:11:12.94	Hybrid	3
28	<section class="job-content imt-5 ipy-3 ipx-5 bg-it-white box-shadow-medium border-radius-large-md text-it-black" data-jobs--jd-scroll-target="jobContent">\r\n<div class="imy-3 paragraph">\r\n<h4>3 L&yacute; do để gia nhập c&ocirc;ng ty</h4>\r\n<ul>\r\n<li>Very competitive remuneration package</li>\r\n<li>Build products for millions of users in Australia</li>\r\n<li>Hybrid and flexible working environment</li>\r\n</ul>\r\n</div>\r\n<div class="imy-5 paragraph">\r\n<h4>M&ocirc; tả c&ocirc;ng việc</h4>\r\n<p><em><strong>By applying for the above position, you accept and agree that your personal data and any information stated in the attached curriculum vitae (CV) will be used and processed by ITViec and NAB Vietnam for recruitment purposes. The storage and processing of such information will comply with the applicable laws of Vietnam, and the policies and procedures of ITViec and NAB Vietnam regarding personal data, as amended from time to time.</strong></em></p>\r\n<p><strong>ABOUT THE JOB</strong></p>\r\n<p>We're seeking experienced and talented automation testing engineers to work on our&nbsp;flagship platform that serves millions of customers daily.</p>\r\n<p>You will join our Agile Engineering team and manage the automation testing for the team while coaching them to have a quality mindset. You will be part of our committed Quality community, passionate about delivering a high-quality experience for our customers. To be successful, you will need to demonstrate expertise in test automation and have a solid understanding of the testing methodology.</p>\r\n<p><strong>Location:</strong> Ho Chi Minh &amp; Hanoi</p>\r\n<p><strong>What will you be responsible for?</strong></p>\r\n<ul>\r\n<li>Implement shift-left testing, automation first to test early and often</li>\r\n<li>Code automated tests during build and regression test phases and integrate into the CI/CD pipeline</li>\r\n<li>Create test plans, execute test cases, and prepare test summary reports for features built-in your team</li>\r\n<li>Review solution documentation, and assist with the analysis, testing, and resolution of issues</li>\r\n<li>Support defining the user story acceptance criteria and ensuring stories meet the high level of quality</li>\r\n<li>Influence your team to think of Quality first, conduct training to empower developers to a level of sufficient testing skills</li>\r\n</ul>\r\n</div>\r\n<div class="imy-5 paragraph">\r\n<h4>Y&ecirc;u cầu c&ocirc;ng việc</h4>\r\n<p><strong>Must-have skills:</strong></p>\r\n<ul>\r\n<li>Typically have <strong>5+ years in a software testing (both in manual and automation testing)</strong> role with at least <strong>3 years of automation experience</strong> in Web and API testing.</li>\r\n<li>Strong English communication skills (both verbal &amp; written), especially in the global software development environment.&nbsp;</li>\r\n<li>Solid knowledge of testing methodologies covering test levels, static test, and dynamic testing.&nbsp;</li>\r\n<li>Manage/ deliver test execution for the new features in different testing life cycles.&nbsp;</li>\r\n<li>Strong at using<strong> </strong>testing frameworks and tools, at least one or more from this list: Selenium Webdriver automation framework (Java), Cypress (Javascript/ Typescript), Automation framework.</li>\r\n<li>Experienced in implementing/ maintaining automation test scripts. Develop/ improve existing automation framework.</li>\r\n<li>The technologies we use in our Quality practices are below. <em>We don&rsquo;t expect you to know all of them</em>, but having experience with a large number of technologies is ideal:&nbsp;</li>\r\n</ul>\r\n<p>&nbsp; &nbsp; &nbsp; &nbsp;&ndash; Experience with <strong>Java</strong> or <strong>Javascript/Typescript</strong> programming (or similar languages)&nbsp;</p>\r\n<p>&nbsp; &nbsp; &nbsp; &nbsp;&ndash; QTest, JIRA, Confluence&nbsp;</p>\r\n<p>&nbsp; &nbsp; &nbsp; &nbsp;&ndash; PACT, Postman, SoapUI, REST ,TestNG, Selenium, Cypress, Appium, Espresso,&hellip;</p>\r\n<ul>\r\n<li>Be able to carry testing independently in a cross-functional team following Agile process.</li>\r\n<li>Ability to work in a dynamic and continuously changing environment.</li>\r\n<li>Ability to coach and motivate developers to ensure their features are of high test-ability.</li>\r\n</ul>\r\n<p><strong>Nice-to-have</strong></p>\r\n<ul>\r\n<li>ISTQB &ndash; Certified&nbsp;</li>\r\n<li>Experience in the Banking or Financial Services industry&nbsp;</li>\r\n<li>Exposure to AWS and cloud-native architecture</li>\r\n<li>Performance: JMeter, LoadRunner, Gatling&nbsp;</li>\r\n<li>Experienced testing on a Microservice-based system (Restful API, Event/ Message driven, Logging)</li>\r\n<li>Familiar with CI/CD process and tools: Jenkins, Docker, AWS, Azure, &hellip;</li>\r\n</ul>\r\n</div>\r\n<div class="imy-5 paragraph">\r\n<h4>Tại sao bạn sẽ y&ecirc;u th&iacute;ch l&agrave;m việc tại đ&acirc;y</h4>\r\n<p><strong>1. Generous compensation and benefit package</strong>&nbsp;</p>\r\n<ul>\r\n<li>Attractive salary and benefits &nbsp;</li>\r\n<li>20-day annual leave and 7-day sick leave, etc. &nbsp;</li>\r\n<li>13th month salary and Annual Performance Bonus &nbsp;</li>\r\n<li>Premium healthcare for yourself and family members &nbsp;</li>\r\n</ul>\r\n<p><strong>2. Exciting career and development opportunities </strong>&nbsp;</p>\r\n<ul>\r\n<li>Large scale products with modern technologies in banking domain &nbsp;</li>\r\n<li>Clear roadmap for career advancement in both technical and leadership pathways &nbsp;</li>\r\n<li>Sponsored certificates in both IT and banking/finance &nbsp;</li>\r\n<li>Premium accounts on Udemy/A Cloud Guru/Coursera/LinkedIn, etc. &nbsp;</li>\r\n<li>English learning with native teachers &nbsp;</li>\r\n</ul>\r\n<p><strong>3. Professional and engaging working environment</strong>&nbsp;</p>\r\n<ul>\r\n<li>Hybrid working model and excellent work-life balance   &nbsp;</li>\r\n<li>Well-equipped &amp; modern Agile office with fully-stocked pantry  &nbsp;</li>\r\n<li>Annual company trip and events    &nbsp;</li>\r\n</ul>\r\n<p><strong>A DIVERSE AND INCLUSIVE WORKPLACE WORKS BETTER FOR EVERYONE</strong>&nbsp;</p>\r\n<p>NAB is a place where colleagues of all genders, sexualities and ages, carers and colleagues with disability, and colleagues from all cultures, races and religions have the opportunity to thrive, connect and grow.&nbsp;</p>\r\n<p><strong>If this excites you, let's have a chat over a cup of coffee!</strong>&nbsp;</p>\r\n</div>\r\n</section>	t	You'll love it	Mid/Senior Quality Engineer	2025-02-22 22:47:14.022	Hybrid	7
4	<div class="imy-3 paragraph">\r\n<h4>Top 3 reasons to join us</h4>\r\n<ul>\r\n<li>Global Exposure</li>\r\n<li>Fast Track Career</li>\r\n<li>Diversified Jobs &amp; Technologies</li>\r\n</ul>\r\n</div>\r\n<div class="imy-5 paragraph">\r\n<h4>Job description</h4>\r\n<p>&bull;&nbsp;<strong>3 slots get signing bonus up to 20M for embedded/ automotive tester onboard before 28/02/2025</strong></p>\r\n<p><strong>About us</strong><br>A subsidiary of the FPT Group, FPT Software is known as a leading global information technology service provider headquartered in Vietnam. With over 30,000 employees working in 83 offices across 30 countries on five continents, FPT Software consistently delivers the best solutions to more than 1000 clients, including 100 Fortune 500 companies. Placing human resources as the cornerstone of its achievements, employee experience is our top priority in continually creating an innovative, open, and enjoyable work environment for every member.</p>\r\n<p>In 2023, FPT Software officially made its mark on the global billion-dollar company list. This is evidence of the talent and efforts of multiple generations of employees at FPT Software.</p>\r\n<p>Why not explore your potential and embark on a brilliant journey with us?</p>\r\n<p><strong>Responsibilities</strong><br>&bull; We are looking for an<strong>&nbsp;Embedded/Automotive Tester</strong>&nbsp;to join our software team for automotive testing<br>&bull; By joining with us, you will be part of a high performance and enthusiastic software development team in a pleasant work environment. You will be working closely with leading car manufacturers on the definition and implementation of solutions for the 2020 autonomous cars.</p>\r\n<p><strong>Responsibilities</strong><br>&bull; Analyze business requirements<br>&bull; Make test cases and Test design<br>&bull; Execute test, log bug and create test report<br>&bull; Communicate with developer to verify the bug, communicate with customer to clear requirement<br>&bull; Communicate testing timelines</p>\r\n</div>\r\n<div class="imy-5 paragraph">\r\n<h4>Your skills and experience</h4>\r\n<p>&bull; Have base IT<br>&bull; At least 4-year experience in Embedded/Automotive testing<br>&bull; Have knowledge of requirement analyzing<br>&bull; At least 4-year Experience in developing test cases/ test design<br>&bull; Strong written and verbal communications skills<br>&bull; Experience working on different development lifecycle<br>&bull; Strong problem solving skills<br>&bull; Strong quality orientation, Strong leadership skill (with test lead)<br>&bull; English: 550 TOEIC up (or JP N4 up)</p>\r\n<p><strong>Nice to have:</strong><br>&bull; Have knowledge of working with Japanese customer is plus point</p>\r\n</div>\r\n<div class="imy-5 paragraph">\r\n<h4>Why you'll love working here</h4>\r\n<p>&bull; Be part of our hugely international environment; we are currently working with the USA customer, where you can have many opportunities to working oversea.<br>&bull; Competitive salary package based on skills and experience;<br>&bull; Awesome social events and parties for employees;<br>&bull; We create great teams and take very good care of them;<br>&bull; Great opportunity to grow with the company;<br>&bull; Frequent staff activities and company parties;<br>&bull; Awesome social events and parties for employees;<br>&bull; 20% discount on school fee if your sons/ daughters join FPT School;<br>&bull; Udemy/ ELSA PRO accounts for every employee &amp; Udacity accounts for Managers.</p>\r\n<p><strong>Special offer for senior level:</strong><br>&bull; Relocating package: Up to 100M (for senior candidates from Hanoi/HCM.C to Danang City);<br>&bull; Loan support: 4% interest rate (1 &ndash; 2 Billion VND package)</p>\r\n</div>	t	You'll love it	Embedded Engineer (Automation Test)-SigningBonus up~20M	2025-02-23 21:20:09.596	At office	1
21	<section class="job-content imt-5 ipy-3 ipx-5 bg-it-white box-shadow-medium border-radius-large-md text-it-black" data-jobs--jd-scroll-target="jobContent">\r\n<div class="imy-3 paragraph">\r\n<h4>3 L&yacute; do để gia nhập c&ocirc;ng ty</h4>\r\n<ul>\r\n<li>Very competitive remuneration package</li>\r\n<li>Build products for millions of users in Australia</li>\r\n<li>Hybrid and flexible working environment</li>\r\n</ul>\r\n</div>\r\n<div class="imy-5 paragraph">\r\n<h4>M&ocirc; tả c&ocirc;ng việc</h4>\r\n<p><em><strong>By applying for the above position, you accept and agree that your personal data and any information stated in the attached curriculum vitae (CV) will be used and processed by ITViec and NAB Vietnam for recruitment purposes. The storage and processing of such information will comply with the applicable laws of Vietnam, and the policies and procedures of ITViec and NAB Vietnam regarding personal data, as amended from time to time.</strong></em></p>\r\n<p><strong>YOUR JOB RESPONSIBILITIES</strong></p>\r\n<p><strong>1. Quality Management </strong>&nbsp;</p>\r\n<ul>\r\n<li>Accountable for all quality aspects in multiple squads or multiple sub-domains.&nbsp;</li>\r\n<li>Define and align with stakeholders (HO, PQEM, EM) on the testing strategy and approach.&nbsp;&nbsp;</li>\r\n<li>Participate in the strategic delivery planning of the squads and domain.&nbsp;</li>\r\n<li>Promote and implement Shift-Left testing and Automation first.&nbsp;</li>\r\n<li>Maintain and enforce testing approach, best practices, align/adapt to the global processes.&nbsp;</li>\r\n<li>Understanding the testing challenges/blockers, be an escalation point for quality issues and help to resolve them.&nbsp;</li>\r\n<li>Participate in software development process including fixing complex production code, reviewing code, and contributing to software design, if required.&nbsp;</li>\r\n<li>Drive the design, implementation, maintenance of automation frameworks and CI/CD integration.&nbsp;</li>\r\n<li>Manage all the stages of testing (ST, ST +1, SIT) and the SIT environment.&nbsp;&nbsp;</li>\r\n<li>Define, monitor and report the quality metrics.&nbsp;&nbsp;</li>\r\n<li>Manage release testing activities. review, sign-off testing results. &nbsp;</li>\r\n</ul>\r\n<p><strong>2. Talent Management </strong>&nbsp;</p>\r\n<ul>\r\n<li>Recruit and make QE hiring decision.&nbsp;&nbsp;</li>\r\n<li>Participate in planning and allocating QEs across multiple squads.&nbsp;&nbsp;</li>\r\n<li>Build a strong team culture and foster employee engagement.&nbsp;</li>\r\n</ul>\r\n<p><strong>3. Performance Management </strong>&nbsp;</p>\r\n<ul>\r\n<li>Define the QE goals based on the domain and QE center&rsquo;s priorities.&nbsp;</li>\r\n<li>Have development/career plans and 1-1 for team members.&nbsp;</li>\r\n<li>Provide feedback and assess the performance on a quarter/annual basis.&nbsp;</li>\r\n</ul>\r\n<p><strong>4. Capability Building </strong>&nbsp;</p>\r\n<ul>\r\n<li>Identify gaps, organize training for upskilling the QE capabilities.&nbsp;</li>\r\n<li>Train and enable senior QEs to take leadership roles.&nbsp;&nbsp;</li>\r\n<li>Contribute to building cross-domain capabilities for NAB.&nbsp;</li>\r\n</ul>\r\n<p><strong>5. Innovation</strong> &nbsp;</p>\r\n<ul>\r\n<li>Drive, contribute towards innovation in QE processes/tools and domain&rsquo;s innovations.&nbsp;</li>\r\n<li>Support the QE colleagues to stay on top of the latest testing technology trends.&nbsp;</li>\r\n</ul>\r\n</div>\r\n<div class="imy-5 paragraph">\r\n<h4>Y&ecirc;u cầu c&ocirc;ng việc</h4>\r\n<ul>\r\n<li><strong>12-15 years of quality engineering experience along with people leadership experience of large teams (20 &ndash; 30 members) </strong>with excellent leadership and organizational skills to simultaneously direct, inspire, coach, and lead multiple quality teams in a dynamically changing environment.&nbsp;</li>\r\n<li><strong>Strong quality mindset and familiar with implementing shift-left testing approach.</strong>&nbsp;</li>\r\n<li>Expert in testing methodologies and techniques, extensive experience with the quality engineering practices of end-to-end enterprise grade systems.&nbsp;</li>\r\n<li>Ability to implement domain level strategies to improve the quality of application.&nbsp;</li>\r\n<li>Knowledge of software development, software design, and overall system architecture.&nbsp;</li>\r\n<li>Strong programming skills in any programming language. (such as Java, JavaScript, Python)&nbsp;&nbsp;</li>\r\n<li>Expert in automation architect and framework development<strong> </strong>from scratch using specific domain testing stack. (Such as Selenium, Appium, Espresso, WDIO, Playwright, Rest Assured,&nbsp;&nbsp;</li>\r\n<li>Solid Cloud and CI/CD Experience - Knowledge of AWS, Azure, Docker &amp; Kubernetes, Jenkins&nbsp;</li>\r\n<li>Demonstrable problem-solving and decision-making skills along with strong teamwork, collaboration &amp; communication.&nbsp;</li>\r\n<li>Ability to learn and become an SME in a banking domain or subdomain (s)&nbsp;</li>\r\n</ul>\r\n</div>\r\n<div class="imy-5 paragraph">\r\n<h4>Tại sao bạn sẽ y&ecirc;u th&iacute;ch l&agrave;m việc tại đ&acirc;y</h4>\r\n<h4><strong>1. Generous compensation and benefit package</strong>&nbsp;</h4>\r\n<ul>\r\n<li>Attractive salary and benefits &nbsp;</li>\r\n<li>20-day annual leave and 7-day sick leave, etc. &nbsp;</li>\r\n<li>13th month salary and Annual Performance Bonus &nbsp;</li>\r\n<li>Premium healthcare for yourself and family members &nbsp;</li>\r\n</ul>\r\n<p><strong>2. Exciting career and development opportunities </strong>&nbsp;</p>\r\n<ul>\r\n<li>Large scale products with modern technologies in banking domain &nbsp;</li>\r\n<li>Clear roadmap for career advancement in both technical and leadership pathways &nbsp;</li>\r\n<li>Sponsored certificates in both IT and banking/finance &nbsp;</li>\r\n<li>Premium account on Udemy</li>\r\n<li>English learning with native teachers &nbsp;</li>\r\n</ul>\r\n<p><strong>3. Professional and engaging working environment</strong>&nbsp;</p>\r\n<ul>\r\n<li>Hybrid working model and excellent work-life balance   &nbsp;</li>\r\n<li>Well-equipped &amp; modern Agile office with fully-stocked pantry  &nbsp;</li>\r\n<li>Annual company trip and events   &nbsp;</li>\r\n</ul>\r\n<p><br><strong>A DIVERSE AND INCLUSIVE WORKPLACE WORKS BETTER FOR EVERYONE</strong>&nbsp;</p>\r\n<p>NAB is a place where colleagues of all genders, sexualities and ages, carers and colleagues with disability, and colleagues from all cultures, races and religions have the opportunity to thrive, connect and grow.&nbsp;</p>\r\n<p><br><strong>If this excites you, let's have a chat over a cup of coffee!</strong>&nbsp;</p>\r\n</div>\r\n</section>	t	You'll love it	Quality Engineering Manager	2025-02-22 22:29:17.262	Hybrid	7
20	<section class="job-content imt-5 ipy-3 ipx-5 bg-it-white box-shadow-medium border-radius-large-md text-it-black" data-jobs--jd-scroll-target="jobContent">\r\n<div class="imy-3 paragraph">\r\n<h4>3 L&yacute; do để gia nhập c&ocirc;ng ty</h4>\r\n<ul>\r\n<li>Very competitive remuneration package</li>\r\n<li>Build products for millions of users in Australia</li>\r\n<li>Hybrid and flexible working environment</li>\r\n</ul>\r\n</div>\r\n<div class="imy-5 paragraph">\r\n<h4>M&ocirc; tả c&ocirc;ng việc</h4>\r\n<p><em><strong>By applying for the above position, you accept and agree that your personal data and any information stated in the attached curriculum vitae (CV) will be used and processed by ITViec and NAB Vietnam for recruitment purposes. The storage and processing of such information will comply with the applicable laws of Vietnam, and the policies and procedures of ITViec and NAB Vietnam regarding personal data, as amended from time to time.</strong></em><br><br>We are looking for passionate individuals who are seeking great career opportunities in the following fields:</p>\r\n<p><strong>- Quality Engineer (QE/Automation Tester)</strong></p>\r\n<p>Join the bootcamp and kick start your careers with NAB Innovation Centre Vietnam. We focus on accelerating and supporting those who have a background in Information Technology/ Information Systems/ Computer Sciences and wanting to leapfrog their career into technology.</p>\r\n<p>Whether you are a final-year student, a recent graduate, or switching to a new career in tech, our bootcamp will provide you with core competencies, the skills, and the mindset required to work in an international software development environment.</p>\r\n<ul>\r\n<li>Learn how to build products for Australia&rsquo;s largest business bank</li>\r\n<li>Paid employment for bootcamp</li>\r\n<li>Free soft skills, English classes, and many other perks</li>\r\n<li>Hands-on training on modern software development</li>\r\n</ul>\r\n</div>\r\n<div class="imy-5 paragraph">\r\n<h4>Y&ecirc;u cầu c&ocirc;ng việc</h4>\r\n<p>We are looking for some great new talent to join us who can say yes to being:</p>\r\n<ul>\r\n<li>Analytical Problem Solvers</li>\r\n<li>Collaborative Team Players</li>\r\n<li>Outside the box Innovators</li>\r\n<li>Accountable deliverers</li>\r\n<li>Proactive and Eager Learners</li>\r\n</ul>\r\n</div>\r\n<div class="imy-5 paragraph">\r\n<h4>Tại sao bạn sẽ y&ecirc;u th&iacute;ch l&agrave;m việc tại đ&acirc;y</h4>\r\n<p><strong>It's more than just a career at NAB!</strong></p>\r\n<p>We believe in people with people and dreams, and we want you to achieve your aspirations. More than just a career, NAB Vietnam offers you a flexibility to balance your work - life, the opportunity to grow as professionals, people and a complete set of well-being offerings. If you have an appetite to learn, grow and elevate others around you, this is the place for you.</p>\r\n<p><strong>IT'S MORE THAN MONEY</strong></p>\r\n<p>We naturally also provide a very competitive remuneration package but a career with us is about a lot more than money. We believe in people with ideas and dreams, and we want you to achieve your aspirations. We will work together to deliver exceptional products and outcomes that push the limits of our own aspirations. Our passion for creating value and exceeding our customers' expectations means we are constantly striving to redefine our standards of excellence. You will have our backing to develop and our encouragement to explore, realize and reach your full potential.</p>\r\n</div>\r\n</section>	t	You'll love it	StarCamp (Fresher) Quality Engineers - Hanoi	2025-02-22 22:27:33.695	Hybrid	7
22	<section class="job-content imt-5 ipy-3 ipx-5 bg-it-white box-shadow-medium border-radius-large-md text-it-black" data-jobs--jd-scroll-target="jobContent">\r\n<div class="imy-3 paragraph">\r\n<h4>3 L&yacute; do để gia nhập c&ocirc;ng ty</h4>\r\n<ul>\r\n<li>Very competitive remuneration package</li>\r\n<li>Build products for millions of users in Australia</li>\r\n<li>Hybrid and flexible working environment</li>\r\n</ul>\r\n</div>\r\n<div class="imy-5 paragraph">\r\n<h4>M&ocirc; tả c&ocirc;ng việc</h4>\r\n<p><em><strong>By applying for the above position, you accept and agree that your personal data and any information stated in the attached curriculum vitae (CV) will be used and processed by ITViec and NAB Vietnam for recruitment purposes. The storage and processing of such information will comply with the applicable laws of Vietnam, and the policies and procedures of ITViec and NAB Vietnam regarding personal data, as amended from time to time.</strong></em></p>\r\n<p><strong>ABOUT THE JOB</strong></p>\r\n<p>We are seeking motivated Senior ReactJS Engineers who are passionate, results focused to take accountability for the design and delivery of banking front end applications.</p>\r\n<p><strong>YOUR JOB RESPONSIBILITIES</strong></p>\r\n<ul>\r\n<li>Collaborate with other NAB&rsquo;s technology leaders towards improving and fulfilling the NAB technical direction;</li>\r\n<li><strong>Design, develop, review, implement, and manage React.js application</strong>&nbsp;code and services for the production and pre-release environments;</li>\r\n<li>Participate in&nbsp;<strong>Agile software development, prototyping, and code review</strong>&nbsp;with international development teams to build scalable microservices-based products;</li>\r\n<li><strong>Understand the requirements of the customer or business</strong>&nbsp;and utilize this knowledge to develop applications that are consistent with this;</li>\r\n<li>Work with delivery teams to achieve success through&nbsp;<strong>development using CI/CD and DevOps practices,</strong>&nbsp;processes and tooling;</li>\r\n<li><strong>Provide robust coding practices, solid unit/component test coverage, and debugging code.</strong></li>\r\n<li>Freedom to make architectural and code-level decisions about the component you are working on. High level solution architecture decisions will be provided.</li>\r\n<li><strong>Peer reviews of others code,</strong>&nbsp;and the ability to recommend changes and challenge decisions</li>\r\n</ul>\r\n</div>\r\n<div class="imy-5 paragraph">\r\n<h4>Y&ecirc;u cầu c&ocirc;ng việc</h4>\r\n<ul>\r\n<li><strong>&nbsp;6 years&rsquo; + experience</strong>&nbsp;working in Software Development:&nbsp;Solid&nbsp;experience in&nbsp;<strong>JavaScript ES6/TypeScript</strong>&nbsp;working&nbsp;<strong>with&nbsp;React.js</strong>&nbsp;or similar technologies (Angular.js, Vue.js);</li>\r\n<li>Efficient in all areas of web development&nbsp;<strong>(HTML5, CSS3, Bootstrap, Foundation, JQuery, JSON)&nbsp;including&nbsp;accessibility and security</strong>&nbsp;concerns;</li>\r\n<li>Experience in&nbsp;<strong>Cloud computing&nbsp;and&nbsp;Amazon Web Services</strong></li>\r\n<li>Strong understanding of&nbsp;<strong>RESTful APIs design (GraphQL desirable)</strong>&nbsp;and&nbsp;Microservices-based system;</li>\r\n<li>Strong understanding of&nbsp;<strong>standard Software Engineering processes, Testing, and Agile methodology;</strong></li>\r\n<li>Well-versed in writing structured, well-documented, maintainable, and clean code;</li>\r\n<li><strong>Strong English communication skills</strong>&nbsp;(both verbal &amp; written), especially in the global software development environment.</li>\r\n</ul>\r\n<p><strong>Nice-to-have:</strong></p>\r\n<ul>\r\n<li>Experience in the Banking or Financial Services industry;</li>\r\n<li>Experience in using front-end testing and test runners (eg. Selenium, Mocha/Chai/Jest).</li>\r\n<li>Any additional certification or training in IT, Business, Computer Science, or related area.</li>\r\n</ul>\r\n</div>\r\n<div class="imy-5 paragraph">\r\n<h4>Tại sao bạn sẽ y&ecirc;u th&iacute;ch l&agrave;m việc tại đ&acirc;y</h4>\r\n<p><strong>1. Generous compensation and benefit package</strong>&nbsp;</p>\r\n<ul>\r\n<li>Attractive salary and benefits &nbsp;</li>\r\n<li>20-day annual leave and 7-day sick leave, etc. &nbsp;</li>\r\n<li>13th month salary and Annual Performance Bonus &nbsp;</li>\r\n<li>Premium healthcare for yourself and family members &nbsp;</li>\r\n</ul>\r\n<p><strong>2. Exciting career and development opportunities </strong>&nbsp;</p>\r\n<ul>\r\n<li>Large scale products with modern technologies in banking domain &nbsp;</li>\r\n<li>Clear roadmap for career advancement in both technical and leadership pathways &nbsp;</li>\r\n<li>Sponsored certificates in both IT and banking/finance &nbsp;</li>\r\n<li>Premium accounts on Udemy/A Cloud Guru/Coursera/LinkedIn, etc. &nbsp;</li>\r\n<li>English learning with native teachers &nbsp;</li>\r\n</ul>\r\n<p><strong>3. Professional and engaging working environment</strong>&nbsp;</p>\r\n<ul>\r\n<li>Hybrid working model and excellent work-life balance   &nbsp;</li>\r\n<li>Well-equipped &amp; modern Agile office with fully-stocked pantry  &nbsp;</li>\r\n<li>Annual company trip and events   &nbsp;</li>\r\n</ul>\r\n<p><strong>A DIVERSE AND INCLUSIVE WORKPLACE WORKS BETTER FOR EVERYONE</strong>&nbsp;</p>\r\n<p>NAB is a place where colleagues of all genders, sexualities and ages, carers and colleagues with disability, and colleagues from all cultures, races and religions have the opportunity to thrive, connect and grow.&nbsp;</p>\r\n<p><strong>If this excites you, let's have a chat over a cup of coffee!</strong>&nbsp;</p>\r\n</div>\r\n</section>	t	You'll love it	Senior ReactJS Engineer	2025-02-22 22:30:31.534	Hybrid	7
27	<section class="job-content imt-5 ipy-3 ipx-5 bg-it-white box-shadow-medium border-radius-large-md text-it-black" data-jobs--jd-scroll-target="jobContent">\r\n<div class="imy-3 paragraph">\r\n<h4>3 L&yacute; do để gia nhập c&ocirc;ng ty</h4>\r\n<ul>\r\n<li>Very competitive remuneration package</li>\r\n<li>Build products for millions of users in Australia</li>\r\n<li>Hybrid and flexible working environment</li>\r\n</ul>\r\n</div>\r\n<div class="imy-5 paragraph">\r\n<h4>M&ocirc; tả c&ocirc;ng việc</h4>\r\n<p><em><strong>By applying for the above position, you accept and agree that your personal data and any information stated in the attached curriculum vitae (CV) will be used and processed by ITViec and NAB Vietnam for recruitment purposes. The storage and processing of such information will comply with the applicable laws of Vietnam, and the policies and procedures of ITViec and NAB Vietnam regarding personal data, as amended from time to time.</strong></em></p>\r\n<p><strong>ABOUT THE JOB:</strong></p>\r\n<p>The team revolutionises and enhances the end-to-end payment acceptance experience for our customers and colleagues and delivers a digitised self-service experience along with the latest product innovations, all supported by market leading back-office systems and processes. NAB Merchant Service aims to offer convenient and secure customer payment and merchant solutions to help your business take payments online. Our mission is to lead the market by providing a simple, digital, and integrated ecosystem that can meet all a merchant or health provider's banking needs.</p>\r\n<p><strong>YOUR MAIN RESPONSIBILITIES:</strong></p>\r\n<ul>\r\n<li>Design large scale systems, interacting with other internal large-scale systems.</li>\r\n<li>Manage &amp; execute the design, development and testing of customer / colleague and technology features and in line with service priorities.</li>\r\n<li>Lead brainstorming sessions to develop potential solutions for business needs, ideas or problems.</li>\r\n<li>Present potential solutions to various stakeholders.</li>\r\n<li>Ensure tech stacks and frameworks being proposed are aligned with architectural direction.</li>\r\n<li>Define, create and present detailed Solution Design documentation to a diverse group of stakeholders (Architect forum, Design forum, Squad members...).</li>\r\n<li>Design solutions around risks, privacy, governance, compliance, etc.</li>\r\n<li>Collaborate with the software engineering teams and project stakeholders to continually deliver customer value.</li>\r\n</ul>\r\n<p><strong>WORKING RELATIONSHIPS WITHIN THE ROLE</strong></p>\r\n<ul>\r\n<li>Solutions Design Lead (frequent) -clarification of issues, referral for guidance, escalation of problems, review of work</li>\r\n<li>Architect (frequent) -clarification of requirements and issues, referral for guidance, mutual collaboration, sharing of experience and knowledge</li>\r\n<li>Applications Specialist (frequent) -clarification of requirements, mutual collaboration to ensure that outcomes are in line with business unit requirements, sharing of experience and knowledge</li>\r\n<li>Solution Design Colleagues (frequent) -mutual collaboration, sharing of experience and knowledge across teams, peer review and coaching</li>\r\n<li>Programmers (frequent) -collaborate to develop detailed system design in line with business requirements</li>\r\n<li>Project Managers (frequent) -assist in the definition of project scoping</li>\r\n</ul>\r\n</div>\r\n<div class="imy-5 paragraph">\r\n<h4>Y&ecirc;u cầu c&ocirc;ng việc</h4>\r\n<p><strong>Must have:</strong></p>\r\n<ul>\r\n<li>Experience of <strong>6+ years in application design</strong> and <strong>12+ years in the Technology</strong> industry.</li>\r\n<li><strong>Strong stakeholder management</strong> and communication skills</li>\r\n<li>Deep understanding of <strong>microservices</strong> architecture including designing and architecting microservices in large scale systems and complex environments</li>\r\n<li>Understanding of DevOps including the knowledge of testing automation, <strong>AWS/Azure Cloud</strong>, <strong>APIs</strong> and microservices</li>\r\n<li>Solid experience in designing and developing <strong>RESTful APIs</strong> and microservices-based system, Event-Driven Architecture <strong>(Kafka)</strong></li>\r\n<li>Experience with <strong>Java</strong> (Spring boot, Spring Data, Java 8 &amp;11,...) or <strong>.NET</strong> and nice-to-have JavaScript/Typescript (NodeJS, ReactJS,...)</li>\r\n<li>Experience on working with containerised application and container orchestration (e.g. Docker, K8s...)</li>\r\n<li>Understanding <strong>CI/CD</strong> and its related tools (e.g. Harness, Jenkins...)</li>\r\n<li>Strong understanding of <strong>Application Security</strong></li>\r\n<li>Experience in service integration, SDLC</li>\r\n<li>Experience on applying MS Architecture Patterns (e.g. BFF, API Gateway, Circuit breaker, Saga,...)</li>\r\n</ul>\r\n<p><strong>Nice to have:</strong></p>\r\n<ul>\r\n<li>Knowledge and experience in the Banking domain</li>\r\n<li>Solid experience in Agile development environment</li>\r\n<li>AWS certification / Azure certification</li>\r\n</ul>\r\n</div>\r\n<div class="imy-5 paragraph">\r\n<h4>Tại sao bạn sẽ y&ecirc;u th&iacute;ch l&agrave;m việc tại đ&acirc;y</h4>\r\n<p><strong>1. Generous compensation and benefit package</strong>&nbsp;</p>\r\n<ul>\r\n<li>Attractive salary and benefits &nbsp;</li>\r\n<li>20-day annual leave and 7-day sick leave, etc. &nbsp;</li>\r\n<li>13th month salary and Annual Performance Bonus &nbsp;</li>\r\n<li>Premium healthcare for yourself and family members &nbsp;</li>\r\n</ul>\r\n<p><strong>2. Exciting career and development opportunities </strong>&nbsp;</p>\r\n<ul>\r\n<li>Large scale products with modern technologies in banking domain &nbsp;</li>\r\n<li>Clear roadmap for career advancement in both technical and leadership pathways &nbsp;</li>\r\n<li>Sponsored certificates in both IT and banking/finance &nbsp;</li>\r\n<li>Premium account on Udemy &nbsp;</li>\r\n<li>English learning with native teachers &nbsp;</li>\r\n</ul>\r\n<p><strong>3. Professional and engaging working environment</strong>&nbsp;</p>\r\n<ul>\r\n<li>Hybrid working model and excellent work-life balance   &nbsp;</li>\r\n<li>Well-equipped &amp; modern Agile office with fully-stocked pantry  &nbsp;</li>\r\n<li>Annual company trip and events   &nbsp;</li>\r\n</ul>\r\n<p><br><strong>A DIVERSE AND INCLUSIVE WORKPLACE WORKS BETTER FOR EVERYONE</strong>&nbsp;</p>\r\n<p>NAB is a place where colleagues of all genders, sexualities and ages, carers and colleagues with disability, and colleagues from all cultures, races and religions have the opportunity to thrive, connect and grow.&nbsp;</p>\r\n<p><br><strong>If this excites you, let's have a chat over a cup of coffee!</strong>&nbsp;</p>\r\n</div>\r\n</section>	t	You'll love it	Solution Designer (Software Architect/Java)	2025-02-22 23:58:25.532	Hybrid	7
2	<div class="imy-3 paragraph">\r\n<h4>Top 3 reasons to join us</h4>\r\n<ul>\r\n<li>Global Exposure</li>\r\n<li>Fast Track Career</li>\r\n<li>Diversified Jobs &amp; Technologies</li>\r\n</ul>\r\n</div>\r\n<div class="imy-5 paragraph">\r\n<h4>Job description</h4>\r\n<p><strong>About us</strong></p>\r\n<p>A subsidiary of the FPT Group, FPT Software is known as a leading global information technology service provider headquartered in Vietnam. With over 30,000 employees working in 83 offices across 30 countries on five continents, FPT Software consistently delivers the best solutions to more than 1000 clients, including 100 Fortune 500 companies. Placing human resources as the cornerstone of its achievements, employee experience is our top priority in continually creating an innovative, open, and enjoyable work environment for every member.</p>\r\n<p>In 2023, FPT Software officially made its mark on the global billion-dollar company list. This is evidence of the talent and efforts of multiple generations of employees at FPT Software.</p>\r\n<p>Why not explore your potential and embark on a brilliant journey with us?</p>\r\n<p><strong>Responsibilities</strong></p>\r\n<p><strong>The Business Analyst (BA) is responsible for:</strong></p>\r\n<ul>\r\n<li>Supporting and leading any new large/complex opportunities from sales team at assessment and proposal phases.</li>\r\n<li>Provide initial and comprehensive analysis direction for technical design and business requirement of new projects.</li>\r\n<li>Support presentation of new solutions or services as advantages and benefits in pre-sales environment.</li>\r\n<li>Work closely with customers to understand their business processes and system requirements.</li>\r\n<li>Translate customer&rsquo;s requirements into software requirement specifications.</li>\r\n<li>Interact with the development team to make sure requirements are fully and correctly understood.</li>\r\n<li>Verify the system main functionalities to make sure they meet customer&rsquo;s requirements and expectations.</li>\r\n<li>Provide UAT support&nbsp;</li>\r\n<li>Manage requirement changes</li>\r\n</ul>\r\n</div>\r\n<div class="imy-5 paragraph">\r\n<h4>Your skills and experience</h4>\r\n<ul>\r\n<li>Bachelor&rsquo;s degree in Computer Science, IT, eCommerce, Economics, Mortgage, Insurance or related majors.</li>\r\n<li>Have at least 1 year&rsquo;s working experience as BA</li>\r\n<li>Have good software business analysis skills, ability to understand business objectives and translate them into specific requirements.</li>\r\n<li>Have good Japanese command both in verbal and written communication (N2up)</li>\r\n<li>Have good presentation skills.</li>\r\n<li>Prefer have the following skills: Analysis concepts, MS SQL Server or Oracle, UML, Microsoft Visio or any other GUI design tools.</li>\r\n<li>Very good educational background, preferably in the fields of computer science or engineering.</li>\r\n<li>Have knowledge in software development life-cycle from requirement to system testing.</li>\r\n<li>Proven experience as a business analyst or similar role .</li>\r\n<li>Proactive, hard-working, high responsibility and commitment are mandatory character for candidate who wants to join our team.</li>\r\n</ul>\r\n</div>\r\n<div class="imy-5 paragraph">\r\n<h4>Why you'll love working here</h4>\r\n<ul>\r\n<li>Be part of our hugely international environment; we are currently working for&nbsp;<strong>Global/Japanese</strong>&nbsp;projects, where you can have many opportunities to working overseas.</li>\r\n<li>Attractive Salary Package based on your competence plus Annual Bonus and Project Performance Bonus.</li>\r\n<li>Annual Summer Vacation support from 1 Million VND to 6 Million VND and up to 3 days off work.</li>\r\n<li>13th-month Salary.</li>\r\n<li>Salary review according to Company Policy.</li>\r\n<li>Annual leave according to Labor Law and Company Policy.</li>\r\n<li>&ldquo;FPT care&rdquo; health insurance provided by Petrolimex (PJICO) and is exclusive for FPT employees.</li>\r\n<li>20% discount on school fee if your sons/daughters join FPT School.</li>\r\n<li>Excellent cost-free learning opportunities: Udemy/ELSA PRO accounts for every employee &amp; Udacity accounts for Managers, English/Japanese/Korean classes, sponsorship for taking certification such as PMP, AWS, etc.</li>\r\n<li>International, professional, dynamic and friendly working environment and culture.</li>\r\n<li>Be part of a team in an international world-class company and exchange knowledge with technology specialists and experts from the world's leading companies.</li>\r\n<li>Frequent staff activities and company parties;</li>\r\n<li>Awesome social events and parties for employees.</li>\r\n<li>Etc.</li>\r\n</ul>\r\n<p><strong>Special offer for senior level:</strong></p>\r\n<ul>\r\n<li>Relocating package: Up to 100M (for senior candidates from Hanoi/HCM.C/DN to Quy Nhon City).</li>\r\n<li>Loan support: 4% interest rate (1 &ndash; 2 Billion VND package).</li>\r\n</ul>\r\n</div>	t	You'll love it	Business Analyst (Japanese N2 Up)	2025-02-23 21:20:22.994	At office	1
3	<div class="imy-3 paragraph">\r\n<h4>Top 3 reasons to join us</h4>\r\n<ul>\r\n<li>Global Exposure</li>\r\n<li>Fast Track Career</li>\r\n<li>Diversified Jobs &amp; Technologies</li>\r\n</ul>\r\n</div>\r\n<div class="imy-5 paragraph">\r\n<h4>Job description</h4>\r\n<p><strong>About us</strong><br>A subsidiary of the FPT Group, FPT Software is known as a leading global information technology service provider headquartered in Vietnam. With over 33,000 employees working in 83 offices across 30 countries on five continents, FPT Software consistently delivers the best solutions to more than 1000 clients, including 100 Fortune 500 companies. Placing human resources as the cornerstone of its achievements, employee experience is our top priority in continually creating an innovative, open, and enjoyable work environment for every member.</p>\r\n<p>In 2023, FPT Software officially made its mark on the global billion-dollar company list. This is evidence of the talent and efforts of multiple generations of employees at FPT Software.</p>\r\n<p>Why not explore your potential and embark on a brilliant journey with us?</p>\r\n<p><strong>Responsibilities</strong><br>&bull; Develops and maintains web applications for Media Customer<br>&bull; Work with project members, responsible for the design/code review, development, and implementation &amp; testing of software applications in a Windows environment.<br>&bull; Implement task lists, and estimate delivery assignments as functional specifications, quality standards, and project schedules.<br>&bull; Consistently delivers high-quality services and meets customer requirements.<br>&bull; Other assignments from the Project Manager.</p>\r\n</div>\r\n<div class="imy-5 paragraph">\r\n<h4>Your skills and experience</h4>\r\n<p><strong>Must have:</strong><br>&bull; Willingness to learn new programming languages and frameworks.<br>&bull; Passion for code quality and improvement.<br>&bull; Must be able to work independently and produce elegant, easily maintainable code.<br>&bull; 5+ years experienced working on ReactJS, JavaScript, HTML, CSS.<br>&bull; Experience with ES6/ES2015 or ES7/ES2016.<br>&bull; Experience with one CSS preprocessor: Sass, Less<br>&bull; Experienced with third-party dependencies and debugging dependency conflicts<br>&bull; Understanding of REST APIs, the document request model, and offline storage<br>&bull; Experience in writing good unit tests.<br>&bull; A commitment to quality and a through approach to work.<br>&bull; Good teamwork and reliability.<br>&bull; Able to discuss tradeoffs/approaches/etc. and drive architectural decisions with the client<br>&bull; Able to translate client&rsquo;s requirements to appropriate tasks for offshore team. Ensure that the work stays on track. Serves as an escalation point with Clients<br>&bull; Ability to be hands-on technically if needed (but not 100%). The ability to think out of the box (play &ldquo;solution architect&rdquo;) is important.<br>&bull; Good verbal and written English communication with the customer</p>\r\n<p><strong>Nice to have:</strong><br>&bull; Scrum / Agile Development Experience is a plus.<br>&bull; Experience AWS / Kubernetes clusters is a plus.<br>&bull; Experience in Media Entertainment (Television) domain.<br>&bull; Experience in shipping web applications to production, CI/CD flow (Jenkins)<br>&bull; Experience with code review and code refactoring is a plus.<br>&bull; Familiar with source control management: Git.<br>&bull; Positive mind (enjoy working with a colleague).</p>\r\n</div>\r\n<div class="imy-5 paragraph">\r\n<h4>Why you'll love working here</h4>\r\n<p>&bull; Successful candidates will be offered a friendly, motivated working environment.<br>&bull; Get involved in major full-cycle projects on a large scale and opportunities to work directly with specialists and experts in system designing.<br>&bull; Have a chance to be onsite in India/US<br>&bull; A challenging position with high chances for promotion<br>&bull; Very attractive salary.<br>&bull; &ldquo;FPT care&rdquo; health insurance is provided by Petrolimex (PJICO) and is exclusive for FPT employees.<br>&bull; Company shuttle buses provide a convenient way of transportation for all employees.<br>&bull; F-Town Campus provides many facilities for FPT Software employees, such as a football ground, basketball &amp; volleyball, gym center, cafeteria, etc.</p>\r\n</div>	t	You'll love it	ReactJS Developer (JavaScript)	2025-02-28 15:35:53.342	At office	1
23	<section class="job-content imt-5 ipy-3 ipx-5 bg-it-white box-shadow-medium border-radius-large-md text-it-black" data-jobs--jd-scroll-target="jobContent">\r\n<div class="imy-3 paragraph">\r\n<h4>3 L&yacute; do để gia nhập c&ocirc;ng ty</h4>\r\n<ul>\r\n<li>Very competitive remuneration package</li>\r\n<li>Build products for millions of users in Australia</li>\r\n<li>Hybrid and flexible working environment</li>\r\n</ul>\r\n</div>\r\n<div class="imy-5 paragraph">\r\n<h4>M&ocirc; tả c&ocirc;ng việc</h4>\r\n<p><em><strong>By applying for the above position, you accept and agree that your personal data and any information stated in the attached curriculum vitae (CV) will be used and processed by ITViec and NAB Vietnam for recruitment purposes. The storage and processing of such information will comply with the applicable laws of Vietnam, and the policies and procedures of ITViec and NAB Vietnam regarding personal data, as amended from time to time.</strong></em></p>\r\n<p><strong>ABOUT THE JOB</strong></p>\r\n<p>We're seeking Senior DevOps/Site Reliability Engineers who have had a proven track record of running critical shared application platforms in a production cloud environment who will take a team-first approach and can act as a multiplier, making other engineers better at their craft.</p>\r\n<p>You will be responsible for behaving in accordance with NAB's Code of Conduct and demonstrating the Enterprise Behaviours in all customers, community and employee interactions, protecting NAB information and information systems.</p>\r\n<p><strong>YOUR JOB RESPONSIBILITIES</strong></p>\r\n<ul>\r\n<li>Work in fortnightly iteration-based software development environment and required to attend Daily stand-ups, retros, planning, showcases and other Scrum activities;</li>\r\n<li>Provide support to customers of our services during business hours and in a rotating support roster due to the 24x7 nature of the services;</li>\r\n<li>Work on Change Requests, Incidents, Defects and Problem Records;</li>\r\n<li>Maintain software and infrastructure currency;</li>\r\n<li>Troubleshoot, debug and upgrade existing systems;</li>\r\n<li>Participate in Service Governance and Compliance activities;</li>\r\n<li>Complete mandatory trainings and keep your skills up to date based on project requirements and personal development;</li>\r\n<li>Establish Quarterly/Yearly professional development goals;</li>\r\n<li>Design, develop, test, deploy, maintain and improve software;</li>\r\n<li>Develop flowcharts, layouts and documentation to identify requirements &amp; solutions;</li>\r\n<li>Write well designed &amp; high-quality testable code;</li>\r\n<li>Produce specifications and determine operational feasibility;</li>\r\n<li>Integrate software components into fully functional platform;</li>\r\n<li>Apply pro-actively &amp; perform hands-on design and implementation of best practice CI/CD;</li>\r\n<li>Coaching &amp; mentoring of other Service Team members;</li>\r\n<li>Develop/contribute to software verification plans and quality assurance procedures;</li>\r\n<li>Document and maintain software functionality;</li>\r\n<li>Comply with project plans, industry standards and regulatory requirements;</li>\r\n<li>Work with Product Owners and Managers, Solution Designers, Tech Leads, Operations teams, Engineering Managers, Head of Technology, Release Train Engineers and Scrum Masters to determine software development requirements and Release priorities besides driving Operational efficiencies.</li>\r\n</ul>\r\n</div>\r\n<div class="imy-5 paragraph">\r\n<h4>Y&ecirc;u cầu c&ocirc;ng việc</h4>\r\n<ul>\r\n<li><strong>5+ years&rsquo; extensive experience of DevOps or Site Reliability Engineer </strong>across all Phases of the software lifecycle;&nbsp;</li>\r\n<li>Experienced in <strong>AWS or Azure</strong> cloud technologies;&nbsp;</li>\r\n<li>Experience in building <strong>CI/CD pipeline</strong> automation, tooling (Github, Jenkins, Artifactory, and Docker) and Compliance as code;&nbsp;</li>\r\n<li>Have an in-depth understanding of<strong> microservice architecture</strong>, API management, and distributed systems concepts; &nbsp;</li>\r\n<li>Experience with cloud services is essential, in particular, our core <strong>AWS Technologies </strong>(EC2, ECS, EKS, S3, DynamoDB, Lambda, CloudFormation, CloudWatch, SQS, SNS, ...);&nbsp;</li>\r\n<li>Experience <strong>hands-on Infrastructure as Code</strong> abilities e.g. Terraform, Ansible, Packer, <strong>Python</strong>;&nbsp;</li>\r\n<li>Experience in development using <strong>Java, Spring Boot, Database Development </strong>skills, able to fix the defect and bug in applications;&nbsp;</li>\r\n<li>Skills on AppDynamics, Splunk &amp; OpenSearch or any kind of <strong>monitoring &amp; observability tools;</strong>&nbsp;</li>\r\n<li>Linux/Unix Scripting experience, good database programming skills in JDBC, Hysterix, PostgreSQL or Oracle database;&nbsp;</li>\r\n<li>Ability to develop code and work with testers and developers;&nbsp;</li>\r\n<li>Experienced and highly capable in continually developing and balancing technical and soft skills with an understanding that making great software requires both problem identification and prevention;&nbsp;</li>\r\n<li>Strong communication, documentation, organization, and time management skills;&nbsp;</li>\r\n<li>Good English skills, both oral and written.&nbsp;</li>\r\n</ul>\r\n</div>\r\n<div class="imy-5 paragraph">\r\n<h4>Tại sao bạn sẽ y&ecirc;u th&iacute;ch l&agrave;m việc tại đ&acirc;y</h4>\r\n<h4><strong>1. Generous compensation and benefit package</strong>&nbsp;</h4>\r\n<ul>\r\n<li>Attractive salary and benefits &nbsp;</li>\r\n<li>20-day annual leave and 7-day sick leave, etc. &nbsp;</li>\r\n<li>13th month salary and Annual Performance Bonus &nbsp;</li>\r\n<li>Premium healthcare for yourself and family members &nbsp;</li>\r\n</ul>\r\n<p><strong>2. Exciting career and development opportunities </strong>&nbsp;</p>\r\n<ul>\r\n<li>Large scale products with modern technologies in banking domain &nbsp;</li>\r\n<li>Clear roadmap for career advancement in both technical and leadership pathways &nbsp;</li>\r\n<li>Sponsored certificates in both IT and banking/finance &nbsp;</li>\r\n<li>Premium account on Udemy</li>\r\n<li>English learning with native teachers &nbsp;</li>\r\n</ul>\r\n<p><strong>3. Professional and engaging working environment</strong>&nbsp;</p>\r\n<ul>\r\n<li>Hybrid working model and excellent work-life balance   &nbsp;</li>\r\n<li>Well-equipped &amp; modern Agile office with fully-stocked pantry  &nbsp;</li>\r\n<li>Annual company trip and events   &nbsp;</li>\r\n</ul>\r\n<p><br><strong>A DIVERSE AND INCLUSIVE WORKPLACE WORKS BETTER FOR EVERYONE</strong>&nbsp;</p>\r\n<p>NAB is a place where colleagues of all genders, sexualities and ages, carers and colleagues with disability, and colleagues from all cultures, races and religions have the opportunity to thrive, connect and grow.&nbsp;</p>\r\n<p><br><strong>If this excites you, let's have a chat over a cup of coffee!</strong>&nbsp;</p>\r\n</div>\r\n</section>	t	You'll love it	Senior DevOps / SRE 	2025-02-22 22:32:02.299	Hybrid	7
24	<section class="job-content imt-5 ipy-3 ipx-5 bg-it-white box-shadow-medium border-radius-large-md text-it-black" data-jobs--jd-scroll-target="jobContent">\r\n<div class="imy-3 paragraph">\r\n<h4>3 L&yacute; do để gia nhập c&ocirc;ng ty</h4>\r\n<ul>\r\n<li>Very competitive remuneration package</li>\r\n<li>Build products for millions of users in Australia</li>\r\n<li>Hybrid and flexible working environment</li>\r\n</ul>\r\n</div>\r\n<div class="imy-5 paragraph">\r\n<h4>M&ocirc; tả c&ocirc;ng việc</h4>\r\n<p><em><strong>By applying for the above position, you accept and agree that your personal data and any information stated in the attached curriculum vitae (CV) will be used and processed by ITViec and NAB Vietnam for recruitment purposes. The storage and processing of such information will comply with the applicable laws of Vietnam, and the policies and procedures of ITViec and NAB Vietnam regarding personal data, as amended from time to time.</strong></em></p>\r\n<p><strong>ABOUT THE JOB</strong>&nbsp;</p>\r\n<p>We are seeking motivated Java Engineers (all level) who are passionate, results focused to take accountability for the delivery of Microservices that will be used by banking front end applications. You will be part of our delivery team and will be responsible for providing technical leadership throughout all phases of the software delivery life cycle as we initiate a transformation of NAB technology.&nbsp;</p>\r\n<p>At NAB, we believe success comes from our people. We're committed to supporting your talent and skills through your career, as you help us build a culture that affects change for our customers and for the community too.&nbsp;</p>\r\n<p><strong>YOUR JOB RESPONSIBILITIES</strong>&nbsp;</p>\r\n<ul>\r\n<li>Design, develop, review, implement, and manage Java applications and services for the production and pre-release environments;&nbsp;</li>\r\n<li>Design, develop, review, implement, and manage continuous integration, build management and deployment scripts, systems, and any code as required;&nbsp;</li>\r\n<li>Participate in Agile software development, prototyping, and code review with international development teams to build scalable microservices-based products and APIs using Java technologies on AWS Cloud architecture;&nbsp;</li>\r\n<li>Fully understand the requirements of the customer or business and utilize this knowledge to develop applications that are consistent with this;&nbsp;</li>\r\n<li>Work with delivery teams to achieve success through development using CI/CD and DevOps practices, processes, and tooling;&nbsp;</li>\r\n<li>Provide robust coding practices, solid unit/component test coverage, and debugging code.&nbsp;</li>\r\n<li>Mentor, provide technical direction and engineering leadership for a team of engineers (for Lead)</li>\r\n<li>Provide leadership to team members (for Lead)</li>\r\n</ul>\r\n</div>\r\n<div class="imy-5 paragraph">\r\n<h4>Y&ecirc;u cầu c&ocirc;ng việc</h4>\r\n<p><strong>Must have</strong></p>\r\n<ul>\r\n<li><strong>For</strong> <strong>Middle level: 3+ years of experience</strong> as a software engineer in a complex development environment.</li>\r\n<li><strong>For</strong> <strong>Senior level: 5+ years of experience</strong> as a software engineer in a complex development environment.</li>\r\n<li><strong>For</strong> <strong>Lead level: 7+ years of experience</strong> as a software engineer in a complex development environment.</li>\r\n<li>Solid experience in <strong>Java 8+</strong> and <strong>Springboot.</strong></li>\r\n<li>Experience in <strong>designing &amp; developing RESTful APIs</strong> and complex microservices based system; troubleshooting and debugging in microservice&nbsp;</li>\r\n<li>Experience in Cloud computing and <strong>AWS or Azure</strong>&nbsp;</li>\r\n<li>Experience with <strong>unit testing and integration testing</strong>&nbsp;</li>\r\n<li>Practical experience in Containers (ECS, Kubernetes, Docker) and FaaS (AWS Lambda) technologies&nbsp;</li>\r\n<li>Good English communication skills (both verbal &amp; written), especially in the global software development environment.&nbsp;</li>\r\n<li>Experience in Agile development environments;&nbsp;</li>\r\n<li>Well-versed in writing structured, well-documented, maintainable, and clean code;&nbsp;</li>\r\n<li>Good problem-solving and analytical skills&nbsp;</li>\r\n</ul>\r\n<p><strong>Nice-to-have</strong></p>\r\n<ul>\r\n<li>Practical experience in Containers (ECS, Kubernetes, Docker) and FaaS (AWS&nbsp;Lambda) technologies.</li>\r\n<li>Experience in modern CI/CD pipelines and tools (e.g. Git, Ansible, Jenkins, NPM,&nbsp;Gradle).</li>\r\n<li>Experience in the Banking or Financial Services industry.</li>\r\n</ul>\r\n</div>\r\n<div class="imy-5 paragraph">\r\n<h4>Tại sao bạn sẽ y&ecirc;u th&iacute;ch l&agrave;m việc tại đ&acirc;y</h4>\r\n<p><strong>1. Generous compensation and benefit package</strong>&nbsp;</p>\r\n<ul>\r\n<li>Attractive salary and benefits &nbsp;</li>\r\n<li>20-day annual leave and 7-day sick leave, etc. &nbsp;</li>\r\n<li>13th month salary and Annual Performance Bonus &nbsp;</li>\r\n<li>Premium healthcare for yourself and family members &nbsp;</li>\r\n</ul>\r\n<p><strong>2. Exciting career and development opportunities </strong>&nbsp;</p>\r\n<ul>\r\n<li>Large scale products with modern technologies in banking domain &nbsp;</li>\r\n<li>Clear roadmap for career advancement in both technical and leadership pathways &nbsp;</li>\r\n<li>Sponsored certificates in both IT and banking/finance &nbsp;</li>\r\n<li>Premium accounts on Udemy/A Cloud Guru/Coursera/LinkedIn, etc. &nbsp;</li>\r\n<li>English learning with native teachers &nbsp;</li>\r\n</ul>\r\n<p><strong>3. Professional and engaging working environment</strong>&nbsp;</p>\r\n<ul>\r\n<li>Hybrid working model and excellent work-life balance   &nbsp;</li>\r\n<li>Well-equipped &amp; modern Agile office with fully-stocked pantry  &nbsp;</li>\r\n<li>Annual company trip and events   &nbsp;</li>\r\n</ul>\r\n<p><br><strong>A DIVERSE AND INCLUSIVE WORKPLACE WORKS BETTER FOR EVERYONE</strong>&nbsp;</p>\r\n<p>NAB is a place where colleagues of all genders, sexualities and ages, carers and colleagues with disability, and colleagues from all cultures, races and religions have the opportunity to thrive, connect and grow.</p>\r\n<p><strong>If this excites you, let's have a chat over a cup of coffee!</strong>&nbsp;</p>\r\n</div>\r\n</section>	t	You'll love it	Middle/Senior/Lead Java Engineer	2025-02-22 22:34:19.795	Hybrid	7
1	<h4>Top 3 reasons to join us</h4>\r\n<ul>\r\n<li>Global Exposure</li>\r\n<li>Fast Track Career</li>\r\n<li>Diversified Jobs &amp; Technologies</li>\r\n</ul>\r\n<div class="imy-5 paragraph">\r\n<h5>Job description</h5>\r\n<p>&bull;&nbsp;<strong>Work Location: Hue</strong></p>\r\n<p><strong>About us</strong><br>A subsidiary of the FPT Group, FPT Software is known as a leading global information technology service provider headquartered in Vietnam. With over 33,000 employees working in 83 offices across 30 countries on five continents, FPT Software consistently delivers the best solutions to more than 1000 clients, including 100 Fortune 500 companies. Placing human resources as the cornerstone of its achievements, employee experience is our top priority in continually creating an innovative, open, and enjoyable work environment for every member.</p>\r\n<p>In 2023, FPT Software officially made its mark on the global billion-dollar company list. This is evidence of the talent and efforts of multiple generations of employees at FPT Software.</p>\r\n<p>Why not explore your potential and embark on a brilliant journey with us?</p>\r\n<p><strong>Responsibilities</strong><br>&bull; Develop and maintain high-quality Java applications using Spring/Spring Boot and Struts.<br>&bull; Collaborate with cross-functional teams to define, design new features.<br>&bull; Ensure the performance, quality, and responsiveness of applications.<br>&bull; Identify and correct bottlenecks and fix bugs.<br>&bull; Help maintain code quality, organization, and automation.<br>&bull; Work closely with Japanese clients to understand their requirements and deliver solutions that meet their needs.<br>&bull; Create and maintain comprehensive project documentation.</p>\r\n</div>\r\n<div class="imy-5 paragraph">\r\n<h4>Your skills and experience</h4>\r\n<p><strong>Must have:</strong><br>&bull; At least 4 years of experience in Java Spring/Spring Boot, Struts development.<br>&bull; Proficient in HTML, CSS, and JavaScript.<br>&bull; Knowledgeable in Restful API Services.<br>&bull; Preference will be given to candidates with experience working with Japanese clients and handling documentation.<br>&bull; Experience in document design is a plus.<br>&bull; Proficient in SQL.<br>&bull; Experience with the Waterfall model is a plus.<br>&bull; English proficiency: able to read and understand technical documents.</p>\r\n<p><strong>For Team Lead Position:</strong><br>&bull; Must have experience leading a team of at least 5 members.<br>&bull; Experience in supporting team members, reviewing their work, and coding.</p>\r\n</div>\r\n<div class="imy-5 paragraph">\r\n<h4>Why you'll love working here</h4>\r\n<p>&bull; Attractive Salary Package based on your competence plus Annual Bonus<br>&bull; Annual Summer Vacation support from 1 Million VND to 6 Million VND and up to 3 days off work.<br>&bull; Salary review once a year according to Company Policy.<br>&bull; Annual leave according to Labor Law and Company Policy.<br>&bull; &ldquo;FPT care&rdquo; health insurance provided by In-Smart and is exclusive for FPT employees.<br>&bull; Excellent cost-free learning opportunities: Udemy/ ELSA PRO accounts for every employee &amp; Udacity accounts for Managers, English/Japanese/Korean classes, sponsorship for taking certification such as PMP, AWS, etc.</p>\r\n<p><strong>Special offer for senior level:</strong><br>&bull; Relocating package: Up to 100M (for senior candidates from Hanoi/HCM to Hue City).<br>&bull; Relocation from Central (ĐN, Quy Nhon, Quang Tri&hellip;) to Hue 30-50M<br>&bull; Loan support: 4% interest rate (1 &ndash; 2 Billion VND package).</p>\r\n</div>	t	You'll love it	Java Developer	2025-02-23 21:37:21.792	At office	1
36	<section class="job-content imt-5 ipy-3 ipx-5 bg-it-white box-shadow-medium border-radius-large-md text-it-black" data-jobs--jd-scroll-target="jobContent">\r\n<div class="imy-3 paragraph">\r\n<h4>3 L&yacute; do để gia nhập c&ocirc;ng ty</h4>\r\n<ul>\r\n<li>Global Exposure</li>\r\n<li>Fast Track Career</li>\r\n<li>Diversified Jobs &amp; Technologies</li>\r\n</ul>\r\n</div>\r\n<div class="imy-5 paragraph">\r\n<h4>M&ocirc; tả c&ocirc;ng việc</h4>\r\n<p><strong>About us</strong><br>A subsidiary of the FPT Group, FPT Software is known as a leading global information technology service provider headquartered in Vietnam. With over 30,000 employees working in 83 offices across 30 countries on five continents, FPT Software consistently delivers the best solutions to more than 1000 clients, including 100 Fortune 500 companies. Placing human resources as the cornerstone of its achievements, employee experience is our top priority in continually creating an innovative, open, and enjoyable work environment for every member.</p>\r\n<p>In 2023, FPT Software officially made its mark on the global billion-dollar company list. This is evidence of the talent and efforts of multiple generations of employees at FPT Software.</p>\r\n<p>Why not explore your potential and embark on a brilliant journey with us?</p>\r\n<p><strong>Job Brief</strong><br>&bull; FPT Software is looking for talented candidates for <strong>Full-Stack Developer</strong> position with at least 2 years&rsquo; experience. The customer is the leading technology service provider in the Asia-Pacific region, signed a cooperation agreement to develop a technology center strategic technology in Vietnam. With 12,000 highly qualified employees in more than 60 fields, they provide end-to-end technology services with capabilities in digital transformation, cloud computing, as well as core services for applications and infrastructure, engineering, and network security.<br>&bull; Join us on this new exciting journey and be part of a world class team that creates a lasting impact while nurturing your professional growth.</p>\r\n<p><strong>Responsibilities</strong><br>&bull; Collaborate with cross-functional teams to design, develop, and maintain web applications and services using ReactJS/NodeJS and other relevant technologies<br>&bull; Write well-structured, tested and efficient code following industry best practices<br>&bull; Work on both frontend and backend development tasks, including database design, API development, and user interface implementation<br>&bull; Troubleshoot and debug issues to ensure the smooth operation of web applications<br>&bull; Stay up-to-date with the latest industry trends and technologies to propose improvements and innovations</p>\r\n</div>\r\n<div class="imy-5 paragraph">\r\n<h4>Y&ecirc;u cầu c&ocirc;ng việc</h4>\r\n<p>&bull; Experience as a Full-Stack developer or similar role with at least 2 years&rsquo; experience<br>&bull; Familiarity with TypeScript, NestJS, NodeJS, and ReactJS<br>&bull; Understanding of database technologies, including TypeORM, MySQL, Redis, and DynamoDB<br>&bull; Nice to have: Experience with AWS services such as SQS, SES, SNS, S3, and Lambda<br>&bull; Familiarity with front-end technologies like HTML, CSS, and JavaScript<br>&bull; Familiarity with tool such as JIRA, Confluence<br>&bull; Good command of English (written, verbal)</p>\r\n<p><strong>Soft and Communication Skills:</strong><br>&bull; Strong problem-solving and analytical thinking abilities<br>&bull; Excellent communication and collaboration skills<br>&bull; Ability to work effectively in a team environment<br>&bull; Detail-oriented and committed to delivering high-quality code<br>&bull; Strong organizational and time management skills</p>\r\n<p><strong>Education and Certifications:</strong><br>&bull; Bachelor&rsquo;s degree in Computer Science, Software Engineering, or a related field<br>&bull; Relevant certifications in ReactJS or NodeJS are a plus</p>\r\n</div>\r\n<div class="imy-5 paragraph">\r\n<h4>Tại sao bạn sẽ y&ecirc;u th&iacute;ch l&agrave;m việc tại đ&acirc;y</h4>\r\n<p>&bull; Attractive Salary Package based on your competence plus Annual Bonus and Project Performance Bonus<br>&bull; The opportunity to work onsite in Singapore<br>&bull; &ldquo;FPT care&rdquo; health insurance provided by Petrolimex (PJICO) and is exclusive for FPT employees<br>&bull; Excellent cost-free learning opportunities: Udemy Premium account, English class, sponsor for taking certification such as PMP, AWS, etc.<br>&bull; Annual leave according to Labor Law and Company Policy<br>&bull; Other allowances: lunch allowance, working on-site allowance, etc.<br>&bull; Annual Summer Vacation support from 1 Million VND to 6 Million VND and up to 3 days off work<br>&bull; 13th-month Salary<br>&bull; Salary review according to Company Policy<br>&bull; International, professional, dynamic and friendly working environment and culture</p>\r\n</div>\r\n</section>	t	Up to $2800	Full-Stack Developer (NodeJS/ReactJS) - Up to $2800	2025-02-23 21:19:41.027	At office	1
34	<section class="job-content imt-5 ipy-3 ipx-5 bg-it-white box-shadow-medium border-radius-large-md text-it-black" data-jobs--jd-scroll-target="jobContent">\r\n<div class="imy-3 paragraph">\r\n<h4>3 L&yacute; do để gia nhập c&ocirc;ng ty</h4>\r\n<ul>\r\n<li>Global Exposure</li>\r\n<li>Fast Track Career</li>\r\n<li>Diversified Jobs &amp; Technologies</li>\r\n</ul>\r\n</div>\r\n<div class="imy-5 paragraph">\r\n<h4>M&ocirc; tả c&ocirc;ng việc</h4>\r\n<p>&bull; <strong>Work Location: Nha Trang</strong></p>\r\n<p><strong>About us</strong><br>A subsidiary of the FPT Group, FPT Software is known as a leading global information technology service provider headquartered in Vietnam. With over 30,000 employees working in 83 offices across 30 countries on five continents, FPT Software consistently delivers the best solutions to more than 1000 clients, including 100 Fortune 500 companies. Placing human resources as the cornerstone of its achievements, employee experience is our top priority in continually creating an innovative, open, and enjoyable work environment for every member.</p>\r\n<p>In 2023, FPT Software officially made its mark on the global billion-dollar company list. This is evidence of the talent and efforts of multiple generations of employees at FPT Software.</p>\r\n<p>Why not explore your potential and embark on a brilliant journey with us?</p>\r\n<p><strong>Responsibilities</strong><br>&bull; Design and development of customizations, extensions, configurations, and integrations;<br>&bull; Building applications on the Salesforce platform and supporting integrations with Salesforce, including these following modules: Pre-sales, Sales, Post-sales, Planning, Forecasting.<br>&bull; Conduct analysis on Business Requirements;<br>&bull; Provide post-implementation support for systems including analysis of production incidents;<br>&bull; Develop and update Technical Documentation;<br>&bull; Provide updates and status reports to the project manager during development and related support activities;<br>&bull; Identifies areas for improvement /enhancement on existing system module or on the entire system, and on new ones being developed. Developing new user-facing features using React.js for various projects.</p>\r\n</div>\r\n<div class="imy-5 paragraph">\r\n<h4>Y&ecirc;u cầu c&ocirc;ng việc</h4>\r\n<p>&bull; From 2 year of experience in role of Salesforce developer;<br>&bull; Technical skill set: Salesforce admin basic, Lightning Design System, Lightning Web Components (LWC), Programming language APEX, Database SOQL, Cloud services.<br>&bull; Have Knowledge of SFDC standard Objects and familiarity with designing Custom Objects and Lightning platform;<br>&bull; <strong>Experience with Sales process in Lightning Platform</strong>. A plus with experience with<strong> Marketing Cloud</strong>;<br>&bull; Expertise in Salesforce CRM Configuration, Customization, testing of applications, Custom Objects, Custom Tabs, custom fields, role based Page Layouts, Custom Reports, and Report Folders, Report extractions to various formats, design of Visual Force Pages, Dashboards and various other components.<br>&bull; Experience on API integration.<br>&bull; Practical understanding of all phases of SDLC with proven experience in successfully executing assignments of requirements gathering, estimation, design, development, testing and deployment of software systems.<br>&bull; Have analytical, problem solving, and interpersonal skills. Willingness and ability to quickly adapt to new environments and learn new technologies.<br>&bull; Good English communication skill is a big plus.</p>\r\n</div>\r\n<div class="imy-5 paragraph">\r\n<h4>Tại sao bạn sẽ y&ecirc;u th&iacute;ch l&agrave;m việc tại đ&acirc;y</h4>\r\n<p><strong>Successful candidates will be part of a friendly, motivated and committed talent teams with various benefits and attractive offers:</strong><br>&bull; Relocation Policy at least 60 Million VND (including 30M Cash and rental allowance for the first year) for the candidate who is willing to relocate to Nha Trang City.<br>&bull; 13th month Salary;<br>&bull; COMPETITIVE SALARY PACKAGE based on your competent plus Annual Bonus and Project Performance Bonus;<br>&bull; &ldquo;FPT care&rdquo; health insurance provided by Petrolimex (PJICO) and is exclusive for FPT employees;<br>&bull; Annual Summer Vacation: 1-6 million Cash, 1-3 Leave holiday;<br>&bull; Annual health checkup;<br>&bull; Udemy Premium account;<br>&bull; English class, sponsor for taking certification as: PMP, AWS&hellip;;</p>\r\n</div>\r\n</section>	t	You'll love it	Salesforce Developer	2025-02-23 21:15:58.617	At office	1
32	<section class="job-content imt-5 ipy-3 ipx-5 bg-it-white box-shadow-medium border-radius-large-md text-it-black" data-jobs--jd-scroll-target="jobContent">\r\n<div class="imy-3 paragraph">\r\n<h4>3 L&yacute; do để gia nhập c&ocirc;ng ty</h4>\r\n<ul>\r\n<li>Mức lương cạnh tranh, hấp dẫn</li>\r\n<li>M&ocirc;i trường l&agrave;m việc chuy&ecirc;n nghiệp, th&acirc;n thiện</li>\r\n<li>Được l&agrave;m việc với c&aacute;c hệ thống hiện đại, ti&ecirc;n tiến</li>\r\n</ul>\r\n</div>\r\n<div class="imy-5 paragraph">\r\n<h4>M&ocirc; tả c&ocirc;ng việc</h4>\r\n<ul>\r\n<li>Hỗ trợ c&aacute;c hoạt động Đ&agrave;o tạo, truyền th&ocirc;ng nhận thức về Rủi ro v&agrave; tu&acirc;n thủ như viết b&agrave;i, x&acirc;y dựng nội dung, triển khai c&aacute;c chương tr&igrave;nh truyền th&ocirc;ng/đ&agrave;o tạo quy chế/nội quy khối.</li>\r\n<li>Hỗ trợ c&ocirc;ng việc đảm bảo Khối CNTT tu&acirc;n thủ nội quy lao động của MB,&nbsp; c&aacute;c c&ocirc;ng việc đo lường, cải tiến nội bộ: 5S, checkin, Đo lường h&agrave;i l&ograve;ng nội bộ khối CNTT (survey)</li>\r\n<li>Tham gia hỗ trợ v&agrave; triển khai trực tiếp ở 1 số kh&acirc;u trong hoạt động đ&aacute;nh gi&aacute; nội bộ</li>\r\n<li>Tham gia hỗ trợ c&ocirc;ng t&aacute;c Quản l&yacute; văn bản của Khối v&agrave; c&aacute;c dự &aacute;n ph&aacute;t sinh kh&aacute;c khi c&oacute; y&ecirc;u cầu.</li>\r\n</ul>\r\n</div>\r\n<div class="imy-5 paragraph">\r\n<h4>Y&ecirc;u cầu c&ocirc;ng việc</h4>\r\n<ul>\r\n<li>Tốt nghiệp c&aacute;c Trường Đại học trong nước hoặc nước ngo&agrave;i</li>\r\n<li>Chuy&ecirc;n ng&agrave;nh đ&agrave;o tạo: C&ocirc;ng nghệ Th&ocirc;ng tin; Kinh tế, T&agrave;i ch&iacute;nh Ng&acirc;n h&agrave;ng... hoặc tương đương.</li>\r\n<li>Ưu ti&ecirc;n c&aacute;c bạn chuẩn bị học xong , mới ra trường c&oacute; thể đi l&agrave;m fulltime.</li>\r\n</ul>\r\n</div>\r\n<div class="imy-5 paragraph">\r\n<h4>Tại sao bạn sẽ y&ecirc;u th&iacute;ch l&agrave;m việc tại đ&acirc;y</h4>\r\n<p><strong>Trải nghiệm Thu nhập hấp dẫn với g&oacute;i đ&atilde;i ngộ to&agrave;n diện:</strong>&nbsp;</p>\r\n<ul>\r\n<li>Thưởng&nbsp;th&agrave;nh t&iacute;ch th&aacute;ng 13; Thưởng th&agrave;nh t&iacute;ch theo kết quả c&ocirc;ng việc 06 th&aacute;ng, 1 năm ; Thưởng c&aacute;c&nbsp;dịp lễ tết trong năm ; Thưởng theo danh hiệu c&aacute; nh&acirc;n v&agrave; tập thể&hellip;&nbsp;</li>\r\n<li>Du lịch nghỉ dưỡng h&agrave;ng năm</li>\r\n<li>Kh&aacute;m sức khỏe định k&igrave;</li>\r\n<li>G&oacute;i bảo hiểm sức khỏe c&aacute; nh&acirc;n v&agrave; người th&acirc;n (MIC)</li>\r\n<li>Qu&agrave; tặng v&agrave; ng&agrave;y nghỉ sinh nhật hưởng nguy&ecirc;n lương&nbsp;</li>\r\n</ul>\r\n<p><strong>Cơ hội nghề nghiệp v&agrave; ph&aacute;t triển bản th&acirc;n:</strong>&nbsp;</p>\r\n<ul>\r\n<li>Được thử sức với c&aacute;c nền tảng c&ocirc;ng nghệ mới, tham gia v&agrave;o những dự &aacute;n chuyển đổi lớn của ng&acirc;n h&agrave;ng&nbsp;</li>\r\n<li>C&oacute; cơ hội học hỏi từ c&aacute;c Chuy&ecirc;n gia, L&atilde;nh đạo nội bộ h&agrave;ng đầu tại MB trong lĩnh vực IT, T&agrave;i ch&iacute;nh ng&acirc;n h&agrave;ng&nbsp;</li>\r\n<li>Được trải nghiệm c&aacute;c&nbsp;phương ph&aacute;p học tập&nbsp;mới v&agrave;&nbsp;ph&aacute;t triển năng lực theo lộ tr&igrave;nh c&ocirc;ng danh.&nbsp;</li>\r\n<li>Hưởng c&aacute;c ch&iacute;nh s&aacute;ch hỗ trợ, khuyến kh&iacute;ch học tập, n&acirc;ng cao tr&igrave;nh độ v&agrave; ph&aacute;t triển bản th&acirc;n (chứng chỉ nghề quốc tế...)&nbsp;</li>\r\n</ul>\r\n<p><strong>M&ocirc;i trường l&agrave;m việc l&yacute; tưởng với:</strong>&nbsp;</p>\r\n<ul>\r\n<li>Những người cộng sự th&acirc;n thiện v&agrave; t&agrave;i năng&nbsp;</li>\r\n<li>Cơ sở vật chất, kh&ocirc;ng gian l&agrave;m việc xanh v&agrave; hiện đại.</li>\r\n</ul>\r\n</div>\r\n</section>	f	You'll love it	Risk and Compliance Management Support Associate	2025-02-23 21:06:01.845	At office	2
33	<div class="imy-3 paragraph">\r\n<h4>3 L&yacute; do để gia nhập c&ocirc;ng ty</h4>\r\n<ul>\r\n<li>Mức lương cạnh tranh, hấp dẫn</li>\r\n<li>M&ocirc;i trường l&agrave;m việc chuy&ecirc;n nghiệp, th&acirc;n thiện</li>\r\n<li>Được l&agrave;m việc với c&aacute;c hệ thống hiện đại, ti&ecirc;n tiến</li>\r\n</ul>\r\n</div>\r\n<div class="imy-5 paragraph">\r\n<h4>M&ocirc; tả c&ocirc;ng việc</h4>\r\n<p>Phối hợp c&ugrave;ng với c&aacute;c nh&acirc;n sự quản l&yacute; dự &aacute;n ch&iacute;nh của c&aacute;c dự &aacute;n trong c&aacute;c hoạt động sau:</p>\r\n<ul>\r\n<li>Đề xuất v&agrave; x&acirc;y dựng Phương &aacute;n triển khai dự &aacute;n theo đ&uacute;ng phạm vi v&agrave; ph&ugrave; hợp theo mục ti&ecirc;u dự &aacute;n</li>\r\n<li>Hỗ trợ x&acirc;y dựng kế hoạch triển khai chi tiết, ph&acirc;n c&ocirc;ng c&ocirc;ng việc cho c&aacute;c th&agrave;nh vi&ecirc;n trong dự &aacute;n v&agrave; gi&aacute;m s&aacute;t, đảm bảo tiến độ triển khai c&ocirc;ng việc</li>\r\n<li>Lập kế hoạch nguồn lực, x&acirc;y dựng đội dự &aacute;n, quản l&yacute; v&agrave; gi&aacute;m s&aacute;t hiệu suất l&agrave;m việc của c&aacute;c th&agrave;nh vi&ecirc;n trong dự &aacute;n</li>\r\n<li>Hỗ trợ quản l&yacute; c&aacute;c thay đổi trong qu&aacute; tr&igrave;nh triển khai, x&aacute;c định v&agrave; đ&aacute;nh gi&aacute; ảnh hưởng của c&aacute;c thay đổi đối với kế hoạch, chi ph&iacute;, nguồn lực, mục ti&ecirc;u&hellip;dự &aacute;n, đảm bảo mọi thay đổi của dự &aacute;n phải được ph&ecirc; duyệt v&agrave; tu&acirc;n thủ quy tr&igrave;nh kiểm so&aacute;t thay đổi của MB</li>\r\n<li>Hỗ trợ điều phối với c&aacute;c đối t&aacute;c trong v&agrave; ngo&agrave;i nhằm đảm bảo tiến độ, nguồn lực, ng&acirc;n s&aacute;ch, &hellip; theo kế hoạch</li>\r\n<li>Hỗ trợ tổ chức đ&agrave;o tạo hướng dẫn th&agrave;nh vi&ecirc;n về c&aacute;c phương ph&aacute;p l&agrave;m việc, quy tr&igrave;nh triển khai, c&ocirc;ng cụ &aacute;p dụng trong qu&aacute; tr&igrave;nh triển khai dự &aacute;n</li>\r\n</ul>\r\n</div>\r\n<div class="imy-5 paragraph">\r\n<h4>Y&ecirc;u cầu c&ocirc;ng việc</h4>\r\n<ul>\r\n<li>C&aacute;c bạn đang học gần xong đại học hoặc đ&atilde; tốt nghiệp c&aacute;c Trường Đại học uy t&iacute;n trong v&agrave; ngo&agrave;i nước</li>\r\n<li>Chuy&ecirc;n ng&agrave;nh: C&ocirc;ng nghệ th&ocirc;ng tin, Kinh tế, T&agrave;i ch&iacute;nh ng&acirc;n h&agrave;ng hoặc tương đương.</li>\r\n<li>Ưu ti&ecirc;n c&aacute;c ứng vi&ecirc;n c&oacute; niềm y&ecirc;u th&iacute;ch với mảng quản l&yacute; dự &aacute;n, c&oacute; c&aacute;c kiến thức, hiểu biết về Agile, Design thinking cho đội nh&oacute;m, dự &aacute;n</li>\r\n<li>Kỹ năng giao tiếp, l&agrave;m việc nh&oacute;m, l&agrave;m việc độc lập tốt</li>\r\n</ul>\r\n</div>\r\n<div class="imy-5 paragraph">\r\n<h4>Tại sao bạn sẽ y&ecirc;u th&iacute;ch l&agrave;m việc tại đ&acirc;y</h4>\r\n<p><strong>Trải nghiệm Thu nhập hấp dẫn với g&oacute;i đ&atilde;i ngộ to&agrave;n diện:</strong>&nbsp;</p>\r\n<ul>\r\n<li>Thưởng&nbsp;th&agrave;nh t&iacute;ch th&aacute;ng 13; Thưởng th&agrave;nh t&iacute;ch theo kết quả c&ocirc;ng việc 06 th&aacute;ng, 1 năm ; Thưởng c&aacute;c&nbsp;dịp lễ tết trong năm ; Thưởng theo danh hiệu c&aacute; nh&acirc;n v&agrave; tập thể&hellip;&nbsp;</li>\r\n<li>Du lịch nghỉ dưỡng h&agrave;ng năm</li>\r\n<li>Kh&aacute;m sức khỏe định k&igrave;</li>\r\n<li>G&oacute;i bảo hiểm sức khỏe c&aacute; nh&acirc;n v&agrave; người th&acirc;n (MIC)</li>\r\n<li>Qu&agrave; tặng v&agrave; ng&agrave;y nghỉ sinh nhật hưởng nguy&ecirc;n lương&nbsp;</li>\r\n</ul>\r\n<p><strong>Cơ hội nghề nghiệp v&agrave; ph&aacute;t triển bản th&acirc;n:</strong>&nbsp;</p>\r\n<ul>\r\n<li>Được thử sức với c&aacute;c nền tảng c&ocirc;ng nghệ mới, tham gia v&agrave;o những dự &aacute;n chuyển đổi lớn của ng&acirc;n h&agrave;ng&nbsp;</li>\r\n<li>C&oacute; cơ hội học hỏi từ c&aacute;c Chuy&ecirc;n gia, L&atilde;nh đạo nội bộ h&agrave;ng đầu tại MB trong lĩnh vực IT, T&agrave;i ch&iacute;nh ng&acirc;n h&agrave;ng&nbsp;</li>\r\n<li>Được trải nghiệm c&aacute;c&nbsp;phương ph&aacute;p học tập&nbsp;mới v&agrave;&nbsp;ph&aacute;t triển năng lực theo lộ tr&igrave;nh c&ocirc;ng danh.&nbsp;</li>\r\n<li>Hưởng c&aacute;c ch&iacute;nh s&aacute;ch hỗ trợ, khuyến kh&iacute;ch học tập, n&acirc;ng cao tr&igrave;nh độ v&agrave; ph&aacute;t triển bản th&acirc;n (chứng chỉ nghề quốc tế...)&nbsp;</li>\r\n</ul>\r\n<p><strong>M&ocirc;i trường l&agrave;m việc l&yacute; tưởng với:</strong>&nbsp;</p>\r\n<ul>\r\n<li>Những người cộng sự th&acirc;n thiện v&agrave; t&agrave;i năng&nbsp;</li>\r\n<li>Cơ sở vật chất, kh&ocirc;ng gian l&agrave;m việc xanh v&agrave; hiện đại.</li>\r\n</ul>\r\n</div>	t	You'll love it	Trợ Lý Dự Án - Project Assistant - Khối CNTT	2025-02-23 21:09:25.76	At office	2
11	<div class="imy-3 paragraph">\r\n<h4>3 L&yacute; do để gia nhập c&ocirc;ng ty</h4>\r\n<ul>\r\n<li>Mức lương cạnh tranh, hấp dẫn</li>\r\n<li>M&ocirc;i trường l&agrave;m việc chuy&ecirc;n nghiệp, th&acirc;n thiện</li>\r\n<li>Được l&agrave;m việc với c&aacute;c hệ thống hiện đại, ti&ecirc;n tiến</li>\r\n</ul>\r\n</div>\r\n<div class="imy-5 paragraph">\r\n<h4>M&ocirc; tả c&ocirc;ng việc</h4>\r\n<p>Quản l&yacute; v&agrave; vận h&agrave;nh hệ thống Public Cloud:</p>\r\n<ul>\r\n<li>Quản trị, cấu h&igrave;nh v&agrave; gi&aacute;m s&aacute;t c&aacute;c dịch vụ tr&ecirc;n nền tảng Public Cloud như AWS, Microsoft Azure, hoặc Google Cloud Platform (GCP).</li>\r\n<li>Triển khai v&agrave; duy tr&igrave; cơ sở hạ tầng đ&aacute;m m&acirc;y, bao gồm quản l&yacute; t&agrave;i nguy&ecirc;n (m&aacute;y ảo, mạng, lưu trữ) v&agrave; tối ưu h&oacute;a chi ph&iacute;.</li>\r\n</ul>\r\n<p>Đảm bảo an to&agrave;n v&agrave; bảo mật hệ thống:</p>\r\n<ul>\r\n<li>Thiết lập v&agrave; quản l&yacute; c&aacute;c ch&iacute;nh s&aacute;ch bảo mật, kiểm so&aacute;t truy cập, v&agrave; bảo vệ dữ liệu trong m&ocirc;i trường Public Cloud.</li>\r\n<li>Ph&acirc;n t&iacute;ch v&agrave; quản l&yacute; c&aacute;c rủi ro, đảm bảo tu&acirc;n thủ c&aacute;c ti&ecirc;u chuẩn bảo mật v&agrave; c&aacute;c quy định về dữ liệu.</li>\r\n</ul>\r\n<p>Hỗ trợ v&agrave; tối ưu h&oacute;a hiệu suất hệ thống:</p>\r\n<ul>\r\n<li>Theo d&otilde;i hiệu suất hệ thống, sử dụng c&ocirc;ng cụ gi&aacute;m s&aacute;t để ph&aacute;t hiện v&agrave; xử l&yacute; sự cố kịp thời.</li>\r\n<li>Tối ưu h&oacute;a c&aacute;c t&agrave;i nguy&ecirc;n tr&ecirc;n đ&aacute;m m&acirc;y để đạt hiệu suất v&agrave; độ tin cậy cao nhất.</li>\r\n</ul>\r\n<p>Triển khai v&agrave; quản l&yacute; c&aacute;c giải ph&aacute;p CI/CD:</p>\r\n<ul>\r\n<li>Hỗ trợ v&agrave; triển khai c&aacute;c giải ph&aacute;p tự động h&oacute;a, CI/CD tr&ecirc;n c&aacute;c nền tảng đ&aacute;m m&acirc;y.</li>\r\n<li>T&iacute;ch hợp v&agrave; triển khai ứng dụng, đảm bảo quy tr&igrave;nh ph&aacute;t triển v&agrave; triển khai phần mềm nhanh ch&oacute;ng, hiệu quả.</li>\r\n</ul>\r\n<p>X&acirc;y dựng v&agrave; thực hiện c&aacute;c biện ph&aacute;p sao lưu v&agrave; kh&ocirc;i phục:</p>\r\n<ul>\r\n<li>Thiết lập quy tr&igrave;nh sao lưu, phục hồi dữ liệu để đảm bảo t&iacute;nh sẵn s&agrave;ng v&agrave; bảo vệ dữ liệu trong c&aacute;c trường hợp khẩn</li>\r\n</ul>\r\n</div>\r\n<div class="imy-5 paragraph">\r\n<h4>Y&ecirc;u cầu c&ocirc;ng việc</h4>\r\n<ul>\r\n<li>&Iacute;t nhất 2 năm kinh nghiệm quản l&yacute; hạ tầng tr&ecirc;n c&aacute;c nền tảng Public Cloud như AWS, Azure, hoặc Google Cloud.</li>\r\n<li>Kỹ năng về thiết kế, triển khai v&agrave; quản l&yacute; hệ thống mạng, bảo mật, lưu trữ v&agrave; t&iacute;nh to&aacute;n tr&ecirc;n đ&aacute;m m&acirc;y.</li>\r\n<li>C&oacute; kinh nghiệm với c&aacute;c c&ocirc;ng cụ gi&aacute;m s&aacute;t, quản l&yacute; chi ph&iacute;, v&agrave; c&aacute;c giải ph&aacute;p tự động h&oacute;a.</li>\r\n</ul>\r\n<p>Chứng chỉ v&agrave; tr&igrave;nh độ học vấn:</p>\r\n<ul>\r\n<li>Tốt nghiệp Đại học chuy&ecirc;n ng&agrave;nh C&ocirc;ng nghệ th&ocirc;ng tin, Hệ thống th&ocirc;ng tin, hoặc c&aacute;c lĩnh vực li&ecirc;n quan.</li>\r\n<li>C&oacute; chứng chỉ li&ecirc;n quan đến c&aacute;c nền tảng Public Cloud như AWS Certified Solutions Architect, Azure Administrator, Google Cloud Associate Engineer l&agrave; một lợi thế</li>\r\n</ul>\r\n<p>Kỹ năng mềm:</p>\r\n<ul>\r\n<li>Kỹ năng giải quyết vấn đề, tư duy ph&acirc;n t&iacute;ch v&agrave; l&agrave;m việc nh&oacute;m tốt.</li>\r\n<li>C&oacute; khả năng l&agrave;m việc độc lập, tự quản l&yacute; v&agrave; sắp xếp c&ocirc;ng việc hiệu quả.</li>\r\n</ul>\r\n</div>\r\n<div class="imy-5 paragraph">\r\n<h4>Tại sao bạn sẽ y&ecirc;u th&iacute;ch l&agrave;m việc tại đ&acirc;y</h4>\r\n<p><strong>Trải nghiệm Thu nhập hấp dẫn với g&oacute;i đ&atilde;i ngộ to&agrave;n diện:</strong>&nbsp;</p>\r\n<ul>\r\n<li>Thưởng&nbsp;th&aacute;ng lương 13; Thưởng th&agrave;nh t&iacute;ch 06 th&aacute;ng, 1 năm ; Thưởng c&aacute;c&nbsp;dịp lễ tết trong năm ; Thưởng theo danh hiệu c&aacute; nh&acirc;n v&agrave; tập thể&hellip;&nbsp;</li>\r\n<li>Du lịch nghỉ dưỡng h&agrave;ng năm</li>\r\n<li>Kh&aacute;m sức khỏe định k&igrave;</li>\r\n<li>G&oacute;i bảo hiểm sức khỏe c&aacute; nh&acirc;n v&agrave; người th&acirc;n (MIC)</li>\r\n<li>Qu&agrave; tặng v&agrave; ng&agrave;y nghỉ sinh nhật hưởng nguy&ecirc;n lương&nbsp;</li>\r\n</ul>\r\n<p><strong>Cơ hội nghề nghiệp v&agrave; ph&aacute;t triển bản th&acirc;n:</strong>&nbsp;</p>\r\n<ul>\r\n<li>Được thử sức với c&aacute;c nền tảng c&ocirc;ng nghệ mới, tham gia v&agrave;o những dự &aacute;n chuyển đổi lớn của ng&acirc;n h&agrave;ng&nbsp;</li>\r\n<li>C&oacute; cơ hội học hỏi từ c&aacute;c Chuy&ecirc;n gia, l&atilde;nh đạo nội bộ h&agrave;ng đầu tại MB trong lĩnh vực IT, T&agrave;i ch&iacute;nh ng&acirc;n h&agrave;ng&nbsp;</li>\r\n<li>Được trải nghiệm c&aacute;c&nbsp;phương ph&aacute;p học tập&nbsp;mới v&agrave;&nbsp;ph&aacute;t triển năng lực theo lộ tr&igrave;nh c&ocirc;ng danh.&nbsp;</li>\r\n<li>Hưởng c&aacute;c ch&iacute;nh s&aacute;ch hỗ trợ, khuyến kh&iacute;ch học tập, n&acirc;ng cao tr&igrave;nh độ v&agrave; ph&aacute;t triển bản th&acirc;n (chứng chỉ nghề quốc tế...)&nbsp;</li>\r\n</ul>\r\n<p><strong>M&ocirc;i trường l&agrave;m việc l&yacute; tưởng với:</strong>&nbsp;</p>\r\n<ul>\r\n<li>Những người cộng sự th&acirc;n thiện v&agrave; t&agrave;i năng&nbsp;</li>\r\n<li>Cơ sở vật chất, kh&ocirc;ng gian l&agrave;m việc xanh v&agrave; hiện đại.</li>\r\n</ul>\r\n</div>	t	You'll love it	CV Quản trị hạ tầng Public Cloud-Cloud Engineer-K.CNTT	2025-02-23 20:55:40.615	At office	2
8	<div class="imy-3 paragraph">\r\n<h4>3 L&yacute; do để gia nhập c&ocirc;ng ty</h4>\r\n<ul>\r\n<li>Mức lương cạnh tranh, hấp dẫn</li>\r\n<li>M&ocirc;i trường l&agrave;m việc chuy&ecirc;n nghiệp, th&acirc;n thiện</li>\r\n<li>Được l&agrave;m việc với c&aacute;c hệ thống hiện đại, ti&ecirc;n tiến</li>\r\n</ul>\r\n</div>\r\n<div class="imy-5 paragraph">\r\n<h4>M&ocirc; tả c&ocirc;ng việc</h4>\r\n<p><strong>Chuy&ecirc;n vi&ecirc;n/ Chuy&ecirc;n vi&ecirc;n cao cấp Quản trị rủi ro c&ocirc;ng nghệ - IT Risks Management Specialist/ Senior Specialist - Khối Quản trị rủi ro (HO25.02)</strong></p>\r\n<p><strong>M&ocirc; tả c&ocirc;ng việc:</strong></p>\r\n<ul>\r\n<li>Tham gia x&acirc;y dựng v&agrave; vận h&agrave;nh c&aacute;c c&ocirc;ng cụ đo lường/ hệ thống phần mềm phục vụ cho c&ocirc;ng t&aacute;c quản trị rủi ro c&ocirc;ng nghệ</li>\r\n<li>Thực hiện gi&aacute;m s&aacute;t giới hạn an to&agrave;n, ngưỡng kiểm so&aacute;t rủi ro c&ocirc;ng nghệ đ&atilde; được thiết lập</li>\r\n<li>Ph&acirc;n t&iacute;ch, đ&aacute;nh gi&aacute; v&agrave; tư vấn giải ph&aacute;p ph&ograve;ng ngừa, giảm thiểu rủi ro đối với c&aacute;c quy tr&igrave;nh, sản phẩm, dự &aacute;n mới &hellip; của Ng&acirc;n h&agrave;ng theo phạm vi được ph&acirc;n c&ocirc;ng.</li>\r\n<li>Thu thập th&ocirc;ng tin, t&agrave;i liệu, dữ liệu phục vụ cho việc đ&aacute;nh gi&aacute; chuy&ecirc;n s&acirc;u rủi ro c&ocirc;ng nghệ theo chuy&ecirc;n đề ph&acirc;n c&ocirc;ng (đ&aacute;nh gi&aacute; theo mảng nghiệp vụ, theo sản phẩm &hellip;., bao gồm đ&aacute;nh gi&aacute; hệ thống văn bản + thực tiễn triển khai + dữ liệu hệ thống &hellip;)</li>\r\n<li>Phối hợp với c&aacute;c Khối/ph&ograve;ng/ban nghiệp vụ ph&acirc;n t&iacute;ch nguy&ecirc;n nh&acirc;n v&agrave; đề xuất phương &aacute;n xử l&yacute;, giải ph&aacute;p hạn chế rủi ro tổng thể, mang t&iacute;nh hệ thống &hellip; đối với những sự kiện rủi ro ph&aacute;t sinh (sự kiện rủi ro thuộc phạm vi được ph&acirc;n c&ocirc;ng).</li>\r\n<li>Thu thập, ph&acirc;n t&iacute;ch dữ liệu, hỗ trợ việc thiết lập b&aacute;o c&aacute;o định kỳ/đột xuất theo quy định của NHNN v&agrave;/hoặc y&ecirc;u cầu quản trị của MB về thực trạng rủi ro c&ocirc;ng nghệ ph&aacute;t sinh</li>\r\n<li>Theo d&otilde;i, gi&aacute;m s&aacute;t qu&aacute; tr&igrave;nh triển khai c&aacute;c giải ph&aacute;p, kế hoạch h&agrave;nh động đ&atilde; được Ban l&atilde;nh đạo Ng&acirc;n h&agrave;ng ph&ecirc; duyệt để ph&ograve;ng ngừa, giảm thiểu rủi ro c&ocirc;ng nghệ ph&aacute;t sinh</li>\r\n</ul>\r\n</div>\r\n<div class="imy-5 paragraph">\r\n<h4>Y&ecirc;u cầu c&ocirc;ng việc</h4>\r\n<ul>\r\n<li>Cử nh&acirc;n/ Kỹ sư chuy&ecirc;n ng&agrave;nh Ng&acirc;n h&agrave;ng-T&agrave;i ch&iacute;nh/Kinh tế/chuy&ecirc;n ng&agrave;nh kỹ thuật li&ecirc;n quan tới CNTT/kinh tế lượng, to&aacute;n kinh tế, kinh tế thống k&ecirc;, Khoa học dữ liệu</li>\r\n<li>C&oacute; kinh nghiệm trong lĩnh vực C&ocirc;ng nghệ th&ocirc;ng tin (an to&agrave;n bảo mật/ hạ tầng/ Quản l&yacute; gi&aacute;m s&aacute;t hệ thống), Quản trị rủi ro c&ocirc;ng nghệ, Kiểm to&aacute;n c&ocirc;ng nghệ tại c&aacute;c Ng&acirc;n h&agrave;ng/ C&aacute;c tổ chức t&iacute;n dụng/ t&agrave;i ch&iacute;nh/ c&ocirc;ng ty chứng kho&aacute;n l&agrave; 1 lợi thế</li>\r\n<li>Toeic 500 trở l&ecirc;n hoặc chứng chỉ tương đương</li>\r\n</ul>\r\n</div>\r\n<div class="imy-5 paragraph">\r\n<h4>Tại sao bạn sẽ y&ecirc;u th&iacute;ch l&agrave;m việc tại đ&acirc;y</h4>\r\n<p><strong>Trải nghiệm Thu nhập hấp dẫn với g&oacute;i đ&atilde;i ngộ to&agrave;n diện:</strong>&nbsp;</p>\r\n<ul>\r\n<li>Thưởng&nbsp;th&aacute;ng lương 13; Thưởng th&agrave;nh t&iacute;ch 06 th&aacute;ng, 1 năm ; Thưởng c&aacute;c&nbsp;dịp lễ tết trong năm ; Thưởng theo danh hiệu c&aacute; nh&acirc;n v&agrave; tập thể&hellip;&nbsp;</li>\r\n<li>Du lịch nghỉ dưỡng h&agrave;ng năm</li>\r\n<li>Kh&aacute;m sức khỏe định k&igrave;</li>\r\n<li>G&oacute;i bảo hiểm sức khỏe c&aacute; nh&acirc;n v&agrave; người th&acirc;n (MIC)</li>\r\n<li>Qu&agrave; tặng v&agrave; ng&agrave;y nghỉ sinh nhật hưởng nguy&ecirc;n lương&nbsp;</li>\r\n</ul>\r\n<p><strong>Cơ hội nghề nghiệp v&agrave; ph&aacute;t triển bản th&acirc;n:</strong>&nbsp;</p>\r\n<ul>\r\n<li>Được thử sức với c&aacute;c nền tảng c&ocirc;ng nghệ mới, tham gia v&agrave;o những dự &aacute;n chuyển đổi lớn của ng&acirc;n h&agrave;ng&nbsp;</li>\r\n<li>C&oacute; cơ hội học hỏi từ c&aacute;c Chuy&ecirc;n gia, l&atilde;nh đạo nội bộ h&agrave;ng đầu tại MB trong lĩnh vực IT, T&agrave;i ch&iacute;nh ng&acirc;n h&agrave;ng&nbsp;</li>\r\n<li>Được trải nghiệm c&aacute;c&nbsp;phương ph&aacute;p học tập&nbsp;mới v&agrave;&nbsp;ph&aacute;t triển năng lực theo lộ tr&igrave;nh c&ocirc;ng danh.&nbsp;</li>\r\n<li>Hưởng c&aacute;c ch&iacute;nh s&aacute;ch hỗ trợ, khuyến kh&iacute;ch học tập, n&acirc;ng cao tr&igrave;nh độ v&agrave; ph&aacute;t triển bản th&acirc;n (chứng chỉ nghề quốc tế...)&nbsp;</li>\r\n</ul>\r\n<p><strong>M&ocirc;i trường l&agrave;m việc l&yacute; tưởng với:</strong>&nbsp;</p>\r\n<ul>\r\n<li>Những người cộng sự th&acirc;n thiện v&agrave; t&agrave;i năng&nbsp;</li>\r\n<li>Cơ sở vật chất, kh&ocirc;ng gian l&agrave;m việc xanh v&agrave; hiện đại.<br>&nbsp;</li>\r\n</ul>\r\n</div>	t	You'll love it	IT Risks Management Specialist/ Senior Specialist	2025-02-23 20:54:48.793	At office	2
12	<div class="imy-3 paragraph">\r\n<h4>3 L&yacute; do để gia nhập c&ocirc;ng ty</h4>\r\n<ul>\r\n<li>Mức lương cạnh tranh, hấp dẫn</li>\r\n<li>M&ocirc;i trường l&agrave;m việc chuy&ecirc;n nghiệp, th&acirc;n thiện</li>\r\n<li>Được l&agrave;m việc với c&aacute;c hệ thống hiện đại, ti&ecirc;n tiến</li>\r\n</ul>\r\n</div>\r\n<div class="imy-5 paragraph">\r\n<h4>M&ocirc; tả c&ocirc;ng việc</h4>\r\n<ul>\r\n<li>Nghi&ecirc;n cứu c&aacute;c quy tr&igrave;nh, quy định, bộ ti&ecirc;u chuẩn chất lượng, c&ocirc;ng cụ, phương ph&aacute;p l&agrave;m việc &hellip; trong v&agrave; ngo&agrave;i nước để &aacute;p dụng cho tổ chức trong việc quản trị, vận h&agrave;nh hệ thống chất lượng.</li>\r\n<li>Theo d&otilde;i, phối hợp thực hiện trong việc nghi&ecirc;n cứu, x&acirc;y dựng, triển khai c&aacute;c giải ph&aacute;p cải tiến chất lượng</li>\r\n<li>Thiết lập bộ ti&ecirc;u ch&iacute; đo lường đ&aacute;nh gi&aacute; hiệu quả việc thực thi c&aacute;c quy tr&igrave;nh/ quy định/ giải ph&aacute;p chất lượng đ&atilde; đưa ra</li>\r\n<li>R&agrave; so&aacute;t, kiểm tra t&iacute;nh tu&acirc;n thủ c&aacute;c quy tr&igrave;nh, quy định</li>\r\n<li>Tổng hợp, theo d&otilde;i, thống k&ecirc;, ph&acirc;n t&iacute;ch dữ liệu đo lường gi&uacute;p nhận diện, cảnh b&aacute;o v&agrave; giải quyết những vấn đề chất lượng tr&ecirc;n dữ liệu.</li>\r\n<li>Đề xuất c&aacute;c &yacute; tưởng, tư vấn giải ph&aacute;p cải tiến chất lượng trong hoạt động sản xuất, vận h&agrave;nh</li>\r\n<li>Đầu mối tiếp nhận c&aacute;c &yacute; tưởng, y&ecirc;u cầu quản l&yacute; vận h&agrave;nh của c&aacute;c đơn vị tr&ecirc;n c&ocirc;ng cụ, đ&aacute;nh gi&aacute; hiệu quả, t&iacute;nh thực thi v&agrave; triển khai c&aacute;c &yacute; tưởng, y&ecirc;u cầu đ&oacute; tr&ecirc;n c&ocirc;ng cụ.</li>\r\n<li>Truyền th&ocirc;ng, đ&agrave;o tạo, hướng dẫn c&aacute;c b&ecirc;n li&ecirc;n quan để ph&aacute;t triển, vận h&agrave;nh đ&uacute;ng theo c&aacute;c quy tr&igrave;nh, quy định đ&atilde; đưa ra</li>\r\n<li>Thực hiện c&aacute;c nhiệm vụ li&ecirc;n quan tới c&ocirc;ng t&aacute;c quản l&yacute; c&aacute;c quy tr&igrave;nh, quy định theo sự ph&acirc;n giao của l&atilde;nh đạo đơn vị.<br>&nbsp;</li>\r\n</ul>\r\n</div>\r\n<div class="imy-5 paragraph">\r\n<h4>Y&ecirc;u cầu c&ocirc;ng việc</h4>\r\n<ul>\r\n<li>Tốt nghiệp Đại học trở l&ecirc;n c&aacute;c chuy&ecirc;n ng&agrave;nh : C&ocirc;ng nghệ th&ocirc;ng tin, Quản l&yacute; chất lượng hoặc tương đương.</li>\r\n<li>Tối thiểu 02 năm kinh nghiệm ở vị tr&iacute; tương đương</li>\r\n</ul>\r\n<p>C&oacute; sự am hiểu về:</p>\r\n<ul>\r\n<li>C&aacute;c ti&ecirc;u chuẩn chất lượng theo th&ocirc;ng lệ quốc tế (ISO, CMMI, ITIL ...)</li>\r\n<li>C&aacute;c c&ocirc;ng cụ phổ biến trong việc quản l&yacute;, vận h&agrave;nh tổ chức c&ocirc;ng nghệ: Jira/Confluence, SDP&nbsp;</li>\r\n<li>C&aacute;c phương ph&aacute;p l&agrave;m việc trong qu&aacute; tr&igrave;nh sản xuất, vận h&agrave;nh, quản trị chất lượng (Agile, Waterfall, QCD, Lean Management, Six Sigma &hellip;)</li>\r\n<li>Quy tr&igrave;nh ph&aacute;t triển phần mềm, quy tr&igrave;nh quản l&yacute; thay đổi</li>\r\n<li>C&oacute; c&aacute;c kỹ năng như: Tư duy hệ thống (System Thinking), Thực thi (Implementing), Control (Kiểm so&aacute;t), Data Analysis (Ph&acirc;n t&iacute;ch dữ liệu), Report (B&aacute;o c&aacute;o)</li>\r\n</ul>\r\n<p>Ưu ti&ecirc;n c&aacute;c ứng vi&ecirc;n :</p>\r\n<ul>\r\n<li>C&oacute; kinh nghiệm tương đương trong lĩnh vực ng&acirc;n h&agrave;ng</li>\r\n<li>C&oacute; một trong c&aacute;c chứng chỉ sau : PSM, PMP , PMI-ACP, Leading Safe, Internal Audit, ITIL...</li>\r\n</ul>\r\n</div>\r\n<div class="imy-5 paragraph">\r\n<h4>Tại sao bạn sẽ y&ecirc;u th&iacute;ch l&agrave;m việc tại đ&acirc;y</h4>\r\n<ul>\r\n<li>Mức lương cạnh tranh, hấp dẫn (Thưởng xếp loại thực hiện c&ocirc;ng việc 6 th&aacute;ng/lần, thưởng sinh nhật ng&acirc;n h&agrave;ng, thưởng c&aacute;c ng&agrave;y lễ tết trong năm&hellip;).</li>\r\n<li>Chế độ ph&uacute;c lợi cạnh tranh: Du lịch h&agrave;ng năm, Kh&aacute;m sức khỏe định k&igrave; h&agrave;ng năm; G&oacute;i bảo hiểm sức khỏe; C&aacute;c hoạt động tri &acirc;n, chăm lo đời sống tinh thần CBNV v&agrave; Th&acirc;n nh&acirc;n...</li>\r\n<li>M&ocirc;i trường l&agrave;m việc chuy&ecirc;n nghiệp, th&acirc;n thiện, cởi mở.</li>\r\n<li>Được l&agrave;m việc với c&aacute;c hệ thống hiện đại, ti&ecirc;n tiến nhất thị trường, &aacute;p dụng c&aacute;c c&ocirc;ng nghệ h&agrave;ng đầu về an ninh bảo mật để đảm bảo an to&agrave;n cho người sử dụng.</li>\r\n<li>Cơ hội học hỏi nghiệp vụ ng&acirc;n h&agrave;ng.</li>\r\n</ul>\r\n</div>	t	500 - 1,000 USD	CV Đảm bảo chất lượng Quality Assurance ( QA/ Agile )	2025-02-23 20:55:58.309	Remote	2
5	<div class="imy-3 paragraph">\r\n<h4>3 L&yacute; do để gia nhập c&ocirc;ng ty</h4>\r\n<ul>\r\n<li>Mức lương cạnh tranh, hấp dẫn</li>\r\n<li>M&ocirc;i trường l&agrave;m việc chuy&ecirc;n nghiệp, th&acirc;n thiện</li>\r\n<li>Được l&agrave;m việc với c&aacute;c hệ thống hiện đại, ti&ecirc;n tiến</li>\r\n</ul>\r\n</div>\r\n<div class="imy-5 paragraph">\r\n<h4>M&ocirc; tả c&ocirc;ng việc</h4>\r\n<ul>\r\n<li>Ph&aacute;t triển, ứng dụng, tối ưu, t&iacute;ch hợp m&ocirc; h&igrave;nh AI cho c&aacute;c b&agrave;i to&aacute;n ứng dụng trong hoạt động Kinh doanh/Ng&acirc;n h&agrave;ng về c&aacute;c lĩnh vực Computer Vision, NLP...</li>\r\n<li>Tham gia v&agrave;o c&aacute;c c&ocirc;ng đoạn triển khai dịch vụ: Kiến tr&uacute;c hệ thống, thiết kế m&ocirc; h&igrave;nh hoạt động, luồng hoạt động, chức năng, tối ưu performance</li>\r\n<li>Coding, test metrics, service v&agrave; unit test theo m&ocirc; h&igrave;nh DevOps, MLOps</li>\r\n<li>Nghi&ecirc;n cứu, t&igrave;m hiểu c&aacute;c b&agrave;i b&aacute;o khoa học mới nhất về AI, ML, DL</li>\r\n</ul>\r\n</div>\r\n<div class="imy-5 paragraph">\r\n<h4>Y&ecirc;u cầu c&ocirc;ng việc</h4>\r\n<ul>\r\n<li>Tốt nghiệp Đại học c&aacute;c chuy&ecirc;n ng&agrave;nh: C&ocirc;ng nghệ th&ocirc;ng tin, Khoa học m&aacute;y t&iacute;nh, Điện tử viễn th&ocirc;ng, C&ocirc;ng nghệ phần mềm, Hệ thống th&ocirc;ng tin....</li>\r\n<li>C&oacute; tối thiểu 1,5 năm kinh nghiệm tương đương tại vị tr&iacute; tuyển dụng</li>\r\n</ul>\r\n<p>C&oacute; kiến thức v&agrave; hiểu biết về:<br>&nbsp; &nbsp; &nbsp;&bull; Ng&ocirc;n ngữ lập tr&igrave;nh Python, C/C++<br>&nbsp; &nbsp; &nbsp;&bull; Service/MicroService với một trong c&aacute;c framework FastAPI/Flask/Django<br>&nbsp; &nbsp; &nbsp;&bull; Tensorflow/Pytorch/DGL/PyG/Onnx<br>&nbsp; &nbsp; &nbsp;&bull; API (Restful/gRPC), Lập tr&igrave;nh an to&agrave;n, đảm bảo &amp; tối ưu hiệu năng<br>&nbsp; &nbsp; &nbsp;&bull; Git v&agrave; Git Flow, Docker/ Kubernete, Kubeflow/MLFlow, TritonServer/ Tensorflow Serving<br>&nbsp; &nbsp; &nbsp;&bull; C&aacute;c dạng b&agrave;i to&aacute;n Supervised learning, Reinforcement learning<br>&nbsp; &nbsp; &nbsp;&bull; Xử l&yacute; Ảnh (Computer Vision)/Video/&Acirc;m thanh/Ng&ocirc;n ngữ tự nhi&ecirc;n (NLP)<br>&nbsp; &nbsp; &nbsp;&bull; CNN/RNN/Transformer/Attention, SVM/KNN/Clustering, GNN vv...<br>&nbsp; &nbsp; &nbsp;&bull; Kỹ thuật Knowledge Distiller/ Model Prune, &nbsp;Model Quantization</p>\r\n</div>\r\n<div class="imy-5 paragraph">\r\n<h4>Tại sao bạn sẽ y&ecirc;u th&iacute;ch l&agrave;m việc tại đ&acirc;y</h4>\r\n<p><strong>Trải nghiệm Thu nhập hấp dẫn với g&oacute;i đ&atilde;i ngộ to&agrave;n diện:</strong>&nbsp;</p>\r\n<ul>\r\n<li>Thưởng&nbsp;th&aacute;ng lương 13; Thưởng th&agrave;nh t&iacute;ch 06 th&aacute;ng, 1 năm ; Thưởng c&aacute;c&nbsp;dịp lễ tết trong năm ; Thưởng theo danh hiệu c&aacute; nh&acirc;n v&agrave; tập thể&hellip;&nbsp;</li>\r\n<li>Du lịch nghỉ dưỡng h&agrave;ng năm, Kh&aacute;m sức khỏe định k&igrave;; G&oacute;i bảo hiểm sức khỏe c&aacute; nh&acirc;n v&agrave; người th&acirc;n (MIC); Qu&agrave; tặng v&agrave; ng&agrave;y nghỉ sinh nhật hưởng nguy&ecirc;n lương&nbsp;</li>\r\n</ul>\r\n<p><strong>Cơ hội nghề nghiệp v&agrave; ph&aacute;t triển bản th&acirc;n:</strong>&nbsp;</p>\r\n<ul>\r\n<li>Được thử sức với c&aacute;c nền tảng c&ocirc;ng nghệ mới, tham gia v&agrave;o những dự &aacute;n chuyển đổi lớn của ng&acirc;n h&agrave;ng&nbsp;</li>\r\n<li>C&oacute; cơ hội học hỏi từ c&aacute;c Chuy&ecirc;n gia, l&atilde;nh đạo nội bộ h&agrave;ng đầu tại MB trong lĩnh vực IT, T&agrave;i ch&iacute;nh ng&acirc;n h&agrave;ng&nbsp;</li>\r\n<li>Được trải nghiệm c&aacute;c&nbsp;phương ph&aacute;p học tập&nbsp;mới v&agrave;&nbsp;ph&aacute;t triển năng lực theo lộ tr&igrave;nh c&ocirc;ng danh.&nbsp;</li>\r\n<li>Hưởng c&aacute;c ch&iacute;nh s&aacute;ch hỗ trợ, khuyến kh&iacute;ch học tập, n&acirc;ng cao tr&igrave;nh độ v&agrave; ph&aacute;t triển bản th&acirc;n (chứng chỉ nghề quốc tế...)&nbsp;</li>\r\n</ul>\r\n<p><strong>M&ocirc;i trường l&agrave;m việc l&yacute; tưởng với:</strong>&nbsp;</p>\r\n<ul>\r\n<li>Những người cộng sự th&acirc;n thiện v&agrave; t&agrave;i năng&nbsp;</li>\r\n<li>Cơ sở vật chất, kh&ocirc;ng gian l&agrave;m việc xanh v&agrave; hiện đại.</li>\r\n</ul>\r\n</div>	t	You'll love it	AI-AI Engineer ( Python/ Django/ C++ ) - Khối CNTT	2025-02-23 20:54:02.778	At office	2
6	<div class="imy-3 paragraph">\r\n<h4>3 L&yacute; do để gia nhập c&ocirc;ng ty</h4>\r\n<ul>\r\n<li>Mức lương cạnh tranh, hấp dẫn</li>\r\n<li>M&ocirc;i trường l&agrave;m việc chuy&ecirc;n nghiệp, th&acirc;n thiện</li>\r\n<li>Được l&agrave;m việc với c&aacute;c hệ thống hiện đại, ti&ecirc;n tiến</li>\r\n</ul>\r\n</div>\r\n<div class="imy-5 paragraph">\r\n<h4>M&ocirc; tả c&ocirc;ng việc</h4>\r\n<p><strong>Junior Fullstack Developer:</strong></p>\r\n<ul>\r\n<li>Lập tr&igrave;nh, ph&aacute;t triển c&aacute;c hệ thống, ứng dụng của Ng&acirc;n h&agrave;ng.</li>\r\n<li>Ph&aacute;t triển hoặc phối hợp c&ugrave;ng c&aacute;c nh&agrave; cung cấp ph&aacute;t triển v&agrave; triển khai c&aacute;c giải ph&aacute;p CNTT.</li>\r\n<li>Quản l&yacute;, ph&aacute;t triển dịch vụ t&iacute;ch hợp với c&aacute;c hệ thống core như: T24, WAY4, BPM, CRM, CIC ...</li>\r\n<li>Nghi&ecirc;n cứu, thử nghiệm, triển khai &aacute;p dụng c&aacute;c xu hướng c&ocirc;ng nghệ mới v&agrave;o việc ph&aacute;t triển: GraphQL, Docker Container (K8s), CICD, EventSourcing, CQRS, NoSQL ...</li>\r\n<li>Duy tr&igrave; hoạt động của c&aacute;c sản phẩm dịch vụ trong phạm vi quản l&yacute;.</li>\r\n</ul>\r\n<p><strong>Senior Fullstack Developer:&nbsp;</strong>Bổ sung c&aacute;c nh&oacute;m c&ocirc;ng việc sau:</p>\r\n<ul>\r\n<li>Tham gia ph&acirc;n t&iacute;ch nghiệp vụ, đề xuất giải ph&aacute;p, phương &aacute;n triển khai nhằm cải tiến, n&acirc;ng cao hiệu quả của c&aacute;c dự &aacute;n trong qu&aacute; tr&igrave;nh l&agrave;m việc.</li>\r\n<li>L&ecirc;n timeline c&ocirc;ng việc, chia tasks cho c&aacute;c th&agrave;nh vi&ecirc;n trong nh&oacute;m, gi&aacute;m s&aacute;t v&agrave; hỗ trợ c&aacute;c th&agrave;nh vi&ecirc;n ho&agrave;n th&agrave;nh đ&uacute;ng cam kết.</li>\r\n<li>Dẫn dắt nh&oacute;m 03-06 nh&acirc;n sự, gi&uacute;p th&agrave;nh vi&ecirc;n c&ugrave;ng ph&aacute;t triển v&agrave; ho&agrave;n th&agrave;nh nhiệm vụ được giao.</li>\r\n</ul>\r\n</div>\r\n<div class="imy-5 paragraph">\r\n<h4>Y&ecirc;u cầu c&ocirc;ng việc</h4>\r\n<p><strong>Y&ecirc;u cầu chung:</strong></p>\r\n<ul>\r\n<li>Tốt nghiệp Đại học ch&iacute;nh quy c&aacute;c chuy&ecirc;n ng&agrave;nh C&ocirc;ng nghệ th&ocirc;ng tin, Khoa học m&aacute;y t&iacute;nh, Điện tử viễn th&ocirc;ng, C&ocirc;ng nghệ phần mềm, Hệ thống th&ocirc;ng tin ...&nbsp;</li>\r\n<li>Th&agrave;nh thạo tiếng Anh (<em>TOEIC 450 trở l&ecirc;n hoặc tương đương</em>).</li>\r\n<li>Hiểu biết về quy tr&igrave;nh ph&aacute;t triển phần mềm v&agrave; quen thuộc với tư duy l&agrave;m việc Agile.</li>\r\n</ul>\r\n<p><strong>Đối với ứng vi&ecirc;n Junior:</strong></p>\r\n<ul>\r\n<li>Tối thiểu 01 năm kinh nghiệm l&agrave;m việc tại c&aacute;c c&ocirc;ng ty, dự &aacute;n về lập tr&igrave;nh Fullstack.</li>\r\n<li>Th&agrave;nh thạo &iacute;t nhất 01 trong c&aacute;c ng&ocirc;n ngữ BackEnd (<em>VD: Java, NodeJS</em>) v&agrave; FrontEnd frameworks (<em>VD:</em>&nbsp;<em>Angularjs, ReactJS</em>).</li>\r\n<li>Th&agrave;nh thạo &iacute;t nhất 01 trong c&aacute;c loại database: Oracle, SQLserver, PostgreSQL, Mongodb ...</li>\r\n<li>Hiểu biết về restful, GraqpQL.</li>\r\n<li>C&oacute; kinh nghiệm trong mảng t&agrave;i ch&iacute;nh ng&acirc;n h&agrave;ng l&agrave; một lợi thế.</li>\r\n</ul>\r\n<p>​<strong>Đối với ứng vi&ecirc;n Senior:&nbsp;</strong>Bổ sung c&aacute;c điều kiện:</p>\r\n<ul>\r\n<li>Tối thiểu 03 năm kinh nghiệm l&agrave;m việc tại c&aacute;c c&ocirc;ng ty, dự &aacute;n về lập tr&igrave;nh BackEnd; trong đ&oacute;, tối thiểu 01 năm kinh nghiệm l&agrave;m việc với microservices.</li>\r\n<li>Hiểu biết s&acirc;u về c&aacute;c kỹ thuật/c&ocirc;ng nghệ: MySQL, Redis, MongoDB, PostgreSQL, Kafka &hellip;</li>\r\n<li>C&oacute; khả năng tuning performance của ứng dụng, hệ thống.</li>\r\n<li>C&oacute; kinh nghiệm ph&aacute;t triển, sử dụng cloud, FrontEnd l&agrave; một lợi thế.</li>\r\n</ul>\r\n</div>\r\n<div class="imy-5 paragraph">\r\n<h4>Tại sao bạn sẽ y&ecirc;u th&iacute;ch l&agrave;m việc tại đ&acirc;y</h4>\r\n<ul>\r\n<li>Mức lương cạnh tranh, hấp dẫn (Thưởng xếp loại thực hiện c&ocirc;ng việc 6 th&aacute;ng/lần, thưởng sinh nhật ng&acirc;n h&agrave;ng, thưởng c&aacute;c ng&agrave;y lễ tết trong năm&hellip;).</li>\r\n<li>Chế độ ph&uacute;c lợi cạnh tranh: Du lịch h&agrave;ng năm, Kh&aacute;m sức khỏe định k&igrave; h&agrave;ng năm; G&oacute;i bảo hiểm sức khỏe; C&aacute;c hoạt động tri &acirc;n, chăm lo đời sống tinh thần CBNV v&agrave; Th&acirc;n nh&acirc;n...</li>\r\n<li>M&ocirc;i trường l&agrave;m việc chuy&ecirc;n nghiệp, th&acirc;n thiện, cởi mở.</li>\r\n<li>Được l&agrave;m việc với c&aacute;c hệ thống hiện đại, ti&ecirc;n tiến nhất thị trường, &aacute;p dụng c&aacute;c c&ocirc;ng nghệ h&agrave;ng đầu về an ninh bảo mật để đảm bảo an to&agrave;n cho người sử dụng.</li>\r\n<li>Cơ hội học hỏi nghiệp vụ ng&acirc;n h&agrave;ng.</li>\r\n</ul>\r\n</div>	t	You'll love it	Fullstack Developer (Java/ ReactJS/SQL) - All Level	2025-02-23 20:54:22.907	At office	2
31	<div class="imy-3 paragraph">\r\n<h4>3 L&yacute; do để gia nhập c&ocirc;ng ty</h4>\r\n<ul>\r\n<li>Mức lương cạnh tranh, hấp dẫn</li>\r\n<li>M&ocirc;i trường l&agrave;m việc chuy&ecirc;n nghiệp, th&acirc;n thiện</li>\r\n<li>Được l&agrave;m việc với c&aacute;c hệ thống hiện đại, ti&ecirc;n tiến</li>\r\n</ul>\r\n</div>\r\n<div class="imy-5 paragraph">\r\n<h4>M&ocirc; tả c&ocirc;ng việc</h4>\r\n<ul>\r\n<li>Ph&acirc;n t&iacute;ch t&agrave;i liệu, y&ecirc;u cầu về kiểm thử. Cộng t&aacute;c chặt chẽ với c&aacute;c team ph&aacute;t triển, BA v&agrave; DevOps để n&acirc;ng cao chất lượng phần mềm.</li>\r\n<li>Viết, triển khai v&agrave; tối ưu c&aacute;c test scripts automation v&agrave; performace test nhằm đảm bảo chất lượng sản phẩm.</li>\r\n<li>X&acirc;y dựng kế hoạch kiểm thử (test plan) automation v&agrave; performace test</li>\r\n<li>Thực hiện kiểm thử luồng API, giao diện Web, Mobile, Database Testing</li>\r\n<li>Ph&acirc;n t&iacute;ch b&aacute;o c&aacute;o v&agrave; trace log, chỉ ra c&aacute;c lỗi về chức năng/hiệu năng, c&aacute;c điểm nghẽn (bottleneck) v&agrave; đ&aacute;nh gi&aacute; hiệu năng của hệ thống.</li>\r\n<li>Sử dụng c&aacute;c c&ocirc;ng cụ quản l&yacute; kiểm thử v&agrave; b&aacute;o c&aacute;o lỗi (bug tracking) để theo d&otilde;i v&agrave; quản l&yacute; c&aacute;c vấn đề ph&aacute;t sinh.</li>\r\n<li>X&acirc;y dựng v&agrave; duy tr&igrave; pipeline CI/CD cho việc chạy c&aacute;c test tự động, đảm bảo t&iacute;nh li&ecirc;n tục v&agrave; chất lượng của hệ thống.</li>\r\n<li>X&acirc;y dựng c&aacute;c c&ocirc;ng cụ, nền tảng, cải tiến quy tr&igrave;nh để thực hiện performance test/automation test</li>\r\n</ul>\r\n</div>\r\n<div class="imy-5 paragraph">\r\n<h4>Y&ecirc;u cầu c&ocirc;ng việc</h4>\r\n<ul>\r\n<li>Tốt nghiệp Đại học c&aacute;c chuy&ecirc;n ng&agrave;nh đ&agrave;o tạo C&ocirc;ng nghệ th&ocirc;ng tin, To&aacute;n tin, Điện tử Viễn th&ocirc;ng</li>\r\n<li>C&oacute; từ 1 năm kinh nghiệm về performance test v&agrave; automation test (bắt buộc) một trong c&aacute;c mảng API, Web hoặc Mobile.</li>\r\n<li>Sử dụng th&agrave;nh thạo một trong c&aacute;c ng&ocirc;n ngữ lập tr&igrave;nh Java, Javascript&hellip;</li>\r\n<li>C&oacute; kinh nghiệm l&agrave;m việc với c&aacute;c Framework Auto như Selenium, Serenity BDD. C&aacute;c c&ocirc;ng cụ kiểm thử hiệu năng như JMeter, K6...</li>\r\n<li>C&oacute; kinh nghiệm v&agrave; hiểu biết về kiến tr&uacute;c hệ thống, kiến tr&uacute;c hạ tầng c&aacute;c điểm checkpoint cho kiểm thử hiệu năng</li>\r\n<li>Hiểu biết về CI/CD pipeline v&agrave; c&aacute;c c&ocirc;ng cụ như Jenkins, GitLab</li>\r\n<li>Ưu ti&ecirc;n c&oacute; kinh nghiệm l&agrave;m trong mảng nghiệp vụ bank hoặc tổ chức t&agrave;i ch&iacute;nh.</li>\r\n<li>Ưu ti&ecirc;n c&oacute; kinh nghiệm lập tr&igrave;nh, lập tr&igrave;nh c&ocirc;ng cụ test</li>\r\n<li>Tiếng Anh Tốt, C&oacute; thể l&agrave;m việc trực Tiếp với c&aacute;c đối t&aacute;c nước ngo&agrave;i</li>\r\n<li>Trung thực, tin cậy, cẩn trọng</li>\r\n</ul>\r\n</div>\r\n<div class="imy-5 paragraph">\r\n<h4>Tại sao bạn sẽ y&ecirc;u th&iacute;ch l&agrave;m việc tại đ&acirc;y</h4>\r\n<p><strong>Trải nghiệm Thu nhập hấp dẫn với g&oacute;i đ&atilde;i ngộ to&agrave;n diện:</strong>&nbsp;</p>\r\n<ul>\r\n<li>Thưởng&nbsp;th&agrave;nh t&iacute;ch th&aacute;ng 13; Thưởng th&agrave;nh t&iacute;ch theo kết quả c&ocirc;ng việc 06 th&aacute;ng, 1 năm ; Thưởng c&aacute;c&nbsp;dịp lễ tết trong năm ; Thưởng theo danh hiệu c&aacute; nh&acirc;n v&agrave; tập thể&hellip;&nbsp;</li>\r\n<li>Du lịch nghỉ dưỡng h&agrave;ng năm</li>\r\n<li>Kh&aacute;m sức khỏe định k&igrave;</li>\r\n<li>G&oacute;i bảo hiểm sức khỏe c&aacute; nh&acirc;n v&agrave; người th&acirc;n (MIC)</li>\r\n<li>Qu&agrave; tặng v&agrave; ng&agrave;y nghỉ sinh nhật hưởng nguy&ecirc;n lương&nbsp;</li>\r\n</ul>\r\n<p><strong>Cơ hội nghề nghiệp v&agrave; ph&aacute;t triển bản th&acirc;n:</strong>&nbsp;</p>\r\n<ul>\r\n<li>Được thử sức với c&aacute;c nền tảng c&ocirc;ng nghệ mới, tham gia v&agrave;o những dự &aacute;n chuyển đổi lớn của ng&acirc;n h&agrave;ng&nbsp;</li>\r\n<li>C&oacute; cơ hội học hỏi từ c&aacute;c Chuy&ecirc;n gia, L&atilde;nh đạo nội bộ h&agrave;ng đầu tại MB trong lĩnh vực IT, T&agrave;i ch&iacute;nh ng&acirc;n h&agrave;ng&nbsp;</li>\r\n<li>Được trải nghiệm c&aacute;c&nbsp;phương ph&aacute;p học tập&nbsp;mới v&agrave;&nbsp;ph&aacute;t triển năng lực theo lộ tr&igrave;nh c&ocirc;ng danh.&nbsp;</li>\r\n<li>Hưởng c&aacute;c ch&iacute;nh s&aacute;ch hỗ trợ, khuyến kh&iacute;ch học tập, n&acirc;ng cao tr&igrave;nh độ v&agrave; ph&aacute;t triển bản th&acirc;n (chứng chỉ nghề quốc tế...)&nbsp;</li>\r\n</ul>\r\n<p><strong>M&ocirc;i trường l&agrave;m việc l&yacute; tưởng với:</strong>&nbsp;</p>\r\n<ul>\r\n<li>Những người cộng sự th&acirc;n thiện v&agrave; t&agrave;i năng&nbsp;</li>\r\n<li>Cơ sở vật chất, kh&ocirc;ng gian l&agrave;m việc xanh v&agrave; hiện đại.</li>\r\n</ul>\r\n</div>	t	You'll love it	Chuyên viên Kiểm thử tự động - Automation Tester	2025-02-23 20:59:02.276	At office	2
9	<div class="imy-3 paragraph">\r\n<h4>3 L&yacute; do để gia nhập c&ocirc;ng ty</h4>\r\n<ul>\r\n<li>Mức lương cạnh tranh, hấp dẫn</li>\r\n<li>M&ocirc;i trường l&agrave;m việc chuy&ecirc;n nghiệp, th&acirc;n thiện</li>\r\n<li>Được l&agrave;m việc với c&aacute;c hệ thống hiện đại, ti&ecirc;n tiến</li>\r\n</ul>\r\n</div>\r\n<div class="imy-5 paragraph">\r\n<h4>M&ocirc; tả c&ocirc;ng việc</h4>\r\n<ul>\r\n<li>Hướng dẫn, lập kế hoạch &amp; thực hiện kiểm so&aacute;t, đ&aacute;nh gi&aacute; việc thực hiện tu&acirc;n thủ quy tr&igrave;nh quy định của c&aacute;c dự &aacute;n tại MB.P129</li>\r\n<li>Hỗ trợ đ&agrave;o tạo, tư vấn, đề xuất x&acirc;y dựng quy tr&igrave;nh ph&ugrave; hợp với thực tế dự &aacute;n.</li>\r\n<li>Nghi&ecirc;n cứu, t&igrave;m hiểu đề xuất x&acirc;y dựng quy tr&igrave;nh mới hỗ trợ c&aacute;c dự &aacute;n.</li>\r\n<li>Kiểm so&aacute;t tiến độ, cảnh b&aacute;o, ph&aacute;t hiện vấn đề c&oacute; nguy cơ ảnh hưởng đến tiến độ, chất lượng sản phẩm.</li>\r\n<li>Tổng hợp, thống k&ecirc;, ph&acirc;n t&iacute;ch b&aacute;o c&aacute;o c&aacute;c số liệu theo ti&ecirc;u chuẩn y&ecirc;u cầu; từ đ&oacute; đưa ra c&aacute;c nguy cơ, vấn đề v&agrave; đề xuất thực hiện</li>\r\n<li>X&acirc;y dựng c&aacute;c ph&eacute;p đo lường chất lượng v&agrave; thực hiện đo lường c&aacute;c chỉ ti&ecirc;u chất lượng dịch vụ, sản phẩm</li>\r\n<li>Thực hiện c&aacute;c nhiệm vụ li&ecirc;n quan đến c&ocirc;ng t&aacute;c quản l&yacute; quy tr&igrave;nh được l&atilde;nh đạo ph&ograve;ng/Ban Gi&aacute;m đốc giao</li>\r\n</ul>\r\n</div>\r\n<div class="imy-5 paragraph">\r\n<h4>Y&ecirc;u cầu c&ocirc;ng việc</h4>\r\n<ul>\r\n<li>Tốt nghiệp đại học chuy&ecirc;n ng&agrave;nh cntt / quản l&yacute; chất lượng hoặc trong lĩnh vực tương đương.</li>\r\n<li>C&oacute; từ 2 năm kinh nghiệm ở vị tr&iacute; tương đương, nắm vững v&agrave; đ&atilde; từng tham gia v&agrave;o qu&aacute; tr&igrave;nh ph&aacute;t triển dự &aacute;n phần mềm</li>\r\n<li>C&oacute; kiến thức v&agrave; c&aacute;c quy tr&igrave;nh quản l&yacute; chất lượng CMMI</li>\r\n<li>Sẵn s&agrave;ng tiếp x&uacute;c với c&aacute;c yếu tố mới, hệ thống mới.</li>\r\n<li>Kỹ năng l&agrave;m việc nh&oacute;m tốt. Kỹ năng trao đổi tốt (truyền đạt dễ hiểu, biết c&aacute;ch đưa ra vấn đề v&agrave; l&agrave;m r&otilde; vấn đề/ giải ph&aacute;p)</li>\r\n<li>Am hiểu về quản trị, khai th&aacute;c phần mềm Jira/Confluence l&agrave; một lợi thế</li>\r\n</ul>\r\n</div>\r\n<div class="imy-5 paragraph">\r\n<h4>Tại sao bạn sẽ y&ecirc;u th&iacute;ch l&agrave;m việc tại đ&acirc;y</h4>\r\n<p><strong>Trải nghiệm Thu nhập hấp dẫn với g&oacute;i đ&atilde;i ngộ to&agrave;n diện:</strong>&nbsp;</p>\r\n<ul>\r\n<li>Thưởng&nbsp;th&aacute;ng lương 13; Thưởng th&agrave;nh t&iacute;ch 06 th&aacute;ng, 1 năm ; Thưởng c&aacute;c&nbsp;dịp lễ tết trong năm ; Thưởng theo danh hiệu c&aacute; nh&acirc;n v&agrave; tập thể&hellip;&nbsp;</li>\r\n<li>Du lịch nghỉ dưỡng h&agrave;ng năm</li>\r\n<li>Kh&aacute;m sức khỏe định k&igrave;</li>\r\n<li>G&oacute;i bảo hiểm sức khỏe c&aacute; nh&acirc;n v&agrave; người th&acirc;n (MIC)</li>\r\n<li>Qu&agrave; tặng v&agrave; ng&agrave;y nghỉ sinh nhật hưởng nguy&ecirc;n lương&nbsp;</li>\r\n</ul>\r\n<p><strong>Cơ hội nghề nghiệp v&agrave; ph&aacute;t triển bản th&acirc;n:</strong>&nbsp;</p>\r\n<ul>\r\n<li>Được thử sức với c&aacute;c nền tảng c&ocirc;ng nghệ mới, tham gia v&agrave;o những dự &aacute;n chuyển đổi lớn của ng&acirc;n h&agrave;ng&nbsp;</li>\r\n<li>C&oacute; cơ hội học hỏi từ c&aacute;c Chuy&ecirc;n gia, l&atilde;nh đạo nội bộ h&agrave;ng đầu tại MB trong lĩnh vực IT, T&agrave;i ch&iacute;nh ng&acirc;n h&agrave;ng&nbsp;</li>\r\n<li>Được trải nghiệm c&aacute;c&nbsp;phương ph&aacute;p học tập&nbsp;mới v&agrave;&nbsp;ph&aacute;t triển năng lực theo lộ tr&igrave;nh c&ocirc;ng danh.&nbsp;</li>\r\n<li>Hưởng c&aacute;c ch&iacute;nh s&aacute;ch hỗ trợ, khuyến kh&iacute;ch học tập, n&acirc;ng cao tr&igrave;nh độ v&agrave; ph&aacute;t triển bản th&acirc;n (chứng chỉ nghề quốc tế...)&nbsp;</li>\r\n</ul>\r\n<p><strong>M&ocirc;i trường l&agrave;m việc l&yacute; tưởng với:</strong>&nbsp;</p>\r\n<ul>\r\n<li>Những người cộng sự th&acirc;n thiện v&agrave; t&agrave;i năng&nbsp;</li>\r\n<li>Cơ sở vật chất, kh&ocirc;ng gian l&agrave;m việc xanh v&agrave; hiện đại.</li>\r\n</ul>\r\n</div>	t	You'll love it	Quality Assurance (QA) - Khối Dữ liệu	2025-02-23 20:55:03.788	At office	2
7	<div class="imy-3 paragraph">\r\n<h4>3 L&yacute; do để gia nhập c&ocirc;ng ty</h4>\r\n<ul>\r\n<li>Mức lương cạnh tranh, hấp dẫn</li>\r\n<li>M&ocirc;i trường l&agrave;m việc chuy&ecirc;n nghiệp, th&acirc;n thiện</li>\r\n<li>Được l&agrave;m việc với c&aacute;c hệ thống hiện đại, ti&ecirc;n tiến</li>\r\n</ul>\r\n</div>\r\n<div class="imy-5 paragraph">\r\n<h4>M&ocirc; tả c&ocirc;ng việc</h4>\r\n<p><strong>Junior BackEnd Developer:</strong></p>\r\n<ul>\r\n<li>Lập tr&igrave;nh, ph&aacute;t triển c&aacute;c hệ thống, ứng dụng của Ng&acirc;n h&agrave;ng.</li>\r\n<li>Ph&aacute;t triển hoặc phối hợp c&ugrave;ng c&aacute;c nh&agrave; cung cấp ph&aacute;t triển/ triển khai c&aacute;c giải ph&aacute;p CNTT.</li>\r\n<li>Quản l&yacute;, ph&aacute;t triển dịch vụ t&iacute;ch hợp với c&aacute;c hệ thống core như: T24, WAY4, BPM, CRM, CIC ...</li>\r\n<li>Quản l&yacute;, ph&aacute;t triển API tr&ecirc;n API Gateway phục vụ t&iacute;ch hợp với c&aacute;c đối t&aacute;c trong nước v&agrave; quốc tế.</li>\r\n<li>Nghi&ecirc;n cứu, thử nghiệm, triển khai &aacute;p dụng c&aacute;c xu hướng c&ocirc;ng nghệ mới v&agrave;o việc ph&aacute;t triển: GraphQL, Docker Container (K8s), CICD, EventSourcing, CQRS, NoSQL ...</li>\r\n<li>Duy tr&igrave; hoạt động của c&aacute;c sản phẩm dịch vụ trong phạm vi quản l&yacute;.</li>\r\n</ul>\r\n<p><strong>Senior BackEnd Developer:&nbsp;</strong>Bổ sung c&aacute;c nh&oacute;m c&ocirc;ng việc sau:</p>\r\n<ul>\r\n<li>Tham gia ph&acirc;n t&iacute;ch nghiệp vụ, đề xuất giải ph&aacute;p, phương &aacute;n triển khai nhằm cải tiến, n&acirc;ng cao hiệu quả của c&aacute;c dự &aacute;n trong qu&aacute; tr&igrave;nh l&agrave;m việc.</li>\r\n<li>L&ecirc;n timeline c&ocirc;ng việc, chia tasks cho c&aacute;c th&agrave;nh vi&ecirc;n trong nh&oacute;m, gi&aacute;m s&aacute;t v&agrave; hỗ trợ c&aacute;c th&agrave;nh vi&ecirc;n ho&agrave;n th&agrave;nh đ&uacute;ng cam kết.</li>\r\n<li>Dẫn dắt nh&oacute;m 03-06 nh&acirc;n sự, gi&uacute;p th&agrave;nh vi&ecirc;n c&ugrave;ng ph&aacute;t triển v&agrave; ho&agrave;n th&agrave;nh nhiệm vụ được giao</li>\r\n</ul>\r\n</div>\r\n<div class="imy-5 paragraph">\r\n<h4>Y&ecirc;u cầu c&ocirc;ng việc</h4>\r\n<p><strong>Đối với ứng vi&ecirc;n Junior:</strong></p>\r\n<ul>\r\n<li>Tốt nghiệp Đại học ch&iacute;nh quy c&aacute;c chuy&ecirc;n ng&agrave;nh C&ocirc;ng nghệ th&ocirc;ng tin, Khoa học m&aacute;y t&iacute;nh, Điện tử viễn th&ocirc;ng, C&ocirc;ng nghệ phần mềm, Hệ thống th&ocirc;ng tin .&hellip;</li>\r\n<li>Tối thiểu 02 năm kinh nghiệm l&agrave;m việc tại c&aacute;c c&ocirc;ng ty, dự &aacute;n về lập tr&igrave;nh BackEnd.</li>\r\n<li>Th&agrave;nh thạo &iacute;t nhất 01 trong c&aacute;c ng&ocirc;n ngữ BackEnd: Java</li>\r\n<li>Th&agrave;nh thạo, l&agrave;m việc tốt với Spring framework: Spring Core, Spring Security, Spring Boots.</li>\r\n<li>Th&agrave;nh thạo &iacute;t nhất 01 trong c&aacute;c loại database: Oracle, SQLserver, PostgreSQL, Mongodb ...</li>\r\n<li>C&oacute; c&aacute;c kỹ năng lập tr&igrave;nh tốt như: ph&acirc;n t&iacute;ch, đưa giải ph&aacute;p để giải quyết c&aacute;c vấn đề.</li>\r\n<li>Cẩn thận, ki&ecirc;n nhẫn, đam m&ecirc; lập tr&igrave;nh v&agrave; sẵn s&agrave;ng học hỏi c&aacute;c c&ocirc;ng nghệ mới.</li>\r\n<li>C&oacute; kinh nghiệm trong mảng t&agrave;i ch&iacute;nh ng&acirc;n h&agrave;ng l&agrave; một lợi thế.</li>\r\n</ul>\r\n<p>​<strong>Đối với ứng vi&ecirc;n Senior:&nbsp;</strong></p>\r\n<ul>\r\n<li>Bao gồm to&agrave;n bộ c&aacute;c y&ecirc;u cầu chung của level junior.</li>\r\n<li>C&oacute; kiến thức tốt về kiến tr&uacute;c hệ thống. Th&ocirc;ng thuộc nhiều thiết kế phần mềm.</li>\r\n<li>Tối thiểu 02 năm l&agrave;m việc thực tế tại c&aacute;c c&ocirc;ng ty, dự &aacute;n về lập tr&igrave;nh Backend</li>\r\n<li>Tối thiểu 1 - 2 năm kinh nghiệm l&agrave;m việc với Microservice.</li>\r\n<li>C&oacute; khả năng tuning performance của ứng dụng, hệ thống.</li>\r\n<li>C&oacute; hiểu biết s&acirc;u về c&aacute;c kỹ thuật/c&ocirc;ng nghệ: MySQL, Redis, MongoDB, PostgreSQL, Kafka,&hellip;</li>\r\n<li>C&oacute; kinh nghiệm ph&aacute;t triển, sử dụng Cloud, Front-end l&agrave; 1 lợi thế.</li>\r\n<li>Tham gia ph&acirc;n t&iacute;ch nghiệp vụ, đề xuất giải ph&aacute;p, phương &aacute;n triển khai nhằm cải tiến, n&acirc;ng cao hiệu quả của c&aacute;c dự &aacute;n trong qu&aacute; tr&igrave;nh l&agrave;m việc.</li>\r\n<li>L&ecirc;n timeline c&ocirc;ng việc, chia tasks cho c&aacute;c th&agrave;nh vi&ecirc;n trong nh&oacute;m, gi&aacute;m s&aacute;t v&agrave; hỗ trợ c&aacute;c th&agrave;nh vi&ecirc;n ho&agrave;n th&agrave;nh đ&uacute;ng cam kết.</li>\r\n<li>Dẫn dắt nh&oacute;m 3-6 người, gi&uacute;p th&agrave;nh vi&ecirc;n c&ugrave;ng ph&aacute;t triển v&agrave; ho&agrave;n th&agrave;nh nhiệm vụ được giao</li>\r\n</ul>\r\n</div>\r\n<div class="imy-5 paragraph">\r\n<h4>Tại sao bạn sẽ y&ecirc;u th&iacute;ch l&agrave;m việc tại đ&acirc;y</h4>\r\n<ul>\r\n<li>Mức lương cạnh tranh, hấp dẫn (Thưởng xếp loại thực hiện c&ocirc;ng việc 6 th&aacute;ng/lần, thưởng sinh nhật ng&acirc;n h&agrave;ng, thưởng c&aacute;c ng&agrave;y lễ tết trong năm&hellip;).</li>\r\n<li>Chế độ ph&uacute;c lợi cạnh tranh: Du lịch h&agrave;ng năm, Kh&aacute;m sức khỏe định k&igrave; h&agrave;ng năm; G&oacute;i bảo hiểm sức khỏe; C&aacute;c hoạt động tri &acirc;n, chăm lo đời sống tinh thần CBNV v&agrave; Th&acirc;n nh&acirc;n...</li>\r\n<li>M&ocirc;i trường l&agrave;m việc chuy&ecirc;n nghiệp, th&acirc;n thiện, cởi mở.</li>\r\n<li>Được l&agrave;m việc với c&aacute;c hệ thống hiện đại, ti&ecirc;n tiến nhất thị trường, &aacute;p dụng c&aacute;c c&ocirc;ng nghệ h&agrave;ng đầu về an ninh bảo mật để đảm bảo an to&agrave;n cho người sử dụng.</li>\r\n<li>Cơ hội học hỏi nghiệp vụ ng&acirc;n h&agrave;ng.</li>\r\n</ul>\r\n</div>	t	You'll love it	Backend Developer (Java/Spring/Oracle) - All Level	2025-02-23 20:54:35.516	At office	2
10	<div class="imy-3 paragraph">\r\n<h4>3 L&yacute; do để gia nhập c&ocirc;ng ty</h4>\r\n<ul>\r\n<li>Mức lương cạnh tranh, hấp dẫn</li>\r\n<li>M&ocirc;i trường l&agrave;m việc chuy&ecirc;n nghiệp, th&acirc;n thiện</li>\r\n<li>Được l&agrave;m việc với c&aacute;c hệ thống hiện đại, ti&ecirc;n tiến</li>\r\n</ul>\r\n</div>\r\n<div class="imy-5 paragraph">\r\n<h4>M&ocirc; tả c&ocirc;ng việc</h4>\r\n<ul>\r\n<li>Ph&acirc;n t&iacute;ch, tối ưu h&oacute;a tham số ứng dụng</li>\r\n<li>T&aacute;c động v&agrave;o ứng dụng &ndash; Change: th&ocirc;ng qua việc phối hợp với c&aacute;c b&ecirc;n li&ecirc;n quan: DEV, NETWORK, DBA, M&Aacute;Y CHỦ</li>\r\n<li>Điều phối, xử l&yacute; c&aacute;c lỗi ghi nhận từ ứng dụng (issues, problems): khoanh v&ugrave;ng, phối hợp với c&aacute;c b&ecirc;n (nội bộ, b&ecirc;n ngo&agrave;i) đ&aacute;nh gi&aacute; v&agrave; xử l&yacute;</li>\r\n<li>Ph&acirc;n t&iacute;ch log, đ&aacute;nh gi&aacute; đề xuất, phối hợp với c&aacute;c b&ecirc;n đưa ra giải ph&aacute;p cải thiện chất lượng ứng dụng, cải thiện trải nghiệm người d&ugrave;nng</li>\r\n<li>Tham gia c&aacute;c dự &aacute;n với vai tr&ograve; quản l&yacute; ứng dụng: c&agrave;i đặt, triển khai,&hellip; theo m&ocirc; h&igrave;nh DevOps</li>\r\n</ul>\r\n</div>\r\n<div class="imy-5 paragraph">\r\n<h4>Y&ecirc;u cầu c&ocirc;ng việc</h4>\r\n<ul>\r\n<li>Tốt nghiệp hệ ch&iacute;nh quy c&aacute;c Trường Đại học trong nước hoặc nước ngo&agrave;i</li>\r\n<li>Chuy&ecirc;n ng&agrave;nh đ&agrave;o tạo: C&ocirc;ng nghệ th&ocirc;ng tin, To&aacute;n tin, Điện tử Viễn th&ocirc;ng&hellip;</li>\r\n<li>Chấp nhận ứng vi&ecirc;n sắp hoặc mới tốt nghiệp với điều kiện bắt buộc: tốt nghiệp loại Kh&aacute; trở l&ecirc;n c&aacute;c trường Đại học đ&atilde; n&ecirc;u tr&ecirc;n</li>\r\n<li>Có kinh nghi&ecirc;̣m c&agrave;i đặt, quản trị, cấu h&igrave;nh, tinh chỉnh tối ưu ứng dụng, Middleware, SOA. Ưu ti&ecirc;n hiểu biết c&agrave;i đặt Corebank T24, TCServer, Websphere, Jboss</li>\r\n<li>C&oacute; kiến thức, kinh nghiệm quản trị&nbsp; CSDL Oracle tại các Ng&acirc;n h&agrave;ng, Tập đo&agrave;n &amp;&nbsp; C&ocirc;ng ty về CNTT l&agrave; một lợi thế</li>\r\n<li>Có ki&ecirc;́n thức v&ecirc;̀ h&ecirc;̣ th&ocirc;́ng UNIX, Linux</li>\r\n</ul>\r\n</div>\r\n<div class="imy-5 paragraph">\r\n<h4>Tại sao bạn sẽ y&ecirc;u th&iacute;ch l&agrave;m việc tại đ&acirc;y</h4>\r\n<ul>\r\n<li>Mức lương cạnh tranh, hấp dẫn (Thưởng xếp loại thực hiện c&ocirc;ng việc 6 th&aacute;ng/lần, thưởng sinh nhật ng&acirc;n h&agrave;ng, thưởng c&aacute;c ng&agrave;y lễ tết trong năm&hellip;).</li>\r\n<li>Chế độ ph&uacute;c lợi cạnh tranh: Du lịch h&agrave;ng năm, Kh&aacute;m sức khỏe định k&igrave; h&agrave;ng năm; G&oacute;i bảo hiểm sức khỏe; C&aacute;c hoạt động tri &acirc;n, chăm lo đời sống tinh thần CBNV v&agrave; Th&acirc;n nh&acirc;n...</li>\r\n<li>M&ocirc;i trường l&agrave;m việc chuy&ecirc;n nghiệp, th&acirc;n thiện, cởi mở.</li>\r\n<li>Được l&agrave;m việc với c&aacute;c hệ thống hiện đại, ti&ecirc;n tiến nhất thị trường, &aacute;p dụng c&aacute;c c&ocirc;ng nghệ h&agrave;ng đầu về an ninh bảo mật để đảm bảo an to&agrave;n cho người sử dụng.</li>\r\n<li>Cơ hội học hỏi nghiệp vụ ng&acirc;n h&agrave;ng.</li>\r\n</ul>\r\n</div>	f	You'll love it	CV Quản lý ứng dụng - Application Administrator-K.CNTT	2025-02-23 20:55:21.784	At office	2
\.


--
-- Data for Name: levels; Type: TABLE DATA; Schema: public; Owner: postgres
--

COPY public.levels (id, name) FROM stdin;
1	Intern
2	Fresher
3	Junior
4	Middle
5	Senior
6	Team Lead
7	Manager
\.


--
-- Data for Name: provinces; Type: TABLE DATA; Schema: public; Owner: postgres
--

COPY public.provinces (code, name) FROM stdin;
1	Thành phố Hà Nội
2	Tỉnh Hà Giang
3	Tỉnh Cao Bằng
4	Tỉnh Bắc Kạn
5	Tỉnh Tuyên Quang
6	Tỉnh Lào Cai
7	Tỉnh Điện Biên
8	Tỉnh Lai Châu
9	Tỉnh Sơn La
10	Tỉnh Yên Bái
11	Tỉnh Hoà Bình
12	Tỉnh Thái Nguyên
13	Tỉnh Lạng Sơn
14	Tỉnh Quảng Ninh
15	Tỉnh Bắc Giang
16	Tỉnh Phú Thọ
17	Tỉnh Vĩnh Phúc
18	Tỉnh Bắc Ninh
19	Tỉnh Hải Dương
20	Thành phố Hải Phòng
21	Tỉnh Hưng Yên
22	Tỉnh Thái Bình
23	Tỉnh Hà Nam
24	Tỉnh Nam Định
25	Tỉnh Ninh Bình
26	Tỉnh Thanh Hóa
27	Tỉnh Nghệ An
28	Tỉnh Hà Tĩnh
29	Tỉnh Quảng Bình
30	Tỉnh Quảng Trị
31	Thành phố Huế
32	Thành phố Đà Nẵng
33	Tỉnh Quảng Nam
34	Tỉnh Quảng Ngãi
35	Tỉnh Bình Định
36	Tỉnh Phú Yên
37	Tỉnh Khánh Hòa
38	Tỉnh Ninh Thuận
39	Tỉnh Bình Thuận
40	Tỉnh Kon Tum
41	Tỉnh Gia Lai
42	Tỉnh Đắk Lắk
43	Tỉnh Đắk Nông
44	Tỉnh Lâm Đồng
45	Tỉnh Bình Phước
46	Tỉnh Tây Ninh
47	Tỉnh Bình Dương
48	Tỉnh Đồng Nai
49	Tỉnh Bà Rịa - Vũng Tàu
50	Thành phố Hồ Chí Minh
51	Tỉnh Long An
52	Tỉnh Tiền Giang
53	Tỉnh Bến Tre
54	Tỉnh Trà Vinh
55	Tỉnh Vĩnh Long
56	Tỉnh Đồng Tháp
57	Tỉnh An Giang
58	Tỉnh Kiên Giang
59	Thành phố Cần Thơ
60	Tỉnh Hậu Giang
61	Tỉnh Sóc Trăng
62	Tỉnh Bạc Liêu
63	Tỉnh Cà Mau
\.


--
-- Data for Name: report; Type: TABLE DATA; Schema: public; Owner: postgres
--

COPY public.report (id, reason, review_id) FROM stdin;
5	FALSE_INFORMATION	5
\.


--
-- Data for Name: resumes; Type: TABLE DATA; Schema: public; Owner: postgres
--

COPY public.resumes (id, description, full_name, phone_number, preferred_level, preferred_location, resume, status, updated_at, company_id, job_id, user_id, email) FROM stdin;
12	Đây là một thư xin việc sử dụng CV sẵn có	quocdkhe	0359462146	Junior	Thành phố Hà Nội	1742139847079-javacv.pdf	Accepted	2025-03-16 23:04:33.128	2	7	15	doanquoc281004@gmail.com
13	ứng tuyển MB Bank	quocdkhe	0359462146	Junior	Thành phố Hà Nội	1742139847079-javacv.pdf	Pending	2025-03-23 13:12:51.17	2	7	15	d.kienquoc@outlook.com
14	ok	quocdkhe	0359462146	Senior	Thành phố Hà Nội	1742139847079-javacv.pdf	Pending	2025-03-23 14:07:37.064	7	19	15	doanquoc281004@gmail.com
15	ok fine	quocdkhe	0359462146	Senior	Thành phố Hồ Chí Minh	1742139847079-javacv.pdf	Pending	2025-03-23 14:18:05.868	7	25	15	doanquoc281004@gmail.com
16	abcabc	quocdkhe	0359462146	Senior	Thành phố Hồ Chí Minh	1742888170597-bai-21-phan-1-minh-nghi-la-anh-ay-co-nguoi-yeu-roi-ay.pdf	Rejected	2025-03-25 14:36:10.654	3	13	15	doanquoc281004@gmail.com
17		quocdkhe	0359462146	Senior	Thành phố Hà Nội	1742886765500-javacv.pdf	Pending	2025-03-29 22:39:54.441	7	21	15	d.kienquoc@outlook.com
18		quocdkhe	0359462146	Senior	Thành phố Hồ Chí Minh	1742886765500-javacv.pdf	Pending	2025-03-29 22:46:21.115	3	14	15	d.kienquoc@outlook.com
9	ok	seeker	0359462146	Junior	Thành phố Hà Nội	1741263485061-1-2-3.pdf	Accepted	2025-03-06 19:18:05.072	1	3	17	d.kienquoc@outlook.com
\.


--
-- Data for Name: reviews; Type: TABLE DATA; Schema: public; Owner: postgres
--

COPY public.reviews (id, created_at, culture_rating, environment_rating, header, improvement, is_recommended, manager_rating, overall_rating, overtime_policy, overtime_reason, report_count, salary_rating, teamwork_rating, working_reason, company_id, user_id) FROM stdin;
5	2025-03-29 23:18:40.520941	4	4	asdf	asdf	t	4	4	Satisfied	asdf	1	4	4	asdf	7	15
\.


--
-- Data for Name: roles; Type: TABLE DATA; Schema: public; Owner: postgres
--

COPY public.roles (id, description, name) FROM stdin;
1	\N	Admin
2	\N	Seeker
3	\N	Recruiter
4	Human Resources	HR
\.


--
-- Data for Name: skills; Type: TABLE DATA; Schema: public; Owner: postgres
--

COPY public.skills (id, name) FROM stdin;
1	Java
2	JavaScript
3	C++
4	English
5	Android
6	SQL
7	.NET
8	Spring
9	Spring Boot
10	ReactJS
11	HTML5
12	Business Analyst
13	Japanese
14	Embedded
15	Tester
16	Automation Test
17	Project Manager
18	Manager
19	Python
20	Oracle
21	AngularJS
22	Django
23	Risk Management
24	System Admin
25	Security
26	QA QC
27	Jira
28	Database
29	Linux
30	AWS
31	System Engineer
32	Cloud
33	Agile
34	PQA
35	DevOps
36	OOP
37	C language
38	Kotlin
39	Swift
40	VueJS
41	Ruby on Rails
42	PHP
43	Golang
44	IT Support
45	NodeJS
46	iOS
47	Azure
48	Product Manager
49	Product Owner
50	Machine Learning
51	Scrum
52	Computer Vision
53	Software Architect
\.


--
-- Data for Name: spring_session; Type: TABLE DATA; Schema: public; Owner: postgres
--

COPY public.spring_session (primary_id, session_id, creation_time, last_access_time, max_inactive_interval, expiry_time, principal_name) FROM stdin;
a0e25584-0515-41f2-85d5-f2333e9fb3e2	68051545-292a-4311-bb7a-ad78ae9a000a	1743266761014	1743266796500	600	1743267396500	doanquoc281004@gmail.com
\.


--
-- Data for Name: spring_session_attributes; Type: TABLE DATA; Schema: public; Owner: postgres
--

COPY public.spring_session_attributes (session_primary_id, attribute_name, attribute_bytes) FROM stdin;
a0e25584-0515-41f2-85d5-f2333e9fb3e2	SPRING_SECURITY_SAVED_REQUEST	\\xaced0005737200416f72672e737072696e676672616d65776f726b2e73656375726974792e7765622e7361766564726571756573742e44656661756c74536176656452657175657374000000000000026c02000f49000a736572766572506f72744c000b636f6e74657874506174687400124c6a6176612f6c616e672f537472696e673b4c0007636f6f6b6965737400154c6a6176612f7574696c2f41727261794c6973743b4c00076865616465727374000f4c6a6176612f7574696c2f4d61703b4c00076c6f63616c657371007e00024c001c6d61746368696e6752657175657374506172616d657465724e616d6571007e00014c00066d6574686f6471007e00014c000a706172616d657465727371007e00034c000870617468496e666f71007e00014c000b7175657279537472696e6771007e00014c000a7265717565737455524971007e00014c000a7265717565737455524c71007e00014c0006736368656d6571007e00014c000a7365727665724e616d6571007e00014c000b736572766c65745061746871007e0001787000001f90740000737200136a6176612e7574696c2e41727261794c6973747881d21d99c7619d03000149000473697a65787000000001770400000001737200396f72672e737072696e676672616d65776f726b2e73656375726974792e7765622e7361766564726571756573742e5361766564436f6f6b6965000000000000026c0200084900066d61784167655a000673656375726549000776657273696f6e4c0007636f6d6d656e7471007e00014c0006646f6d61696e71007e00014c00046e616d6571007e00014c00047061746871007e00014c000576616c756571007e00017870ffffffff0000000000707074000753455353494f4e707400305957566c5a6a4d774e7a59744d6d517a5a4330304e7a56684c54686a4d6a55744e7a41304d7a5a6a4d54566b5957513478737200116a6176612e7574696c2e547265654d61700cc1f63e2d256ae60300014c000a636f6d70617261746f727400164c6a6176612f7574696c2f436f6d70617261746f723b78707372002a6a6176612e6c616e672e537472696e672443617365496e73656e736974697665436f6d70617261746f7277035c7d5c50e5ce020000787077040000000c7400066163636570747371007e000600000001770400000001740045696d6167652f617669662c696d6167652f776562702c696d6167652f706e672c696d6167652f7376672b786d6c2c696d6167652f2a3b713d302e382c2a2f2a3b713d302e357874000f6163636570742d656e636f64696e677371007e000600000001770400000001740017677a69702c206465666c6174652c2062722c207a7374647874000f6163636570742d6c616e67756167657371007e00060000000177040000000174000e656e2d55532c656e3b713d302e357874000a636f6e6e656374696f6e7371007e00060000000177040000000174000a6b6565702d616c69766578740006636f6f6b69657371007e00060000000177040000000174003853455353494f4e3d5957566c5a6a4d774e7a59744d6d517a5a4330304e7a56684c54686a4d6a55744e7a41304d7a5a6a4d54566b5957513478740004686f73747371007e00060000000177040000000174000e6c6f63616c686f73743a38303830787400087072696f726974797371007e000600000001770400000001740003753d3678740007726566657265727371007e000600000001770400000001740022687474703a2f2f6c6f63616c686f73743a383038302f6c6f67696e3f6c6f676f75747874000e7365632d66657463682d646573747371007e000600000001770400000001740005696d6167657874000e7365632d66657463682d6d6f64657371007e0006000000017704000000017400076e6f2d636f72737874000e7365632d66657463682d736974657371007e00060000000177040000000174000b73616d652d6f726967696e7874000a757365722d6167656e747371007e00060000000177040000000174004e4d6f7a696c6c612f352e3020285831313b205562756e74753b204c696e7578207838365f36343b2072763a3133362e3029204765636b6f2f32303130303130312046697265666f782f3133362e3078787371007e000600000002770400000002737200106a6176612e7574696c2e4c6f63616c657ef811609c30f9ec03000649000868617368636f64654c0007636f756e74727971007e00014c000a657874656e73696f6e7371007e00014c00086c616e677561676571007e00014c000673637269707471007e00014c000776617269616e7471007e00017870ffffffff740002555371007e0005740002656e71007e000571007e0005787371007e0036ffffffff71007e000571007e000571007e003971007e000571007e00057878740008636f6e74696e75657400034745547371007e000c707704000000007870707400062f6572726f7274001b687474703a2f2f6c6f63616c686f73743a383038302f6572726f72740004687474707400096c6f63616c686f73747400062f6572726f72
a0e25584-0515-41f2-85d5-f2333e9fb3e2	provider	\\xaced0005740006474f4f474c45
a0e25584-0515-41f2-85d5-f2333e9fb3e2	fullName	\\xaced000574000d5175e1bb916320c4906fc3a06e
a0e25584-0515-41f2-85d5-f2333e9fb3e2	avatar	\\xaced000574006268747470733a2f2f6c68332e676f6f676c6575736572636f6e74656e742e636f6d2f612f414367386f634c4e64516655477836675f6f3548626c5077624330352d766e482d6c70346f6a4333396e7243583144446a355959736f45623d7339362d63
a0e25584-0515-41f2-85d5-f2333e9fb3e2	userId	\\xaced00057372000e6a6176612e6c616e672e4c6f6e673b8be490cc8f23df0200014a000576616c7565787200106a6176612e6c616e672e4e756d62657286ac951d0b94e08b02000078700000000000000002
a0e25584-0515-41f2-85d5-f2333e9fb3e2	SPRING_SECURITY_CONTEXT	\\xaced00057372003d6f72672e737072696e676672616d65776f726b2e73656375726974792e636f72652e636f6e746578742e5365637572697479436f6e74657874496d706c000000000000026c0200014c000e61757468656e7469636174696f6e7400324c6f72672f737072696e676672616d65776f726b2f73656375726974792f636f72652f41757468656e7469636174696f6e3b7870737200536f72672e737072696e676672616d65776f726b2e73656375726974792e6f61757468322e636c69656e742e61757468656e7469636174696f6e2e4f417574683241757468656e7469636174696f6e546f6b656e000000000000026c0200024c001e617574686f72697a6564436c69656e74526567697374726174696f6e49647400124c6a6176612f6c616e672f537472696e673b4c00097072696e636970616c74003a4c6f72672f737072696e676672616d65776f726b2f73656375726974792f6f61757468322f636f72652f757365722f4f4175746832557365723b787200476f72672e737072696e676672616d65776f726b2e73656375726974792e61757468656e7469636174696f6e2e416273747261637441757468656e7469636174696f6e546f6b656ed3aa287e6e47640e0200035a000d61757468656e746963617465644c000b617574686f7269746965737400164c6a6176612f7574696c2f436f6c6c656374696f6e3b4c000764657461696c737400124c6a6176612f6c616e672f4f626a6563743b787001737200266a6176612e7574696c2e436f6c6c656374696f6e7324556e6d6f6469666961626c654c697374fc0f2531b5ec8e100200014c00046c6973747400104c6a6176612f7574696c2f4c6973743b7872002c6a6176612e7574696c2e436f6c6c656374696f6e7324556e6d6f6469666961626c65436f6c6c656374696f6e19420080cb5ef71e0200014c00016371007e00077870737200136a6176612e7574696c2e41727261794c6973747881d21d99c7619d03000149000473697a65787000000001770400000001737200426f72672e737072696e676672616d65776f726b2e73656375726974792e636f72652e617574686f726974792e53696d706c654772616e746564417574686f72697479000000000000026c0200014c0004726f6c6571007e0004787074000a524f4c455f41646d696e7871007e000f737200486f72672e737072696e676672616d65776f726b2e73656375726974792e7765622e61757468656e7469636174696f6e2e57656241757468656e7469636174696f6e44657461696c73000000000000026c0200024c000d72656d6f74654164647265737371007e00044c000973657373696f6e496471007e000478707400093132372e302e302e3174002461656566333037362d326433642d343735612d386332352d373034333663313564616438740006676f6f676c657372003f6f72672e737072696e676672616d65776f726b2e73656375726974792e6f61757468322e636f72652e757365722e44656661756c744f417574683255736572000000000000026c0200034c000a6174747269627574657374000f4c6a6176612f7574696c2f4d61703b4c000b617574686f72697469657374000f4c6a6176612f7574696c2f5365743b4c00106e616d654174747269627574654b657971007e00047870737200256a6176612e7574696c2e436f6c6c656374696f6e7324556e6d6f6469666961626c654d6170f1a5a8fe74f507420200014c00016d71007e00197870737200176a6176612e7574696c2e4c696e6b6564486173684d617034c04e5c106cc0fb0200015a000b6163636573734f72646572787200116a6176612e7574696c2e486173684d61700507dac1c31660d103000246000a6c6f6164466163746f724900097468726573686f6c6478703f4000000000000c770800000010000000077400037375627400153130343137353535323231333534363936383538317400046e616d6574000d5175e1bb916320c4906fc3a06e74000a676976656e5f6e616d657400065175e1bb916374000b66616d696c795f6e616d65740006c4906fc3a06e7400077069637475726574006268747470733a2f2f6c68332e676f6f676c6575736572636f6e74656e742e636f6d2f612f414367386f634c4e64516655477836675f6f3548626c5077624330352d766e482d6c70346f6a4333396e7243583144446a355959736f45623d7339362d63740005656d61696c740018646f616e71756f6332383130303440676d61696c2e636f6d74000e656d61696c5f7665726966696564737200116a6176612e6c616e672e426f6f6c65616ecd207280d59cfaee0200015a000576616c75657870017800737200256a6176612e7574696c2e436f6c6c656374696f6e7324556e6d6f6469666961626c65536574801d92d18f9b80550200007871007e000c737200176a6176612e7574696c2e4c696e6b656448617368536574d86cd75a95dd2a1e020000787200116a6176612e7574696c2e48617368536574ba44859596b8b7340300007870770c000000103f4000000000000171007e00117871007e002b
a0e25584-0515-41f2-85d5-f2333e9fb3e2	username	\\xaced0005740018646f616e71756f6332383130303440676d61696c2e636f6d
a0e25584-0515-41f2-85d5-f2333e9fb3e2	org.springframework.security.web.csrf.HttpSessionCsrfTokenRepository.CSRF_TOKEN	\\xaced0005737200366f72672e737072696e676672616d65776f726b2e73656375726974792e7765622e637372662e44656661756c7443737266546f6b656e5aefb7c82fa2fbd50200034c000a6865616465724e616d657400124c6a6176612f6c616e672f537472696e673b4c000d706172616d657465724e616d6571007e00014c0005746f6b656e71007e0001787074000c582d435352462d544f4b454e7400055f6373726674002465366339623666662d343639322d346561352d393930302d373536623065646562366431
\.


--
-- Data for Name: support_requests; Type: TABLE DATA; Schema: public; Owner: postgres
--

COPY public.support_requests (id, description, email, image1, image2, phone, topic, user_id, is_checked) FROM stdin;
1	abc	quocdkhe181519@fpt.edu.vn	\N	\N	0987654321	Vấn đề tài khoản	8	t
3	asdfasdfasdf	a@gmail.com	1743264643069-NAB.webp	1743264643069-Naver_Logo.webp	0987654321	Vấn đề tài khoản	8	t
4	inihi	quocdkhe181519@fpt.edu.vn	\N	\N	0987654321	Vấn đề tài khoản	8	t
\.


--
-- Data for Name: topics; Type: TABLE DATA; Schema: public; Owner: postgres
--

COPY public.topics (id, name) FROM stdin;
1	Công cụ tạo CV
2	Công cụ tìm kiếm
3	Tính năng/ giao diện
4	Thông báo việc làm
5	Thông tin công ty
6	Khác
\.


--
-- Data for Name: users; Type: TABLE DATA; Schema: public; Owner: postgres
--

COPY public.users (id, address, avatar, birth_date, email, full_name, gender, is_activated, password, phone, provider, username, role_id, working_company_id, currentcv) FROM stdin;
10	Ha Noi		1990-12-01	hrsgroup@gmail.com	hrs group	t	t	$2a$10$gXAyW2iFiPjxJgATWjADuuGhJJo36a93Gdnk6WaNljc2k/xIZnQ7a	012345678	LOCAL	hrsgroup	3	3	\N
11	Ha Noi		1990-12-02	nab@gmail.com	nab	t	t	$2a$10$fDvXGe.JUn.ChKFOJG4IJ.0xMFlnNFXQVXrWgpwgB7aqUbys1PLry	012345678	LOCAL	nabcompany	3	7	\N
16	\N	\N	\N	0367743796.fhd@gmail.com	hoangnam	f	t	$2a$10$zR.U.iSZ.FWt6gHPPDJXxuuu5aemGEbRrl/07vh0l2qsyAUaxFZAK	\N	LOCAL	hnam0910	2	\N	\N
22	\N	https://lh3.googleusercontent.com/a/ACg8ocJZFK_eYufVuXhD5orCuWdwM_l9vg9j0Yn2ZHBkMV5FP0a4VA=s96-c	\N	q4667728@gmail.com	Quốc	t	t	\N	\N	GOOGLE	q4667728@gmail.com	2	\N	\N
2	\N	https://lh3.googleusercontent.com/a/ACg8ocLNdQfUGx6g_o5HblPwbC05-vnH-lp4ojC39nrCX1DDj5YYsoEb=s96-c	\N	doanquoc281004@gmail.com	Quốc Đoàn	t	t	\N	\N	GOOGLE	doanquoc281004@gmail.com	1	\N	\N
7	Doi Xuan village		2004-07-01	hoangduy20407@gmail.com	Hoàng Văn Duy	t	t	$2a$10$3kLXQtK1yGVR1mwNecLFXOEiL6KheCKTj8n6V2nJhrMMvMNgozeFS	0382458534	LOCAL	hoangduy@07	1	1	\N
17	\N		\N	d.kienquoc@outlook.com	seeker	f	t	$2a$10$oKD6BA.0yWA/gy8rIwrYvuOQhlti.b8D3XeVLXqG.yJkS1k2Z5hpK	\N	LOCAL	seeker	2	\N	1741343133605-1-2-3.pdf
15	Hà Nội	https://avatars.githubusercontent.com/u/146912117?v=4	2004-10-28	quocdkhe181519@fpt.edu.vn	quocdkhe	t	t	\N	0359462146	GITHUB	quocdkhe	2	\N	1742886765500-javacv.pdf
21	\N	\N	\N	doanquoc281004@gmail.com	NETFLIX	f	t	$2a$10$.gg0dF0Yts057tK2KEQ1g.trNi5og8S5TREu8kBhlsVYmtIvbRAd.	0987654321	LOCAL	netflix	3	11	\N
6	\N	https://lh3.googleusercontent.com/a/ACg8ocJfAEr4d3i9mhsspGDpR8TqvqjWKt_Up1twd6KtbvVK5GvKEg=s96-c	\N	duyhvhe180050@fpt.edu.vn	Hoang Van Duy (K18 HL)	t	t	\N	\N	GOOGLE	duyhvhe180050@fpt.edu.vn	1	\N	\N
5	\N	https://avatars.githubusercontent.com/u/198853825?v=4	\N	quocdkfpt	quocdkfpt	t	t	\N	\N	GITHUB	quocdkfpt	3	3	\N
8	\N	https://lh3.googleusercontent.com/a/ACg8ocLwFwvaBxYsKEYpUZ7lXO29l3mcRUUlGEJEHQduLONwSu0ey4s=s96-c	\N	quocdkhe181519@fpt.edu.vn	Doan Kien Quoc (K18 HL)	t	t	\N	\N	GOOGLE	quocdkhe181519@fpt.edu.vn	3	1	\N
9	\N	\N	\N	mbbank@gmail.com	mbbank	f	t	$2a$10$ALL3irBGkm9/az1beW8INuBmx2TKAHDBQ0XGBTidv8.T6EMKwwe/W	\N	LOCAL	mbbank	3	2	\N
\.


--
-- Data for Name: wards; Type: TABLE DATA; Schema: public; Owner: postgres
--

COPY public.wards (code, name, district_code) FROM stdin;
1	Phường Phúc Xá	1
2	Phường Trúc Bạch	1
3	Phường Vĩnh Phúc	1
4	Phường Cống Vị	1
5	Phường Liễu Giai	1
6	Phường Quán Thánh	1
7	Phường Ngọc Hà	1
8	Phường Điện Biên	1
9	Phường Đội Cấn	1
10	Phường Ngọc Khánh	1
11	Phường Kim Mã	1
12	Phường Giảng Võ	1
13	Phường Thành Công	1
14	Phường Phúc Tân	2
15	Phường Đồng Xuân	2
16	Phường Hàng Mã	2
17	Phường Hàng Buồm	2
18	Phường Hàng Đào	2
19	Phường Hàng Bồ	2
20	Phường Cửa Đông	2
21	Phường Lý Thái Tổ	2
22	Phường Hàng Bạc	2
23	Phường Hàng Gai	2
24	Phường Chương Dương	2
25	Phường Hàng Trống	2
26	Phường Cửa Nam	2
27	Phường Hàng Bông	2
28	Phường Tràng Tiền	2
29	Phường Trần Hưng Đạo	2
30	Phường Phan Chu Trinh	2
31	Phường Hàng Bài	2
32	Phường Phú Thượng	3
33	Phường Nhật Tân	3
34	Phường Tứ Liên	3
35	Phường Quảng An	3
36	Phường Xuân La	3
37	Phường Yên Phụ	3
38	Phường Bưởi	3
39	Phường Thụy Khuê	3
40	Phường Thượng Thanh	4
41	Phường Ngọc Thụy	4
42	Phường Giang Biên	4
43	Phường Đức Giang	4
44	Phường Việt Hưng	4
45	Phường Gia Thụy	4
46	Phường Ngọc Lâm	4
47	Phường Phúc Lợi	4
48	Phường Bồ Đề	4
49	Phường Long Biên	4
50	Phường Thạch Bàn	4
51	Phường Phúc Đồng	4
52	Phường Cự Khối	4
53	Phường Nghĩa Đô	5
54	Phường Nghĩa Tân	5
55	Phường Mai Dịch	5
56	Phường Dịch Vọng	5
57	Phường Dịch Vọng Hậu	5
58	Phường Quan Hoa	5
59	Phường Yên Hoà	5
60	Phường Trung Hoà	5
61	Phường Cát Linh	6
62	Phường Văn Miếu - Quốc Tử Giám	6
63	Phường Láng Thượng	6
64	Phường Ô Chợ Dừa	6
65	Phường Văn Chương	6
66	Phường Hàng Bột	6
67	Phường Láng Hạ	6
68	Phường Khâm Thiên	6
69	Phường Thổ Quan	6
70	Phường Nam Đồng	6
71	Phường Quang Trung	6
72	Phường Trung Liệt	6
73	Phường Phương Liên - Trung Tự	6
74	Phường Kim Liên	6
75	Phường Phương Mai	6
76	Phường Thịnh Quang	6
77	Phường Khương Thượng	6
78	Phường Nguyễn Du	7
79	Phường Bạch Đằng	7
80	Phường Phạm Đình Hổ	7
81	Phường Lê Đại Hành	7
82	Phường Đồng Nhân	7
83	Phường Phố Huế	7
84	Phường Thanh Lương	7
85	Phường Thanh Nhàn	7
86	Phường Bách Khoa	7
87	Phường Đồng Tâm	7
88	Phường Vĩnh Tuy	7
89	Phường Quỳnh Mai	7
90	Phường Bạch Mai	7
91	Phường Minh Khai	7
92	Phường Trương Định	7
93	Phường Thanh Trì	8
94	Phường Vĩnh Hưng	8
95	Phường Định Công	8
96	Phường Mai Động	8
97	Phường Tương Mai	8
98	Phường Đại Kim	8
99	Phường Tân Mai	8
100	Phường Hoàng Văn Thụ	8
101	Phường Giáp Bát	8
102	Phường Lĩnh Nam	8
103	Phường Thịnh Liệt	8
104	Phường Trần Phú	8
105	Phường Hoàng Liệt	8
106	Phường Yên Sở	8
107	Phường Nhân Chính	9
108	Phường Thượng Đình	9
109	Phường Khương Trung	9
110	Phường Khương Mai	9
111	Phường Thanh Xuân Trung	9
112	Phường Phương Liệt	9
113	Phường Khương Đình	9
114	Phường Thanh Xuân Bắc	9
115	Phường Hạ Đình	9
116	Thị trấn Sóc Sơn	10
117	Xã Bắc Sơn	10
118	Xã Minh Trí	10
119	Xã Hồng Kỳ	10
120	Xã Nam Sơn	10
121	Xã Trung Giã	10
122	Xã Tân Hưng	10
123	Xã Minh Phú	10
124	Xã Phù Linh	10
125	Xã Bắc Phú	10
126	Xã Tân Minh	10
127	Xã Quang Tiến	10
128	Xã Hiền Ninh	10
129	Xã Tân Dân	10
130	Xã Tiên Dược	10
131	Xã Việt Long	10
132	Xã Xuân Giang	10
133	Xã Mai Đình	10
134	Xã Đức Hoà	10
135	Xã Thanh Xuân	10
136	Xã Đông Xuân	10
137	Xã Kim Lũ	10
138	Xã Phú Cường	10
139	Xã Phú Minh	10
140	Xã Phù Lỗ	10
141	Xã Xuân Thu	10
142	Thị trấn Đông Anh	11
143	Xã Xuân Nộn	11
144	Xã Thuỵ Lâm	11
145	Xã Bắc Hồng	11
146	Xã Nguyên Khê	11
147	Xã Nam Hồng	11
148	Xã Tiên Dương	11
149	Xã Vân Hà	11
150	Xã Uy Nỗ	11
151	Xã Vân Nội	11
152	Xã Liên Hà	11
153	Xã Việt Hùng	11
154	Xã Kim Nỗ	11
155	Xã Kim Chung	11
156	Xã Dục Tú	11
157	Xã Đại Mạch	11
158	Xã Vĩnh Ngọc	11
159	Xã Cổ Loa	11
160	Xã Hải Bối	11
161	Xã Xuân Canh	11
162	Xã Võng La	11
163	Xã Tàm Xá	11
164	Xã Mai Lâm	11
165	Xã Đông Hội	11
166	Thị trấn Yên Viên	12
167	Xã Yên Thường	12
168	Xã Yên Viên	12
169	Xã Ninh Hiệp	12
170	Xã Thiên Đức	12
171	Xã Phù Đổng	12
172	Xã Lệ Chi	12
173	Xã Cổ Bi	12
174	Xã Đặng Xá	12
175	Xã Phú Sơn	12
176	Thị trấn Trâu Quỳ	12
177	Xã Dương Quang	12
178	Xã Dương Xá	12
179	Xã Đa Tốn	12
180	Xã Kiêu Kỵ	12
181	Xã Bát Tràng	12
182	Xã Kim Đức	12
183	Phường Cầu Diễn	13
184	Phường Xuân Phương	13
185	Phường Phương Canh	13
186	Phường Mỹ Đình 1	13
187	Phường Mỹ Đình 2	13
188	Phường Tây Mỗ	13
189	Phường Mễ Trì	13
190	Phường Phú Đô	13
191	Phường Đại Mỗ	13
192	Phường Trung Văn	13
193	Thị trấn Văn Điển	14
194	Xã Tân Triều	14
195	Xã Thanh Liệt	14
196	Xã Tả Thanh Oai	14
197	Xã Hữu Hoà	14
198	Xã Tam Hiệp	14
199	Xã Tứ Hiệp	14
200	Xã Yên Mỹ	14
201	Xã Vĩnh Quỳnh	14
202	Xã Ngũ Hiệp	14
203	Xã Duyên Hà	14
204	Xã Ngọc Hồi	14
205	Xã Vạn Phúc	14
206	Xã Đại áng	14
207	Xã Liên Ninh	14
208	Xã Đông Mỹ	14
209	Phường Thượng Cát	15
210	Phường Liên Mạc	15
211	Phường Đông Ngạc	15
212	Phường Đức Thắng	15
213	Phường Thụy Phương	15
214	Phường Tây Tựu	15
215	Phường Xuân Đỉnh	15
216	Phường Xuân Tảo	15
217	Phường Minh Khai	15
218	Phường Cổ Nhuế 1	15
219	Phường Cổ Nhuế 2	15
220	Phường Phú Diễn	15
221	Phường Phúc Diễn	15
222	Thị trấn Chi Đông	16
223	Xã Đại Thịnh	16
224	Xã Kim Hoa	16
225	Xã Thạch Đà	16
226	Xã Tiến Thắng	16
227	Xã Tự Lập	16
228	Thị trấn Quang Minh	16
229	Xã Thanh Lâm	16
230	Xã Tam Đồng	16
231	Xã Liên Mạc	16
232	Xã Chu Phan	16
233	Xã Tiến Thịnh	16
234	Xã Mê Linh	16
235	Xã Văn Khê	16
236	Xã Hoàng Kim	16
237	Xã Tiền Phong	16
238	Xã Tráng Việt	16
239	Phường Quang Trung	17
240	Phường Mộ Lao	17
241	Phường Văn Quán	17
242	Phường Vạn Phúc	17
243	Phường La Khê	17
244	Phường Phú La	17
245	Phường Phúc La	17
246	Phường Hà Cầu	17
247	Phường Yên Nghĩa	17
248	Phường Kiến Hưng	17
249	Phường Phú Lãm	17
250	Phường Phú Lương	17
251	Phường Dương Nội	17
252	Phường Đồng Mai	17
253	Phường Biên Giang	17
254	Phường Ngô Quyền	18
255	Phường Phú Thịnh	18
256	Phường Sơn Lộc	18
257	Phường Xuân Khanh	18
258	Xã Đường Lâm	18
259	Phường Viên Sơn	18
260	Xã Xuân Sơn	18
261	Phường Trung Hưng	18
262	Xã Thanh Mỹ	18
263	Phường Trung Sơn Trầm	18
264	Xã Kim Sơn	18
265	Xã Sơn Đông	18
266	Xã Cổ Đông	18
267	Thị trấn Tây Đằng	19
268	Xã Phú Cường	19
269	Xã Cổ Đô	19
270	Xã Vạn Thắng	19
271	Xã Phong Vân	19
272	Xã Phú Đông	19
273	Xã Phú Hồng	19
274	Xã Phú Châu	19
275	Xã Thái Hòa	19
276	Xã Đồng Thái	19
277	Xã Phú Sơn	19
278	Xã Minh Châu	19
279	Xã Vật Lại	19
280	Xã Chu Minh	19
281	Xã Tòng Bạt	19
282	Xã Cẩm Lĩnh	19
283	Xã Sơn Đà	19
284	Xã Đông Quang	19
285	Xã Tiên Phong	19
286	Xã Thụy An	19
287	Xã Cam Thượng	19
288	Xã Thuần Mỹ	19
289	Xã Tản Lĩnh	19
290	Xã Ba Trại	19
291	Xã Minh Quang	19
292	Xã Ba Vì	19
293	Xã Vân Hòa	19
294	Xã Yên Bài	19
295	Xã Khánh Thượng	19
296	Thị trấn Phúc Thọ	20
297	Xã Vân Phúc	20
298	Xã Nam Hà	20
299	Xã Xuân Đình	20
300	Xã Sen Phương	20
301	Xã Võng Xuyên	20
302	Xã Tích Lộc	20
303	Xã Long Thượng	20
304	Xã Hát Môn	20
305	Xã Thanh Đa	20
306	Xã Trạch Mỹ Lộc	20
307	Xã Phúc Hòa	20
308	Xã Ngọc Tảo	20
309	Xã Phụng Thượng	20
310	Xã Tam Thuấn	20
311	Xã Tam Hiệp	20
312	Xã Hiệp Thuận	20
313	Xã Liên Hiệp	20
314	Thị trấn Phùng	21
315	Xã Trung Châu	21
316	Xã Thọ An	21
317	Xã Thọ Xuân	21
318	Xã Hồng Hà	21
319	Xã Liên Hồng	21
320	Xã Liên Hà	21
321	Xã Hạ Mỗ	21
322	Xã Liên Trung	21
323	Xã Phương Đình	21
324	Xã Thượng Mỗ	21
325	Xã Tân Hội	21
326	Xã Tân Lập	21
327	Xã Đan Phượng	21
328	Xã Đồng Tháp	21
329	Xã Song Phượng	21
330	Thị trấn Trạm Trôi	22
331	Xã Đức Thượng	22
332	Xã Minh Khai	22
333	Xã Dương Liễu	22
334	Xã Di Trạch	22
335	Xã Đức Giang	22
336	Xã Cát Quế	22
337	Xã Kim Chung	22
338	Xã Yên Sở	22
339	Xã Sơn Đồng	22
340	Xã Vân Canh	22
341	Xã Đắc Sở	22
342	Xã Lại Yên	22
343	Xã Tiền Yên	22
344	Xã Song Phương	22
345	Xã An Khánh	22
346	Xã An Thượng	22
347	Xã Vân Côn	22
348	Xã La Phù	22
349	Xã Đông La	22
350	Xã Đông Xuân	23
351	Thị trấn Quốc Oai	23
352	Xã Sài Sơn	23
353	Xã Phượng Sơn	23
354	Xã Ngọc Liệp	23
355	Xã Ngọc Mỹ	23
356	Xã Thạch Thán	23
357	Xã Đồng Quang	23
358	Xã Phú Cát	23
359	Xã Tuyết Nghĩa	23
360	Xã Liệp Nghĩa	23
361	Xã Cộng Hòa	23
362	Xã Hưng Đạo	23
363	Xã Phú Mãn	23
364	Xã Cấn Hữu	23
365	Xã Hòa Thạch	23
366	Xã Đông Yên	23
367	Xã Yên Trung	24
368	Xã Yên Bình	24
369	Xã Tiến Xuân	24
370	Thị trấn Liên Quan	24
371	Xã Đại Đồng	24
372	Xã Cẩm Yên	24
373	Xã Lại Thượng	24
374	Xã Phú Kim	24
375	Xã Hương Ngải	24
376	Xã Lam Sơn	24
377	Xã Kim Quan	24
378	Xã Bình Yên	24
379	Xã Thạch Hoà	24
380	Xã Cần Kiệm	24
381	Xã Phùng Xá	24
382	Xã Tân Xã	24
383	Xã Thạch Xá	24
384	Xã Quang Trung	24
385	Xã Hạ Bằng	24
386	Xã Đồng Trúc	24
387	Thị trấn Chúc Sơn	25
388	Thị trấn Xuân Mai	25
389	Xã Phụng Châu	25
390	Xã Tiên Phương	25
391	Xã Đông Sơn	25
392	Xã Đông Phương Yên	25
393	Xã Phú Nghĩa	25
394	Xã Trường Yên	25
395	Xã Ngọc Hòa	25
396	Xã Thủy Xuân Tiên	25
397	Xã Thanh Bình	25
398	Xã Trung Hòa	25
399	Xã Đại Yên	25
400	Xã Thụy Hương	25
401	Xã Tốt Động	25
402	Xã Lam Điền	25
403	Xã Tân Tiến	25
404	Xã Nam Phương Tiến	25
405	Xã Hợp Đồng	25
406	Xã Hoàng Văn Thụ	25
407	Xã Hoàng Diệu	25
408	Xã Hữu Văn	25
409	Xã Quảng Bị	25
410	Xã Mỹ Lương	25
411	Xã Thượng Vực	25
412	Xã Hồng Phú	25
413	Xã Trần Phú	25
414	Xã Văn Võ	25
415	Xã Đồng Lạc	25
416	Xã Hòa Phú	25
417	Thị trấn Kim Bài	26
418	Xã Cự Khê	26
419	Xã Bích Hòa	26
420	Xã Mỹ Hưng	26
421	Xã Cao Viên	26
422	Xã Bình Minh	26
423	Xã Tam Hưng	26
424	Xã Thanh Cao	26
425	Xã Thanh Thùy	26
426	Xã Thanh Mai	26
427	Xã Thanh Văn	26
428	Xã Đỗ Động	26
429	Xã Kim An	26
430	Xã Kim Thư	26
431	Xã Phương Trung	26
432	Xã Tân Ước	26
433	Xã Dân Hòa	26
434	Xã Liên Châu	26
435	Xã Cao Xuân Dương	26
436	Xã Hồng Dương	26
437	Thị trấn Thường Tín	27
438	Xã Ninh Sở	27
439	Xã Nhị Khê	27
440	Xã Duyên Thái	27
441	Xã Khánh Hà	27
442	Xã Hòa Bình	27
443	Xã Văn Bình	27
444	Xã Hiền Giang	27
445	Xã Hồng Vân	27
446	Xã Vân Tảo	27
447	Xã Liên Phương	27
448	Xã Văn Phú	27
449	Xã Tự Nhiên	27
450	Xã Tiền Phong	27
451	Xã Hà Hồi	27
452	Xã Nguyễn Trãi	27
453	Xã Quất Động	27
454	Xã Chương Dương	27
455	Xã Tân Minh	27
456	Xã Lê Lợi	27
457	Xã Thắng Lợi	27
458	Xã Dũng Tiến	27
459	Xã Nghiêm Xuyên	27
460	Xã Tô Hiệu	27
461	Xã Văn Tự	27
462	Xã Vạn Nhất	27
463	Xã Minh Cường	27
464	Thị trấn Phú Minh	28
465	Thị trấn Phú Xuyên	28
466	Xã Hồng Minh	28
467	Xã Phượng Dực	28
468	Xã Nam Tiến	28
469	Xã Văn Hoàng	28
470	Xã Phú Túc	28
471	Xã Hồng Thái	28
472	Xã Hoàng Long	28
473	Xã Nam Phong	28
474	Xã Tân Dân	28
475	Xã Quang Hà	28
476	Xã Chuyên Mỹ	28
477	Xã Khai Thái	28
478	Xã Phúc Tiến	28
479	Xã Vân Từ	28
480	Xã Tri Thủy	28
481	Xã Đại Xuyên	28
482	Xã Phú Yên	28
483	Xã Bạch Hạ	28
484	Xã Quang Lãng	28
485	Xã Châu Can	28
486	Xã Minh Tân	28
487	Thị trấn Vân Đình	29
488	Xã Hoa Viên	29
489	Xã Quảng Phú Cầu	29
490	Xã Trường Thịnh	29
491	Xã Liên Bạt	29
492	Xã Cao Sơn Tiến	29
493	Xã Phương Tú	29
494	Xã Trung Tú	29
495	Xã Đồng Tân	29
496	Xã Tảo Dương Văn	29
497	Xã Thái Hòa	29
498	Xã Minh Đức	29
499	Xã Trầm Lộng	29
500	Xã Kim Đường	29
501	Xã Hòa Phú	29
502	Xã Đại Hùng	29
503	Xã Đông Lỗ	29
504	Xã Phù Lưu	29
505	Xã Đại Cường	29
506	Xã Bình Lưu Quang	29
507	Thị trấn Đại Nghĩa	30
508	Xã Đồng Tâm	30
509	Xã Thượng Lâm	30
510	Xã Tuy Lai	30
511	Xã Phúc Lâm	30
512	Xã Mỹ Xuyên	30
513	Xã An Mỹ	30
514	Xã Hồng Sơn	30
515	Xã Lê Thanh	30
516	Xã Xuy Xá	30
517	Xã Phùng Xá	30
518	Xã Phù Lưu Tế	30
519	Xã Đại Hưng	30
520	Xã Vạn Tín	30
521	Xã Hương Sơn	30
522	Xã Hùng Tiến	30
523	Xã An Tiến	30
524	Xã Hợp Tiến	30
525	Xã Hợp Thanh	30
526	Xã An Phú	30
527	Phường Quang Trung	24
528	Phường Trần Phú	24
529	Phường Ngọc Hà	24
530	Phường Nguyễn Trãi	24
531	Phường Minh Khai	24
532	Xã Ngọc Đường	24
533	Xã Phương Độ	24
534	Xã Phương Thiện	24
535	Thị trấn Phó Bảng	26
536	Xã Lũng Cú	26
537	Xã Má Lé	26
538	Thị trấn Đồng Văn	26
539	Xã Lũng Táo	26
540	Xã Phố Là	26
541	Xã Thài Phìn Tủng	26
542	Xã Sủng Là	26
543	Xã Xà Phìn	26
544	Xã Tả Phìn	26
545	Xã Tả Lủng	26
546	Xã Phố Cáo	26
547	Xã Sính Lủng	26
548	Xã Sảng Tủng	26
549	Xã Lũng Thầu	26
550	Xã Hố Quáng Phìn	26
551	Xã Vần Chải	26
552	Xã Lũng Phìn	26
553	Xã Sủng Trái	26
554	Thị trấn Mèo Vạc	27
555	Xã Thượng Phùng	27
556	Xã Pải Lủng	27
557	Xã Xín Cái	27
558	Xã Pả Vi	27
559	Xã Giàng Chu Phìn	27
560	Xã Sủng Trà	27
561	Xã Sủng Máng	27
562	Xã Sơn Vĩ	27
563	Xã Tả Lủng	27
564	Xã Cán Chu Phìn	27
565	Xã Lũng Pù	27
566	Xã Lũng Chinh	27
567	Xã Tát Ngà	27
568	Xã Nậm Ban	27
569	Xã Khâu Vai	27
570	Xã Niêm Tòng	27
571	Xã Niêm Sơn	27
572	Thị trấn Yên Minh	28
573	Xã Thắng Mố	28
574	Xã Phú Lũng	28
575	Xã Sủng Tráng	28
576	Xã Bạch Đích	28
577	Xã Na Khê	28
578	Xã Sủng Thài	28
579	Xã Hữu Vinh	28
580	Xã Lao Và Chải	28
581	Xã Mậu Duệ	28
582	Xã Đông Minh	28
583	Xã Mậu Long	28
584	Xã Ngam La	28
585	Xã Ngọc Long	28
586	Xã Đường Thượng	28
587	Xã Lũng Hồ	28
588	Xã Du Tiến	28
589	Xã Du Già	28
590	Thị trấn Tam Sơn	29
591	Xã Bát Đại Sơn	29
592	Xã Nghĩa Thuận	29
593	Xã Cán Tỷ	29
594	Xã Cao Mã Pờ	29
595	Xã Thanh Vân	29
596	Xã Tùng Vài	29
597	Xã Đông Hà	29
598	Xã Quản Bạ	29
599	Xã Lùng Tám	29
600	Xã Quyết Tiến	29
601	Xã Tả Ván	29
602	Xã Thái An	29
603	Xã Kim Thạch	30
604	Xã Phú Linh	30
605	Xã Kim Linh	30
606	Thị trấn Vị Xuyên	30
607	Thị trấn Nông Trường Việt Lâm	30
608	Xã Minh Tân	30
609	Xã Thuận Hoà	30
610	Xã Tùng Bá	30
611	Xã Thanh Thủy	30
612	Xã Thanh Đức	30
613	Xã Phong Quang	30
614	Xã Xín Chải	30
615	Xã Phương Tiến	30
616	Xã Lao Chải	30
617	Xã Cao Bồ	30
618	Xã Đạo Đức	30
619	Xã Thượng Sơn	30
620	Xã Linh Hồ	30
621	Xã Quảng Ngần	30
622	Xã Việt Lâm	30
623	Xã Ngọc Linh	30
624	Xã Ngọc Minh	30
625	Xã Bạch Ngọc	30
626	Xã Trung Thành	30
627	Xã Minh Sơn	31
628	Xã Giáp Trung	31
629	Xã Yên Định	31
630	Thị trấn Yên Phú	31
631	Xã Minh Ngọc	31
632	Xã Yên Phong	31
633	Xã Lạc Nông	31
634	Xã Phú Nam	31
635	Xã Yên Cường	31
636	Xã Thượng Tân	31
637	Xã Đường Âm	31
638	Xã Đường Hồng	31
639	Xã Phiêng Luông	31
640	Thị trấn Vinh Quang	32
641	Xã Bản Máy	32
642	Xã Thàng Tín	32
643	Xã Thèn Chu Phìn	32
644	Xã Pố Lồ	32
645	Xã Bản Phùng	32
646	Xã Túng Sán	32
647	Xã Chiến Phố	32
648	Xã Đản Ván	32
649	Xã Tụ Nhân	32
650	Xã Tân Tiến	32
651	Xã Nàng Đôn	32
652	Xã Pờ Ly Ngài	32
653	Xã Sán Xả Hồ	32
654	Xã Bản Luốc	32
655	Xã Ngàm Đăng Vài	32
656	Xã Bản Nhùng	32
657	Xã Tả Sử Choóng	32
658	Xã Nậm Dịch	32
659	Xã Hồ Thầu	32
660	Xã Nam Sơn	32
661	Xã Nậm Tỵ	32
662	Xã Thông Nguyên	32
663	Xã Nậm Khòa	32
664	Thị trấn Cốc Pài	33
665	Xã Nàn Xỉn	33
666	Xã Bản Díu	33
667	Xã Chí Cà	33
668	Xã Xín Mần	33
669	Xã Thèn Phàng	33
670	Xã Trung Thịnh	33
671	Xã Pà Vầy Sủ	33
672	Xã Cốc Rế	33
673	Xã Thu Tà	33
674	Xã Nàn Ma	33
675	Xã Tả Nhìu	33
676	Xã Bản Ngò	33
677	Xã Chế Là	33
678	Xã Nấm Dẩn	33
679	Xã Quảng Nguyên	33
680	Xã Nà Chì	33
681	Xã Khuôn Lùng	33
682	Thị trấn Việt Quang	34
683	Thị trấn Vĩnh Tuy	34
684	Xã Tân Lập	34
685	Xã Tân Thành	34
686	Xã Đồng Tiến	34
687	Xã Đồng Tâm	34
688	Xã Tân Quang	34
689	Xã Thượng Bình	34
690	Xã Hữu Sản	34
691	Xã Kim Ngọc	34
692	Xã Việt Vinh	34
693	Xã Bằng Hành	34
694	Xã Quang Minh	34
695	Xã Liên Hiệp	34
696	Xã Vô Điếm	34
697	Xã Việt Hồng	34
698	Xã Hùng An	34
699	Xã Đức Xuân	34
700	Xã Tiên Kiều	34
701	Xã Vĩnh Hảo	34
702	Xã Vĩnh Phúc	34
703	Xã Đồng Yên	34
704	Xã Đông Thành	34
705	Xã Xuân Minh	35
706	Xã Tiên Nguyên	35
707	Xã Tân Nam	35
708	Xã Bản Rịa	35
709	Xã Yên Thành	35
710	Thị trấn Yên Bình	35
711	Xã Tân Trịnh	35
712	Xã Tân Bắc	35
713	Xã Bằng Lang	35
714	Xã Yên Hà	35
715	Xã Hương Sơn	35
716	Xã Xuân Giang	35
717	Xã Nà Khương	35
718	Xã Tiên Yên	35
719	Xã Vĩ Thượng	35
720	Phường Sông Hiến	36
721	Phường Sông Bằng	36
722	Phường Hợp Giang	36
723	Phường Tân Giang	36
724	Phường Ngọc Xuân	36
725	Phường Đề Thám	36
726	Phường Hoà Chung	36
727	Phường Duyệt Trung	36
728	Xã Vĩnh Quang	36
729	Xã Hưng Đạo	36
730	Xã Chu Trinh	36
731	Thị trấn Pác Miầu	37
732	Xã Đức Hạnh	37
733	Xã Lý Bôn	37
734	Xã Nam Cao	37
735	Xã Nam Quang	37
736	Xã Vĩnh Quang	37
737	Xã Quảng Lâm	37
738	Xã Thạch Lâm	37
739	Xã Vĩnh Phong	37
740	Xã Mông Ân	37
741	Xã Thái Học	37
742	Xã Thái Sơn	37
743	Xã Yên Thổ	37
744	Thị trấn Bảo Lạc	38
745	Xã Cốc Pàng	38
746	Xã Thượng Hà	38
747	Xã Cô Ba	38
748	Xã Bảo Toàn	38
749	Xã Khánh Xuân	38
750	Xã Xuân Trường	38
751	Xã Hồng Trị	38
752	Xã Kim Cúc	38
753	Xã Phan Thanh	38
754	Xã Hồng An	38
755	Xã Hưng Đạo	38
756	Xã Hưng Thịnh	38
757	Xã Huy Giáp	38
758	Xã Đình Phùng	38
759	Xã Sơn Lập	38
760	Xã Sơn Lộ	38
761	Thị trấn Thông Nông	39
762	Xã Cần Yên	39
763	Xã Cần Nông	39
764	Xã Lương Thông	39
765	Xã Đa Thông	39
766	Xã Ngọc Động	39
767	Xã Yên Sơn	39
768	Xã Lương Can	39
769	Xã Thanh Long	39
770	Thị trấn Xuân Hòa	39
771	Xã Lũng Nặm	39
772	Xã Trường Hà	39
773	Xã Cải Viên	39
774	Xã Nội Thôn	39
775	Xã Tổng Cọt	39
776	Xã Sóc Hà	39
777	Xã Thượng Thôn	39
778	Xã Hồng Sỹ	39
779	Xã Quý Quân	39
780	Xã Mã Ba	39
781	Xã Ngọc Đào	39
782	Thị trấn Trà Lĩnh	40
783	Xã Tri Phương	40
784	Xã Quang Hán	40
785	Xã Xuân Nội	40
786	Xã Quang Trung	40
787	Xã Quang Vinh	40
788	Xã Cao Chương	40
789	Thị trấn Trùng Khánh	40
790	Xã Ngọc Khê	40
791	Xã Ngọc Côn	40
792	Xã Phong Nậm	40
793	Xã Đình Phong	40
794	Xã Đàm Thuỷ	40
795	Xã Khâm Thành	40
796	Xã Chí Viễn	40
797	Xã Lăng Hiếu	40
798	Xã Phong Châu	40
799	Xã Trung Phúc	40
800	Xã Cao Thăng	40
801	Xã Đức Hồng	40
802	Xã Đoài Dương	40
803	Xã Minh Long	41
804	Xã Lý Quốc	41
805	Xã Thắng Lợi	41
806	Xã Đồng Loan	41
807	Xã Đức Quang	41
808	Xã Kim Loan	41
809	Xã Quang Long	41
810	Xã An Lạc	41
811	Thị trấn Thanh Nhật	41
812	Xã Vinh Quý	41
813	Xã Thống Nhất	41
814	Xã Cô Ngân	41
815	Xã Thị Hoa	41
816	Xã Quốc Toản	42
817	Thị trấn Quảng Uyên	42
818	Xã Phi Hải	42
819	Xã Quảng Hưng	42
820	Xã Độc Lập	42
821	Xã Cai Bộ	42
822	Xã Phúc Sen	42
823	Xã Chí Thảo	42
824	Xã Tự Do	42
825	Xã Hồng Quang	42
826	Xã Ngọc Động	42
827	Xã Hạnh Phúc	42
828	Thị trấn Tà Lùng	42
829	Xã Bế Văn Đàn	42
830	Xã Cách Linh	42
831	Xã Đại Sơn	42
832	Xã Tiên Thành	42
833	Thị trấn Hoà Thuận	42
834	Xã Mỹ Hưng	42
835	Thị trấn Nước Hai	43
836	Xã Dân Chủ	43
837	Xã Nam Tuấn	43
838	Xã Đại Tiến	43
839	Xã Đức Long	43
840	Xã Ngũ Lão	43
841	Xã Trương Lương	43
842	Xã Hồng Việt	43
843	Xã Hoàng Tung	43
844	Xã Nguyễn Huệ	43
845	Xã Quang Trung	43
846	Xã Bạch Đằng	43
847	Xã Bình Dương	43
848	Xã Lê Chung	43
849	Xã Hồng Nam	43
850	Thị trấn Nguyên Bình	44
851	Thị trấn Tĩnh Túc	44
852	Xã Yên Lạc	44
853	Xã Triệu Nguyên	44
854	Xã Ca Thành	44
855	Xã Vũ Nông	44
856	Xã Minh Tâm	44
857	Xã Thể Dục	44
858	Xã Mai Long	44
859	Xã Vũ Minh	44
860	Xã Hoa Thám	44
861	Xã Phan Thanh	44
862	Xã Quang Thành	44
863	Xã Tam Kim	44
864	Xã Thành Công	44
865	Xã Thịnh Vượng	44
866	Xã Hưng Đạo	44
867	Thị trấn Đông Khê	45
868	Xã Canh Tân	45
869	Xã Kim Đồng	45
870	Xã Minh Khai	45
871	Xã Đức Thông	45
872	Xã Thái Cường	45
873	Xã Vân Trình	45
874	Xã Thụy Hùng	45
875	Xã Quang Trọng	45
876	Xã Trọng Con	45
877	Xã Lê Lai	45
878	Xã Đức Long	45
879	Xã Lê Lợi	45
880	Xã Đức Xuân	45
881	Phường Nguyễn Thị Minh Khai	46
882	Phường Sông Cầu	46
883	Phường Đức Xuân	46
884	Phường Phùng Chí Kiên	46
885	Phường Huyền Tụng	46
886	Xã Dương Quang	46
887	Xã Nông Thượng	46
888	Phường Xuất Hóa	46
889	Xã Bằng Thành	47
890	Xã Nhạn Môn	47
891	Xã Bộc Bố	47
892	Xã Công Bằng	47
893	Xã Giáo Hiệu	47
894	Xã Xuân La	47
895	Xã An Thắng	47
896	Xã Cổ Linh	47
897	Xã Nghiên Loan	47
898	Xã Cao Tân	47
899	Thị trấn Chợ Rã	48
900	Xã Bành Trạch	48
901	Xã Phúc Lộc	48
902	Xã Hà Hiệu	48
903	Xã Cao Thượng	48
904	Xã Khang Ninh	48
905	Xã Nam Mẫu	48
906	Xã Thượng Giáo	48
907	Xã Địa Linh	48
908	Xã Yến Dương	48
909	Xã Chu Hương	48
910	Xã Quảng Khê	48
911	Xã Mỹ Phương	48
912	Xã Hoàng Trĩ	48
913	Xã Đồng Phúc	48
914	Thị trấn Nà Phặc	49
915	Xã Thượng Ân	49
916	Xã Bằng Vân	49
917	Xã Cốc Đán	49
918	Xã Trung Hoà	49
919	Xã Đức Vân	49
920	Thị trấn Vân Tùng	49
921	Xã Thượng Quan	49
922	Xã Hiệp Lực	49
923	Xã Thuần Mang	49
924	Thị trấn Phủ Thông	50
925	Xã Vi Hương	50
926	Xã Sĩ Bình	50
927	Xã Vũ Muộn	50
928	Xã Đôn Phong	50
929	Xã Lục Bình	50
930	Xã Tân Tú	50
931	Xã Nguyên Phúc	50
932	Xã Cao Sơn	50
933	Xã Quân Hà	50
934	Xã Cẩm Giàng	50
935	Xã Mỹ Thanh	50
936	Xã Dương Phong	50
937	Xã Quang Thuận	50
938	Thị trấn Bằng Lũng	51
939	Xã Xuân Lạc	51
940	Xã Nam Cường	51
941	Xã Đồng Lạc	51
942	Xã Tân Lập	51
943	Xã Bản Thi	51
944	Xã Quảng Bạch	51
945	Xã Bằng Phúc	51
946	Xã Yên Thịnh	51
947	Xã Yên Thượng	51
948	Xã Phương Viên	51
949	Xã Ngọc Phái	51
950	Xã Đồng Thắng	51
951	Xã Lương Bằng	51
952	Xã Bằng Lãng	51
953	Xã Đại Sảo	51
954	Xã Nghĩa Tá	51
955	Xã Yên Mỹ	51
956	Xã Bình Trung	51
957	Xã Yên Phong	51
958	Thị trấn Đồng Tâm	52
959	Xã Tân Sơn	52
960	Xã Thanh Vận	52
961	Xã Mai Lạp	52
962	Xã Hoà Mục	52
963	Xã Thanh Mai	52
964	Xã Cao Kỳ	52
965	Xã Nông Hạ	52
966	Xã Yên Cư	52
967	Xã Thanh Thịnh	52
968	Xã Yên Hân	52
969	Xã Như Cố	52
970	Xã Bình Văn	52
971	Xã Quảng Chu	52
972	Xã Văn Vũ	53
973	Xã Văn Lang	53
974	Xã Lương Thượng	53
975	Xã Kim Hỷ	53
976	Xã Cường Lợi	53
977	Thị trấn Yến Lạc	53
978	Xã Kim Lư	53
979	Xã Sơn Thành	53
980	Xã Văn Minh	53
981	Xã Côn Minh	53
982	Xã Cư Lễ	53
983	Xã Trần Phú	53
984	Xã Quang Phong	53
985	Xã Dương Sơn	53
986	Xã Xuân Dương	53
987	Xã Đổng Xá	53
988	Xã Liêm Thuỷ	53
989	Phường Phan Thiết	54
990	Phường Minh Xuân	54
991	Phường Tân Quang	54
992	Xã Tràng Đà	54
993	Phường Nông Tiến	54
994	Phường Ỷ La	54
995	Phường Tân Hà	54
996	Phường Hưng Thành	54
997	Xã Kim Phú	54
998	Xã An Khang	54
999	Phường Mỹ Lâm	54
1000	Phường An Tường	54
1001	Xã Lưỡng Vượng	54
1002	Xã Thái Long	54
1003	Phường Đội Cấn	54
1004	Xã Phúc Yên	55
1005	Xã Xuân Lập	55
1006	Xã Khuôn Hà	55
1007	Thị trấn Lăng Can	55
1008	Xã Thượng Lâm	55
1009	Xã Bình An	55
1010	Xã Hồng Quang	55
1011	Xã Thổ Bình	55
1012	Xã Phúc Sơn	55
1013	Xã Minh Quang	55
1014	Thị trấn Na Hang	56
1015	Xã Sinh Long	56
1016	Xã Thượng Giáp	56
1017	Xã Thượng Nông	56
1018	Xã Côn Lôn	56
1019	Xã Yên Hoa	56
1020	Xã Hồng Thái	56
1021	Xã Đà Vị	56
1022	Xã Khau Tinh	56
1023	Xã Sơn Phú	56
1024	Xã Năng Khả	56
1025	Xã Thanh Tương	56
1026	Thị trấn Vĩnh Lộc	57
1027	Xã Trung Hà	57
1028	Xã Tân Mỹ	57
1029	Xã Hà Lang	57
1030	Xã Hùng Mỹ	57
1031	Xã Yên Lập	57
1032	Xã Tân An	57
1033	Xã Bình Phú	57
1034	Xã Xuân Quang	57
1035	Xã Ngọc Hội	57
1036	Xã Phú Bình	57
1037	Xã Hòa Phú	57
1038	Xã Phúc Thịnh	57
1039	Xã Kiên Đài	57
1040	Xã Tân Thịnh	57
1041	Xã Trung Hòa	57
1042	Xã Kim Bình	57
1043	Xã Hòa An	57
1044	Xã Vinh Quang	57
1045	Xã Tri Phú	57
1046	Xã Nhân Lý	57
1047	Xã Yên Nguyên	57
1048	Xã Linh Phú	57
1049	Xã Bình Nhân	57
1050	Thị trấn Tân Yên	58
1051	Xã Yên Thuận	58
1052	Xã Bạch Xa	58
1053	Xã Minh Khương	58
1054	Xã Yên Lâm	58
1055	Xã Minh Dân	58
1056	Xã Phù Lưu	58
1057	Xã Minh Hương	58
1058	Xã Yên Phú	58
1059	Xã Tân Thành	58
1060	Xã Bình Xa	58
1061	Xã Thái Sơn	58
1062	Xã Nhân Mục	58
1063	Xã Thành Long	58
1064	Xã Bằng Cốc	58
1065	Xã Thái Hòa	58
1066	Xã Đức Ninh	58
1067	Xã Hùng Đức	58
1068	Xã Quí Quân	59
1069	Xã Lực Hành	59
1070	Xã Kiến Thiết	59
1071	Xã Trung Minh	59
1072	Xã Chiêu Yên	59
1073	Xã Trung Trực	59
1074	Xã Xuân Vân	59
1075	Xã Phúc Ninh	59
1076	Xã Hùng Lợi	59
1077	Xã Trung Sơn	59
1078	Xã Tân Tiến	59
1079	Xã Tứ Quận	59
1080	Xã Đạo Viện	59
1081	Xã Tân Long	59
1082	Thị trấn Yên Sơn	59
1083	Xã Kim Quan	59
1084	Xã Lang Quán	59
1085	Xã Phú Thịnh	59
1086	Xã Công Đa	59
1087	Xã Trung Môn	59
1088	Xã Chân Sơn	59
1089	Xã Thái Bình	59
1090	Xã Tiến Bộ	59
1091	Xã Mỹ Bằng	59
1092	Xã Hoàng Khai	59
1093	Xã Nhữ Hán	59
1094	Xã Nhữ Khê	59
1095	Xã Đội Bình	59
1096	Thị trấn Sơn Dương	60
1097	Xã Trung Yên	60
1098	Xã Minh Thanh	60
1099	Xã Tân Trào	60
1100	Xã Vĩnh Lợi	60
1101	Xã Thượng Ấm	60
1102	Xã Bình Yên	60
1103	Xã Lương Thiện	60
1104	Xã Tú Thịnh	60
1105	Xã Cấp Tiến	60
1106	Xã Hợp Thành	60
1107	Xã Phúc Ứng	60
1108	Xã Đông Thọ	60
1109	Xã Kháng Nhật	60
1110	Xã Hợp Hòa	60
1111	Xã Quyết Thắng	60
1112	Xã Đồng Quý	60
1113	Xã Tân Thanh	60
1114	Xã Văn Phú	60
1115	Xã Chi Thiết	60
1116	Xã Đông Lợi	60
1117	Xã Thiện Kế	60
1118	Xã Hồng Sơn	60
1119	Xã Phú Lương	60
1120	Xã Ninh Lai	60
1121	Xã Đại Phú	60
1122	Xã Sơn Nam	60
1123	Xã Hào Phú	60
1124	Xã Tam Đa	60
1125	Xã Trường Sinh	60
1126	Phường Duyên Hải	61
1127	Phường Lào Cai	61
1128	Phường Cốc Lếu	61
1129	Phường Kim Tân	61
1130	Phường Bắc Lệnh	61
1131	Phường Pom Hán	61
1132	Phường Xuân Tăng	61
1133	Phường Bình Minh	61
1134	Xã Thống Nhất	61
1135	Xã Đồng Tuyển	61
1136	Xã Vạn Hoà	61
1137	Phường Bắc Cường	61
1138	Phường Nam Cường	61
1139	Xã Cam Đường	61
1140	Xã Tả Phời	61
1141	Xã Hợp Thành	61
1142	Xã Cốc San	61
1143	Thị trấn Bát Xát	62
1144	Xã A Mú Sung	62
1145	Xã Nậm Chạc	62
1146	Xã A Lù	62
1147	Xã Trịnh Tường	62
1148	Xã Y Tý	62
1149	Xã Cốc Mỳ	62
1150	Xã Dền Sáng	62
1151	Xã Bản Vược	62
1152	Xã Sàng Ma Sáo	62
1153	Xã Bản Qua	62
1154	Xã Mường Vi	62
1155	Xã Dền Thàng	62
1156	Xã Bản Xèo	62
1157	Xã Mường Hum	62
1158	Xã Trung Lèng Hồ	62
1159	Xã Quang Kim	62
1160	Xã Pa Cheo	62
1161	Xã Nậm Pung	62
1162	Xã Phìn Ngan	62
1163	Xã Tòng Sành	62
1164	Xã Pha Long	63
1165	Xã Tả Ngải Chồ	63
1166	Xã Tung Chung Phố	63
1167	Thị trấn Mường Khương	63
1168	Xã Dìn Chin	63
1169	Xã Tả Gia Khâu	63
1170	Xã Nậm Chảy	63
1171	Xã Nấm Lư	63
1172	Xã Lùng Khấu Nhin	63
1173	Xã Thanh Bình	63
1174	Xã Cao Sơn	63
1175	Xã Lùng Vai	63
1176	Xã Bản Lầu	63
1177	Xã La Pan Tẩn	63
1178	Xã Tả Thàng	63
1179	Xã Bản Sen	63
1180	Xã Nàn Sán	64
1181	Xã Thào Chư Phìn	64
1182	Xã Bản Mế	64
1183	Thị trấn Si Ma Cai	64
1184	Xã Sán Chải	64
1185	Xã Lùng Thẩn	64
1186	Xã Cán Cấu	64
1187	Xã Sín Chéng	64
1188	Xã Quan Hồ Thẩn	64
1189	Xã Nàn Xín	64
1190	Thị trấn Bắc Hà	65
1191	Xã Lùng Cải	65
1192	Xã Lùng Phình	65
1193	Xã Tả Van Chư	65
1194	Xã Tả Củ Tỷ	65
1195	Xã Thải Giàng Phố	65
1196	Xã Hoàng Thu Phố	65
1197	Xã Bản Phố	65
1198	Xã Bản Liền	65
1199	Xã Na Hối	65
1200	Xã Cốc Ly	65
1201	Xã Nậm Mòn	65
1202	Xã Nậm Đét	65
1203	Xã Nậm Khánh	65
1204	Xã Bảo Nhai	65
1205	Xã Nậm Lúc	65
1206	Xã Cốc Lầu	65
1207	Xã Bản Cái	65
1208	Thị trấn N.T Phong Hải	66
1209	Thị trấn Phố Lu	66
1210	Thị trấn Tằng Loỏng	66
1211	Xã Bản Phiệt	66
1212	Xã Bản Cầm	66
1213	Xã Thái Niên	66
1214	Xã Phong Niên	66
1215	Xã Gia Phú	66
1216	Xã Xuân Quang	66
1217	Xã Sơn Hải	66
1218	Xã Xuân Giao	66
1219	Xã Trì Quang	66
1220	Xã Sơn Hà	66
1221	Xã Phú Nhuận	66
1222	Thị trấn Phố Ràng	67
1223	Xã Tân Tiến	67
1224	Xã Nghĩa Đô	67
1225	Xã Vĩnh Yên	67
1226	Xã Điện Quan	67
1227	Xã Xuân Hoà	67
1228	Xã Tân Dương	67
1229	Xã Thượng Hà	67
1230	Xã Kim Sơn	67
1231	Xã Cam Cọn	67
1232	Xã Minh Tân	67
1233	Xã Xuân Thượng	67
1234	Xã Việt Tiến	67
1235	Xã Yên Sơn	67
1236	Xã Bảo Hà	67
1237	Xã Lương Sơn	67
1238	Xã Phúc Khánh	67
1239	Phường Sa Pa	68
1240	Phường Sa Pả	68
1241	Phường Ô Quý Hồ	68
1242	Xã Ngũ Chỉ Sơn	68
1243	Phường Phan Si Păng	68
1244	Xã Trung Chải	68
1245	Xã Tả Phìn	68
1246	Phường Hàm Rồng	68
1247	Xã Hoàng Liên	68
1248	Xã Thanh Bình	68
1249	Phường Cầu Mây	68
1250	Xã Mường Hoa	68
1251	Xã Tả Van	68
1252	Xã Mường Bo	68
1253	Xã Bản Hồ	68
1254	Xã Liên Minh	68
1255	Thị trấn Khánh Yên	69
1256	Xã Võ Lao	69
1257	Xã Sơn Thuỷ	69
1258	Xã Nậm Mả	69
1259	Xã Tân Thượng	69
1260	Xã Nậm Rạng	69
1261	Xã Nậm Chầy	69
1262	Xã Tân An	69
1263	Xã Khánh Yên Thượng	69
1264	Xã Nậm Xé	69
1265	Xã Dần Thàng	69
1266	Xã Chiềng Ken	69
1267	Xã Làng Giàng	69
1268	Xã Hoà Mạc	69
1269	Xã Khánh Yên Trung	69
1270	Xã Khánh Yên Hạ	69
1271	Xã Dương Quỳ	69
1272	Xã Nậm Tha	69
1273	Xã Minh Lương	69
1274	Xã Thẩm Dương	69
1275	Xã Liêm Phú	69
1276	Xã Nậm Xây	69
1277	Phường Noong Bua	70
1278	Phường Him Lam	70
1279	Phường Thanh Bình	70
1280	Phường Tân Thanh	70
1281	Phường Mường Thanh	70
1282	Phường Nam Thanh	70
1283	Phường Thanh Trường	70
1284	Xã Thanh Minh	70
1285	Xã Nà Tấu	70
1286	Xã Nà Nhạn	70
1287	Xã Mường Phăng	70
1288	Xã Pá Khoang	70
1289	Phường Sông Đà	71
1290	Phường Na Lay	71
1291	Xã Lay Nưa	71
1292	Xã Sín Thầu	72
1293	Xã Sen Thượng	72
1294	Xã Chung Chải	72
1295	Xã Leng Su Sìn	72
1296	Xã Pá Mỳ	72
1297	Xã Mường Nhé	72
1298	Xã Nậm Vì	72
1299	Xã Nậm Kè	72
1300	Xã Mường Toong	72
1301	Xã Quảng Lâm	72
1302	Xã Huổi Lếnh	72
1303	Thị trấn Mường Chà	73
1304	Xã Xá Tổng	73
1305	Xã Mường Tùng	73
1306	Xã Hừa Ngài	73
1307	Xã Huổi Mí	73
1308	Xã Pa Ham	73
1309	Xã Nậm Nèn	73
1310	Xã Huổi Lèng	73
1311	Xã Sa Lông	73
1312	Xã Ma Thì Hồ	73
1313	Xã Na Sang	73
1314	Xã Mường Mươn	73
1315	Thị trấn Tủa Chùa	74
1316	Xã Huổi Só	74
1317	Xã Xín Chải	74
1318	Xã Tả Sìn Thàng	74
1319	Xã Lao Xả Phình	74
1320	Xã Tả Phìn	74
1321	Xã Tủa Thàng	74
1322	Xã Trung Thu	74
1323	Xã Sính Phình	74
1324	Xã Sáng Nhè	74
1325	Xã Mường Đun	74
1326	Xã Mường Báng	74
1327	Thị trấn Tuần Giáo	75
1328	Xã Phình Sáng	75
1329	Xã Rạng Đông	75
1330	Xã Mùn Chung	75
1331	Xã Nà Tòng	75
1332	Xã Ta Ma	75
1333	Xã Mường Mùn	75
1334	Xã Pú Xi	75
1335	Xã Pú Nhung	75
1336	Xã Quài Nưa	75
1337	Xã Mường Thín	75
1338	Xã Tỏa Tình	75
1339	Xã Nà Sáy	75
1340	Xã Mường Khong	75
1341	Xã Quài Cang	75
1342	Xã Quài Tở	75
1343	Xã Chiềng Sinh	75
1344	Xã Chiềng Đông	75
1345	Xã Tênh Phông	75
1346	Xã Mường Pồn	76
1347	Xã Thanh Nưa	76
1348	Xã Hua Thanh	76
1349	Xã Thanh Luông	76
1350	Xã Thanh Hưng	76
1351	Xã Thanh Xương	76
1352	Xã Thanh Chăn	76
1353	Xã Pa Thơm	76
1354	Xã Thanh An	76
1355	Xã Thanh Yên	76
1356	Xã Noong Luống	76
1357	Xã Noọng Hẹt	76
1358	Xã Sam Mứn	76
1359	Xã Pom Lót	76
1360	Xã Núa Ngam	76
1361	Xã Hẹ Muông	76
1362	Xã Na Ư	76
1363	Xã Mường Nhà	76
1364	Xã Na Tông	76
1365	Xã Mường Lói	76
1366	Xã Phu Luông	76
1367	Thị trấn Điện Biên Đông	77
1368	Xã Na Son	77
1369	Xã Phì Nhừ	77
1370	Xã Chiềng Sơ	77
1371	Xã Mường Luân	77
1372	Xã Pú Nhi	77
1373	Xã Nong U	77
1374	Xã Xa Dung	77
1375	Xã Keo Lôm	77
1376	Xã Luân Giới	77
1377	Xã Phình Giàng	77
1378	Xã Pú Hồng	77
1379	Xã Tìa Dình	77
1380	Xã Háng Lìa	77
1381	Thị trấn Mường Ảng	78
1382	Xã Mường Đăng	78
1383	Xã Ngối Cáy	78
1384	Xã Ẳng Tở	78
1385	Xã Búng Lao	78
1386	Xã Xuân Lao	78
1387	Xã Ẳng Nưa	78
1388	Xã Ẳng Cang	78
1389	Xã Nặm Lịch	78
1390	Xã Mường Lạn	78
1391	Xã Nậm Tin	79
1392	Xã Pa Tần	79
1393	Xã Chà Cang	79
1394	Xã Na Cô Sa	79
1395	Xã Nà Khoa	79
1396	Xã Nà Hỳ	79
1397	Xã Nà Bủng	79
1398	Xã Nậm Nhừ	79
1399	Xã Nậm Chua	79
1400	Xã Nậm Khăn	79
1401	Xã Chà Tở	79
1402	Xã Vàng Đán	79
1403	Xã Chà Nưa	79
1404	Xã Phìn Hồ	79
1405	Xã Si Pa Phìn	79
1406	Phường Quyết Thắng	80
1407	Phường Tân Phong	80
1408	Phường Quyết Tiến	80
1409	Phường Đoàn Kết	80
1410	Xã Sùng Phài	80
1411	Phường Đông Phong	80
1412	Xã San Thàng	80
1413	Thị trấn Tam Đường	81
1414	Xã Thèn Sin	81
1415	Xã Tả Lèng	81
1416	Xã Giang Ma	81
1417	Xã Hồ Thầu	81
1418	Xã Bình Lư	81
1419	Xã Sơn Bình	81
1420	Xã Nùng Nàng	81
1421	Xã Bản Giang	81
1422	Xã Bản Hon	81
1423	Xã Bản Bo	81
1424	Xã Nà Tăm	81
1425	Xã Khun Há	81
1426	Thị trấn Mường Tè	82
1427	Xã Thu Lũm	82
1428	Xã Ka Lăng	82
1429	Xã Tá Bạ	82
1430	Xã Pa ủ	82
1431	Xã Mường Tè	82
1432	Xã Pa Vệ Sử	82
1433	Xã Mù Cả	82
1434	Xã Bum Tở	82
1435	Xã Nậm Khao	82
1436	Xã Tà Tổng	82
1437	Xã Bum Nưa	82
1438	Xã Vàng San	82
1439	Xã Kan Hồ	82
1440	Thị trấn Sìn Hồ	83
1441	Xã Chăn Nưa	83
1442	Xã Pa Tần	83
1443	Xã Phìn Hồ	83
1444	Xã Hồng Thu	83
1445	Xã Phăng Sô Lin	83
1446	Xã Ma Quai	83
1447	Xã Lùng Thàng	83
1448	Xã Tả Phìn	83
1449	Xã Sà Dề Phìn	83
1450	Xã Nậm Tăm	83
1451	Xã Tả Ngảo	83
1452	Xã Pu Sam Cáp	83
1453	Xã Nậm Cha	83
1454	Xã Pa Khoá	83
1455	Xã Làng Mô	83
1456	Xã Noong Hẻo	83
1457	Xã Nậm Mạ	83
1458	Xã Căn Co	83
1459	Xã Tủa Sín Chải	83
1460	Xã Nậm Cuổi	83
1461	Xã Nậm Hăn	83
1462	Xã Lả Nhì Thàng	84
1463	Xã Huổi Luông	84
1464	Thị trấn Phong Thổ	84
1465	Xã Sì Lở Lầu	84
1466	Xã Mồ Sì San	84
1467	Xã Pa Vây Sử	84
1468	Xã Vàng Ma Chải	84
1469	Xã Tông Qua Lìn	84
1470	Xã Mù Sang	84
1471	Xã Dào San	84
1472	Xã Ma Ly Pho	84
1473	Xã Bản Lang	84
1474	Xã Hoang Thèn	84
1475	Xã Khổng Lào	84
1476	Xã Nậm Xe	84
1477	Xã Mường So	84
1478	Xã Sin Suối Hồ	84
1479	Thị trấn Than Uyên	85
1480	Xã Phúc Than	85
1481	Xã Mường Than	85
1482	Xã Mường Mít	85
1483	Xã Pha Mu	85
1484	Xã Mường Cang	85
1485	Xã Hua Nà	85
1486	Xã Tà Hừa	85
1487	Xã Mường Kim	85
1488	Xã Tà Mung	85
1489	Xã Tà Gia	85
1490	Xã Khoen On	85
1491	Thị trấn Tân Uyên	86
1492	Xã Mường Khoa	86
1493	Xã Phúc Khoa	86
1494	Xã Thân Thuộc	86
1495	Xã Trung Đồng	86
1496	Xã Hố Mít	86
1497	Xã Nậm Cần	86
1498	Xã Nậm Sỏ	86
1499	Xã Pắc Ta	86
1500	Xã Tà Mít	86
1501	Thị trấn Nậm Nhùn	87
1502	Xã Hua Bun	87
1503	Xã Mường Mô	87
1504	Xã Nậm Chà	87
1505	Xã Nậm Manh	87
1506	Xã Nậm Hàng	87
1507	Xã Lê Lợi	87
1508	Xã Pú Đao	87
1509	Xã Nậm Pì	87
1510	Xã Nậm Ban	87
1511	Xã Trung Chải	87
1512	Phường Chiềng Lề	88
1513	Phường Tô Hiệu	88
1514	Phường Quyết Thắng	88
1515	Phường Quyết Tâm	88
1516	Xã Chiềng Cọ	88
1517	Xã Chiềng Đen	88
1518	Xã Chiềng Xôm	88
1519	Phường Chiềng An	88
1520	Phường Chiềng Cơi	88
1521	Xã Chiềng Ngần	88
1522	Xã Hua La	88
1523	Phường Chiềng Sinh	88
1524	Xã Mường Chiên	89
1525	Xã Cà Nàng	89
1526	Xã Chiềng Khay	89
1527	Xã Mường Giôn	89
1528	Xã Pá Ma Pha Khinh	89
1529	Xã Chiềng Ơn	89
1530	Xã Mường Giàng	89
1531	Xã Chiềng Bằng	89
1532	Xã Mường Sại	89
1533	Xã Nậm ét	89
1534	Xã Chiềng Khoang	89
1535	Thị trấn Thuận Châu	90
1536	Xã Phổng Lái	90
1537	Xã Mường é	90
1538	Xã Chiềng Pha	90
1539	Xã Chiềng La	90
1540	Xã Chiềng Ngàm	90
1541	Xã Liệp Tè	90
1542	Xã é Tòng	90
1543	Xã Phổng Lập	90
1544	Xã Phổng Lăng	90
1545	Xã Chiềng Ly	90
1546	Xã Noong Lay	90
1547	Xã Mường Khiêng	90
1548	Xã Mường Bám	90
1549	Xã Long Hẹ	90
1550	Xã Chiềng Bôm	90
1551	Xã Thôm Mòn	90
1552	Xã Tông Lạnh	90
1553	Xã Tông Cọ	90
1554	Xã Bó Mười	90
1555	Xã Co Mạ	90
1556	Xã Púng Tra	90
1557	Xã Chiềng Pấc	90
1558	Xã Nậm Lầu	90
1559	Xã Bon Phặng	90
1560	Xã Co Tòng	90
1561	Xã Muổi Nọi	90
1562	Xã Pá Lông	90
1563	Xã Bản Lầm	90
1564	Thị trấn Ít Ong	91
1565	Xã Nậm Giôn	91
1566	Xã Chiềng Lao	91
1567	Xã Hua Trai	91
1568	Xã Ngọc Chiến	91
1569	Xã Mường Trai	91
1570	Xã Nậm Păm	91
1571	Xã Chiềng Muôn	91
1572	Xã Chiềng Ân	91
1573	Xã Pi Toong	91
1574	Xã Chiềng Công	91
1575	Xã Tạ Bú	91
1576	Xã Chiềng San	91
1577	Xã Mường Bú	91
1578	Xã Chiềng Hoa	91
1579	Xã Mường Chùm	91
1580	Thị trấn Bắc Yên	92
1581	Xã Phiêng Ban	92
1582	Xã Hang Chú	92
1583	Xã Xím Vàng	92
1584	Xã Tà Xùa	92
1585	Xã Háng Đồng	92
1586	Xã Pắc Ngà	92
1587	Xã Làng Chếu	92
1588	Xã Chim Vàn	92
1589	Xã Mường Khoa	92
1590	Xã Song Pe	92
1591	Xã Hồng Ngài	92
1592	Xã Tạ Khoa	92
1593	Xã Hua Nhàn	92
1594	Xã Phiêng Côn	92
1595	Xã Chiềng Sại	92
1596	Thị trấn Phù Yên	93
1597	Xã Suối Tọ	93
1598	Xã Mường Thải	93
1599	Xã Mường Cơi	93
1600	Xã Quang Huy	93
1601	Xã Huy Bắc	93
1602	Xã Huy Thượng	93
1603	Xã Tân Lang	93
1604	Xã Gia Phù	93
1605	Xã Tường Phù	93
1606	Xã Huy Hạ	93
1607	Xã Huy Tân	93
1608	Xã Mường Lang	93
1609	Xã Suối Bau	93
1610	Xã Huy Tường	93
1611	Xã Mường Do	93
1612	Xã Sập Xa	93
1613	Xã Tường Thượng	93
1614	Xã Tường Tiến	93
1615	Xã Tường Phong	93
1616	Xã Tường Hạ	93
1617	Xã Kim Bon	93
1618	Xã Mường Bang	93
1619	Xã Đá Đỏ	93
1620	Xã Tân Phong	93
1621	Xã Nam Phong	93
1622	Xã Bắc Phong	93
1623	Thị trấn Mộc Châu	94
1624	Thị trấn NT Mộc Châu	94
1625	Xã Chiềng Sơn	94
1626	Xã Tân Hợp	94
1627	Xã Qui Hướng	94
1628	Xã Tân Lập	94
1629	Xã Nà Mường	94
1630	Xã Tà Lai	94
1631	Xã Chiềng Hắc	94
1632	Xã Hua Păng	94
1633	Xã Chiềng Khừa	94
1634	Xã Mường Sang	94
1635	Xã Đông Sang	94
1636	Xã Phiêng Luông	94
1637	Xã Lóng Sập	94
1638	Thị trấn Yên Châu	95
1639	Xã Chiềng Đông	95
1640	Xã Sập Vạt	95
1641	Xã Chiềng Sàng	95
1642	Xã Chiềng Pằn	95
1643	Xã Viêng Lán	95
1644	Xã Chiềng Hặc	95
1645	Xã Mường Lựm	95
1646	Xã Chiềng On	95
1647	Xã Yên Sơn	95
1648	Xã Chiềng Khoi	95
1649	Xã Tú Nang	95
1650	Xã Lóng Phiêng	95
1651	Xã Phiêng Khoài	95
1652	Xã Chiềng Tương	95
1653	Thị trấn Hát Lót	96
1654	Xã Chiềng Sung	96
1655	Xã Mường Bằng	96
1656	Xã Chiềng Chăn	96
1657	Xã Mương Chanh	96
1658	Xã Chiềng Ban	96
1659	Xã Chiềng Mung	96
1660	Xã Mường Bon	96
1661	Xã Chiềng Chung	96
1662	Xã Chiềng Mai	96
1663	Xã Hát Lót	96
1664	Xã Nà Pó	96
1665	Xã Cò Nòi	96
1666	Xã Chiềng Nơi	96
1667	Xã Phiêng Cằm	96
1668	Xã Chiềng Dong	96
1669	Xã Chiềng Kheo	96
1670	Xã Chiềng Ve	96
1671	Xã Chiềng Lương	96
1672	Xã Phiêng Pằn	96
1673	Xã Nà Ơt	96
1674	Xã Tà Hộc	96
1675	Thị trấn Sông Mã	97
1676	Xã Bó Sinh	97
1677	Xã Pú Pẩu	97
1678	Xã Chiềng Phung	97
1679	Xã Chiềng En	97
1680	Xã Mường Lầm	97
1681	Xã Nậm Ty	97
1682	Xã Đứa Mòn	97
1683	Xã Yên Hưng	97
1684	Xã Chiềng Sơ	97
1685	Xã Nà Nghịu	97
1686	Xã Nậm Mằn	97
1687	Xã Chiềng Khoong	97
1688	Xã Chiềng Cang	97
1689	Xã Huổi Một	97
1690	Xã Mường Sai	97
1691	Xã Mường Cai	97
1692	Xã Mường Hung	97
1693	Xã Chiềng Khương	97
1694	Xã Sam Kha	98
1695	Xã Púng Bánh	98
1696	Xã Sốp Cộp	98
1697	Xã Dồm Cang	98
1698	Xã Nậm Lạnh	98
1699	Xã Mường Lèo	98
1700	Xã Mường Và	98
1701	Xã Mường Lạn	98
1702	Xã Suối Bàng	99
1703	Xã Song Khủa	99
1704	Xã Liên Hoà	99
1705	Xã Tô Múa	99
1706	Xã Mường Tè	99
1707	Xã Chiềng Khoa	99
1708	Xã Mường Men	99
1709	Xã Quang Minh	99
1710	Xã Vân Hồ	99
1711	Xã Lóng Luông	99
1712	Xã Chiềng Yên	99
1713	Xã Chiềng Xuân	99
1714	Xã Xuân Nha	99
1715	Xã Tân Xuân	99
1716	Phường Yên Thịnh	100
1717	Phường Yên Ninh	100
1718	Phường Minh Tân	100
1719	Phường Nguyễn Thái Học	100
1720	Phường Đồng Tâm	100
1721	Phường Hồng Hà	100
1722	Xã Minh Bảo	100
1723	Phường Nam Cường	100
1724	Xã Tuy Lộc	100
1725	Xã Tân Thịnh	100
1726	Xã Âu Lâu	100
1727	Xã Giới Phiên	100
1728	Phường Hợp Minh	100
1729	Xã Văn Phú	100
1730	Phường Pú Trạng	101
1731	Phường Trung Tâm	101
1732	Phường Tân An	101
1733	Phường Cầu Thia	101
1734	Xã Nghĩa Lợi	101
1735	Xã Nghĩa Phúc	101
1736	Xã Nghĩa An	101
1737	Xã Nghĩa Lộ	101
1738	Xã Sơn A	101
1739	Xã Phù Nham	101
1740	Xã Thanh Lương	101
1741	Xã Hạnh Sơn	101
1742	Xã Phúc Sơn	101
1743	Xã Thạch Lương	101
1744	Thị trấn Yên Thế	102
1745	Xã Tân Phượng	102
1746	Xã Lâm Thượng	102
1747	Xã Khánh Thiện	102
1748	Xã Minh Chuẩn	102
1749	Xã Mai Sơn	102
1750	Xã Khai Trung	102
1751	Xã Mường Lai	102
1752	Xã An Lạc	102
1753	Xã Minh Xuân	102
1754	Xã Tô Mậu	102
1755	Xã Tân Lĩnh	102
1756	Xã Yên Thắng	102
1757	Xã Khánh Hoà	102
1758	Xã Vĩnh Lạc	102
1759	Xã Liễu Đô	102
1760	Xã Động Quan	102
1761	Xã Tân Lập	102
1762	Xã Minh Tiến	102
1763	Xã Trúc Lâu	102
1764	Xã Phúc Lợi	102
1765	Xã Phan Thanh	102
1766	Xã An Phú	102
1767	Xã Trung Tâm	102
1768	Thị trấn Mậu A	103
1769	Xã Lang Thíp	103
1770	Xã Lâm Giang	103
1771	Xã Châu Quế Thượng	103
1772	Xã Châu Quế Hạ	103
1773	Xã An Bình	103
1774	Xã Quang Minh	103
1775	Xã Đông An	103
1776	Xã Đông Cuông	103
1777	Xã Phong Dụ Hạ	103
1778	Xã Mậu Đông	103
1779	Xã Ngòi A	103
1780	Xã Xuân Tầm	103
1781	Xã Tân Hợp	103
1782	Xã An Thịnh	103
1783	Xã Yên Thái	103
1784	Xã Phong Dụ Thượng	103
1785	Xã Yên Hợp	103
1786	Xã Đại Sơn	103
1787	Xã Đại Phác	103
1788	Xã Yên Phú	103
1789	Xã Xuân Ái	103
1790	Xã Viễn Sơn	103
1791	Xã Mỏ Vàng	103
1792	Xã Nà Hẩu	103
1793	Thị trấn Mù Căng Chải	104
1794	Xã Hồ Bốn	104
1795	Xã Nậm Có	104
1796	Xã Khao Mang	104
1797	Xã Mồ Dề	104
1798	Xã Chế Cu Nha	104
1799	Xã Lao Chải	104
1800	Xã Kim Nọi	104
1801	Xã Cao Phạ	104
1802	Xã La Pán Tẩn	104
1803	Xã Dế Su Phình	104
1804	Xã Chế Tạo	104
1805	Xã Púng Luông	104
1806	Xã Nậm Khắt	104
1807	Thị trấn Cổ Phúc	105
1808	Xã Tân Đồng	105
1809	Xã Báo Đáp	105
1810	Xã Thành Thịnh	105
1811	Xã Hòa Cuông	105
1812	Xã Minh Quán	105
1813	Xã Quy Mông	105
1814	Xã Cường Thịnh	105
1815	Xã Kiên Thành	105
1816	Xã Y Can	105
1817	Xã Lương Thịnh	105
1818	Xã Việt Cường	105
1819	Xã Minh Quân	105
1820	Xã Hồng Ca	105
1821	Xã Hưng Thịnh	105
1822	Xã Hưng Khánh	105
1823	Xã Việt Hồng	105
1824	Xã Vân Hội	105
1825	Thị trấn Trạm Tấu	106
1826	Xã Túc Đán	106
1827	Xã Pá Lau	106
1828	Xã Xà Hồ	106
1829	Xã Phình Hồ	106
1830	Xã Trạm Tấu	106
1831	Xã Tà Si Láng	106
1832	Xã Pá Hu	106
1833	Xã Làng Nhì	106
1834	Xã Bản Công	106
1835	Xã Bản Mù	106
1836	Xã Hát Lìu	106
1837	Thị trấn NT Liên Sơn	107
1838	Thị trấn NT Trần Phú	107
1839	Xã Tú Lệ	107
1840	Xã Nậm Búng	107
1841	Xã Gia Hội	107
1842	Xã Sùng Đô	107
1843	Xã Nậm Mười	107
1844	Xã An Lương	107
1845	Xã Nậm Lành	107
1846	Xã Sơn Lương	107
1847	Xã Suối Quyền	107
1848	Xã Suối Giàng	107
1849	Xã Nghĩa Sơn	107
1850	Xã Suối Bu	107
1851	Thị trấn Sơn Thịnh	107
1852	Xã Đại Lịch	107
1853	Xã Đồng Khê	107
1854	Xã Cát Thịnh	107
1855	Xã Tân Thịnh	107
1856	Xã Chấn Thịnh	107
1857	Xã Bình Thuận	107
1858	Xã Thượng Bằng La	107
1859	Xã Minh An	107
1860	Xã Nghĩa Tâm	107
1861	Thị trấn Yên Bình	108
1862	Thị trấn Thác Bà	108
1863	Xã Xuân Long	108
1864	Xã Cảm Nhân	108
1865	Xã Ngọc Chấn	108
1866	Xã Tân Nguyên	108
1867	Xã Phúc Ninh	108
1868	Xã Bảo Ái	108
1869	Xã Mỹ Gia	108
1870	Xã Xuân Lai	108
1871	Xã Mông Sơn	108
1872	Xã Cảm Ân	108
1873	Xã Yên Thành	108
1874	Xã Tân Hương	108
1875	Xã Phúc An	108
1876	Xã Bạch Hà	108
1877	Xã Vũ Linh	108
1878	Xã Đại Đồng	108
1879	Xã Vĩnh Kiên	108
1880	Xã Thịnh Hưng	108
1881	Xã Hán Đà	108
1882	Xã Phú Thịnh	108
1883	Xã Đại Minh	108
1884	Phường Thái Bình	109
1885	Phường Tân Hòa	109
1886	Phường Thịnh Lang	109
1887	Phường Hữu Nghị	109
1888	Phường Tân Thịnh	109
1889	Phường Đồng Tiến	109
1890	Phường Phương Lâm	109
1891	Xã Yên Mông	109
1892	Phường Quỳnh Lâm	109
1893	Phường Dân Chủ	109
1894	Xã Hòa Bình	109
1895	Phường Thống Nhất	109
1896	Phường Kỳ Sơn	109
1897	Xã Thịnh Minh	109
1898	Xã Hợp Thành	109
1899	Xã Quang Tiến	109
1900	Xã Mông Hóa	109
1901	Phường Trung Minh	109
1902	Xã Độc Lập	109
1903	Thị trấn Đà Bắc	110
1904	Xã Nánh Nghê	110
1905	Xã Giáp Đắt	110
1906	Xã Mường Chiềng	110
1907	Xã Tân Pheo	110
1908	Xã Đồng Chum	110
1909	Xã Tân Minh	110
1910	Xã Đoàn Kết	110
1911	Xã Đồng Ruộng	110
1912	Xã Tú Lý	110
1913	Xã Trung Thành	110
1914	Xã Yên Hòa	110
1915	Xã Cao Sơn	110
1916	Xã Toàn Sơn	110
1917	Xã Hiền Lương	110
1918	Xã Tiền Phong	110
1919	Xã Vầy Nưa	110
1920	Thị trấn Lương Sơn	111
1921	Xã Lâm Sơn	111
1922	Xã Hòa Sơn	111
1923	Xã Tân Vinh	111
1924	Xã Nhuận Trạch	111
1925	Xã Cao Sơn	111
1926	Xã Cư Yên	111
1927	Xã Liên Sơn	111
1928	Xã Cao Dương	111
1929	Xã Thanh Sơn	111
1930	Xã Thanh Cao	111
1931	Thị trấn Bo	112
1932	Xã Đú Sáng	112
1933	Xã Hùng Sơn	112
1934	Xã Bình Sơn	112
1935	Xã Tú Sơn	112
1936	Xã Vĩnh Tiến	112
1937	Xã Đông Bắc	112
1938	Xã Xuân Thủy	112
1939	Xã Vĩnh Đồng	112
1940	Xã Kim Lập	112
1941	Xã Hợp Tiến	112
1942	Xã Kim Bôi	112
1943	Xã Nam Thượng	112
1944	Xã Cuối Hạ	112
1945	Xã Sào Báy	112
1946	Xã Mi Hòa	112
1947	Xã Nuông Dăm	112
1948	Thị trấn Cao Phong	113
1949	Xã Bình Thanh	113
1950	Xã Thung Nai	113
1951	Xã Bắc Phong	113
1952	Xã Thu Phong	113
1953	Xã Hợp Phong	113
1954	Xã Tây Phong	113
1955	Xã Dũng Phong	113
1956	Xã Nam Phong	113
1957	Xã Thạch Yên	113
1958	Thị trấn Mãn Đức	114
1959	Xã Suối Hoa	114
1960	Xã Phú Vinh	114
1961	Xã Phú Cường	114
1962	Xã Mỹ Hòa	114
1963	Xã Quyết Chiến	114
1964	Xã Phong Phú	114
1965	Xã Tử Nê	114
1966	Xã Thanh Hối	114
1967	Xã Ngọc Mỹ	114
1968	Xã Đông Lai	114
1969	Xã Vân Sơn	114
1970	Xã Nhân Mỹ	114
1971	Xã Lỗ Sơn	114
1972	Xã Ngổ Luông	114
1973	Xã Gia Mô	114
1974	Xã Tân Thành	115
1975	Thị trấn Mai Châu	115
1976	Xã Sơn Thủy	115
1977	Xã Pà Cò	115
1978	Xã Hang Kia	115
1979	Xã Đồng Tân	115
1980	Xã Cun Pheo	115
1981	Xã Bao La	115
1982	Xã Tòng Đậu	115
1983	Xã Nà Phòn	115
1984	Xã Săm Khóe	115
1985	Xã Chiềng Châu	115
1986	Xã Mai Hạ	115
1987	Xã Thành Sơn	115
1988	Xã Mai Hịch	115
1989	Xã Vạn Mai	115
1990	Thị trấn Vụ Bản	116
1991	Xã Quý Hòa	116
1992	Xã Miền Đồi	116
1993	Xã Mỹ Thành	116
1994	Xã Tuân Đạo	116
1995	Xã Văn Nghĩa	116
1996	Xã Văn Sơn	116
1997	Xã Tân Lập	116
1998	Xã Nhân Nghĩa	116
1999	Xã Thượng Cốc	116
2000	Xã Quyết Thắng	116
2001	Xã Xuất Hóa	116
2002	Xã Yên Phú	116
2003	Xã Bình Hẻm	116
2004	Xã Định Cư	116
2005	Xã Chí Đạo	116
2006	Xã Ngọc Sơn	116
2007	Xã Hương Nhượng	116
2008	Xã Vũ Bình	116
2009	Xã Tự Do	116
2010	Xã Yên Nghiệp	116
2011	Xã Tân Mỹ	116
2012	Xã Ân Nghĩa	116
2013	Xã Ngọc Lâu	116
2014	Thị trấn Hàng Trạm	117
2015	Xã Lạc Sỹ	117
2016	Xã Lạc Lương	117
2017	Xã Bảo Hiệu	117
2018	Xã Đa Phúc	117
2019	Xã Hữu Lợi	117
2020	Xã Lạc Thịnh	117
2021	Xã Đoàn Kết	117
2022	Xã Phú Lai	117
2023	Xã Yên Trị	117
2024	Xã Ngọc Lương	117
2025	Thị trấn Ba Hàng Đồi	118
2026	Thị trấn Chi Nê	118
2027	Xã Phú Nghĩa	118
2028	Xã Phú Thành	118
2029	Xã Hưng Thi	118
2030	Xã Khoan Dụ	118
2031	Xã Đồng Tâm	118
2032	Xã Yên Bồng	118
2033	Xã Thống Nhất	118
2034	Xã An Bình	118
2035	Phường Quán Triều	119
2036	Phường Quang Vinh	119
2037	Phường Túc Duyên	119
2038	Phường Hoàng Văn Thụ	119
2039	Phường Trưng Vương	119
2040	Phường Quang Trung	119
2041	Phường Phan Đình Phùng	119
2042	Phường Tân Thịnh	119
2043	Phường Thịnh Đán	119
2044	Phường Đồng Quang	119
2045	Phường Gia Sàng	119
2046	Phường Tân Lập	119
2047	Phường Cam Giá	119
2048	Phường Phú Xá	119
2049	Phường Hương Sơn	119
2050	Phường Trung Thành	119
2051	Phường Tân Thành	119
2052	Phường Tân Long	119
2053	Xã Phúc Hà	119
2054	Xã Phúc Xuân	119
2055	Xã Quyết Thắng	119
2056	Xã Phúc Trìu	119
2057	Xã Thịnh Đức	119
2058	Phường Tích Lương	119
2059	Xã Tân Cương	119
2060	Xã Sơn Cẩm	119
2061	Phường Chùa Hang	119
2062	Xã Cao Ngạn	119
2063	Xã Linh Sơn	119
2064	Phường Đồng Bẩm	119
2065	Xã Huống Thượng	119
2066	Xã Đồng Liên	119
2067	Phường Lương Sơn	120
2068	Phường Châu Sơn	120
2069	Phường Mỏ Chè	120
2070	Phường Cải Đan	120
2071	Phường Thắng Lợi	120
2072	Phường Phố Cò	120
2073	Xã Tân Quang	120
2074	Phường Bách Quang	120
2075	Xã Bình Sơn	120
2076	Xã Bá Xuyên	120
2077	Xã Linh Thông	121
2078	Xã Lam Vỹ	121
2079	Xã Quy Kỳ	121
2080	Xã Tân Thịnh	121
2081	Xã Kim Phượng	121
2082	Xã Bảo Linh	121
2083	Xã Phúc Chu	121
2084	Xã Tân Dương	121
2085	Xã Phượng Tiến	121
2086	Thị trấn Chợ Chu	121
2087	Xã Đồng Thịnh	121
2088	Xã Định Biên	121
2089	Xã Thanh Định	121
2090	Xã Trung Hội	121
2091	Xã Trung Lương	121
2092	Xã Bình Yên	121
2093	Xã Điềm Mặc	121
2094	Xã Phú Tiến	121
2095	Xã Bộc Nhiêu	121
2096	Xã Sơn Phú	121
2097	Xã Phú Đình	121
2098	Xã Bình Thành	121
2099	Thị trấn Đu	122
2100	Xã Yên Ninh	122
2101	Xã Yên Trạch	122
2102	Xã Yên Đổ	122
2103	Xã Yên Lạc	122
2104	Xã Ôn Lương	122
2105	Xã Động Đạt	122
2106	Xã Phủ Lý	122
2107	Xã Phú Đô	122
2108	Xã Hợp Thành	122
2109	Xã Tức Tranh	122
2110	Thị trấn Giang Tiên	122
2111	Xã Vô Tranh	122
2112	Xã Cổ Lũng	122
2113	Thị trấn Sông Cầu	123
2114	Thị trấn Trại Cau	123
2115	Xã Văn Lăng	123
2116	Xã Tân Long	123
2117	Xã Hòa Bình	123
2118	Xã Quang Sơn	123
2119	Xã Minh Lập	123
2120	Xã Văn Hán	123
2121	Xã Hóa Trung	123
2122	Xã Khe Mo	123
2123	Xã Cây Thị	123
2124	Thị trấn Hóa Thượng	123
2125	Xã Hợp Tiến	123
2126	Xã Nam Hòa	123
2127	Thị trấn Đình Cả	124
2128	Xã Sảng Mộc	124
2129	Xã Nghinh Tường	124
2130	Xã Thần Xa	124
2131	Xã Vũ Chấn	124
2132	Xã Thượng Nung	124
2133	Xã Phú Thượng	124
2134	Xã Cúc Đường	124
2135	Xã La Hiên	124
2136	Xã Lâu Thượng	124
2137	Xã Tràng Xá	124
2138	Xã Phương Giao	124
2139	Xã Liên Minh	124
2140	Xã Dân Tiến	124
2141	Xã Bình Long	124
2142	Thị trấn Hùng Sơn	125
2143	Xã Phúc Lương	125
2144	Xã Minh Tiến	125
2145	Xã Yên Lãng	125
2146	Xã Đức Lương	125
2147	Xã Phú Cường	125
2148	Xã Phú Lạc	125
2149	Xã Tân Linh	125
2150	Xã Phú Thịnh	125
2151	Xã Phục Linh	125
2152	Xã Phú Xuyên	125
2153	Xã Bản Ngoại	125
2154	Xã Tiên Hội	125
2155	Xã Cù Vân	125
2156	Xã Hà Thượng	125
2157	Xã La Bằng	125
2158	Xã Hoàng Nông	125
2159	Xã Khôi Kỳ	125
2160	Xã An Khánh	125
2161	Xã Tân Thái	125
2162	Xã Bình Thuận	125
2163	Xã Lục Ba	125
2164	Xã Mỹ Yên	125
2165	Xã Văn Yên	125
2166	Xã Vạn Phú	125
2167	Xã Cát Nê	125
2168	Thị trấn Quân Chu	125
2169	Phường Bãi Bông	126
2170	Phường Bắc Sơn	126
2171	Phường Ba Hàng	126
2172	Xã Phúc Tân	126
2173	Xã Phúc Thuận	126
2174	Phường Hồng Tiến	126
2175	Xã Minh Đức	126
2176	Phường Đắc Sơn	126
2177	Phường Đồng Tiến	126
2178	Xã Thành Công	126
2179	Phường Tiên Phong	126
2180	Xã Vạn Phái	126
2181	Phường Nam Tiến	126
2182	Phường Tân Hương	126
2183	Phường Đông Cao	126
2184	Phường Trung Thành	126
2185	Phường Tân Phú	126
2186	Phường Thuận Thành	126
2187	Thị trấn Hương Sơn	127
2188	Xã Bàn Đạt	127
2189	Xã Tân Khánh	127
2190	Xã Tân Kim	127
2191	Xã Tân Thành	127
2192	Xã Đào Xá	127
2193	Xã Bảo Lý	127
2194	Xã Thượng Đình	127
2195	Xã Tân Hòa	127
2196	Xã Nhã Lộng	127
2197	Xã Điềm Thụy	127
2198	Xã Xuân Phương	127
2199	Xã Tân Đức	127
2200	Xã Úc Kỳ	127
2201	Xã Lương Phú	127
2202	Xã Nga My	127
2203	Xã Kha Sơn	127
2204	Xã Thanh Ninh	127
2205	Xã Dương Thành	127
2206	Xã Hà Châu	127
2207	Phường Hoàng Văn Thụ	128
2208	Phường Tam Thanh	128
2209	Phường Vĩnh Trại	128
2210	Phường Đông Kinh	128
2211	Phường Chi Lăng	128
2212	Xã Hoàng Đồng	128
2213	Xã Quảng Lạc	128
2214	Xã Mai Pha	128
2215	Xã Khánh Long	129
2216	Xã Đoàn Kết	129
2217	Xã Quốc Khánh	129
2218	Xã Cao Minh	129
2219	Xã Chí Minh	129
2220	Xã Tri Phương	129
2221	Xã Tân Tiến	129
2222	Xã Tân Yên	129
2223	Xã Đội Cấn	129
2224	Xã Tân Minh	129
2225	Xã Kim Đồng	129
2226	Xã Chi Lăng	129
2227	Xã Trung Thành	129
2228	Thị trấn Thất Khê	129
2229	Xã Đào Viên	129
2230	Xã Đề Thám	129
2231	Xã Kháng Chiến	129
2232	Xã Hùng Sơn	129
2233	Xã Quốc Việt	129
2234	Xã Hùng Việt	129
2235	Xã Hưng Đạo	130
2236	Xã Vĩnh Yên	130
2237	Xã Hoa Thám	130
2238	Xã Quý Hòa	130
2239	Xã Hồng Phong	130
2240	Xã Yên Lỗ	130
2241	Xã Thiện Hòa	130
2242	Xã Quang Trung	130
2243	Xã Thiện Thuật	130
2244	Xã Minh Khai	130
2245	Xã Thiện Long	130
2246	Xã Hoàng Văn Thụ	130
2247	Xã Hòa Bình	130
2248	Xã Mông Ân	130
2249	Xã Tân Hòa	130
2250	Thị trấn Bình Gia	130
2251	Xã Hồng Thái	130
2252	Xã Bình La	130
2253	Xã Tân Văn	130
2254	Thị trấn Na Sầm	131
2255	Xã Trùng Khánh	131
2256	Xã Bắc La	131
2257	Xã Thụy Hùng	131
2258	Xã Bắc Hùng	131
2259	Xã Tân Tác	131
2260	Xã Thanh Long	131
2261	Xã Hội Hoan	131
2262	Xã Bắc Việt	131
2263	Xã Hoàng Việt	131
2264	Xã Gia Miễn	131
2265	Xã Thành Hòa	131
2266	Xã Tân Thanh	131
2267	Xã Tân Mỹ	131
2268	Xã Hồng Thái	131
2269	Xã Hoàng Văn Thụ	131
2270	Xã Nhạc Kỳ	131
2271	Thị trấn Đồng Đăng	132
2272	Thị trấn Cao Lộc	132
2273	Xã Bảo Lâm	132
2274	Xã Thanh Lòa	132
2275	Xã Cao Lâu	132
2276	Xã Thạch Đạn	132
2277	Xã Xuất Lễ	132
2278	Xã Hồng Phong	132
2279	Xã Thụy Hùng	132
2280	Xã Lộc Yên	132
2281	Xã Phú Xá	132
2282	Xã Bình Trung	132
2283	Xã Hải Yến	132
2284	Xã Hòa Cư	132
2285	Xã Hợp Thành	132
2286	Xã Công Sơn	132
2287	Xã Gia Cát	132
2288	Xã Mẫu Sơn	132
2289	Xã Xuân Long	132
2290	Xã Tân Liên	132
2291	Xã Yên Trạch	132
2292	Xã Tân Thành	132
2293	Thị trấn Văn Quan	133
2294	Xã Trấn Ninh	133
2295	Xã Liên Hội	133
2296	Xã Hòa Bình	133
2297	Xã Tú Xuyên	133
2298	Xã Điềm He	133
2299	Xã An Sơn	133
2300	Xã Khánh Khê	133
2301	Xã Lương Năng	133
2302	Xã Bình Phúc	133
2303	Xã Tân Đoàn	133
2304	Xã Tri Lễ	133
2305	Xã Tràng Phái	133
2306	Xã Yên Phúc	133
2307	Xã Hữu Lễ	133
2308	Thị trấn Bắc Sơn	134
2309	Xã Long Đống	134
2310	Xã Vạn Thủy	134
2311	Xã Đồng ý	134
2312	Xã Tân Tri	134
2313	Xã Bắc Quỳnh	134
2314	Xã Hưng Vũ	134
2315	Xã Tân Lập	134
2316	Xã Vũ Sơn	134
2317	Xã Chiêu Vũ	134
2318	Xã Tân Hương	134
2319	Xã Chiến Thắng	134
2320	Xã Vũ Lăng	134
2321	Xã Trấn Yên	134
2322	Xã Vũ Lễ	134
2323	Xã Nhất Hòa	134
2324	Xã Tân Thành	134
2325	Xã Nhất Tiến	134
2326	Thị trấn Hữu Lũng	135
2327	Xã Hữu Liên	135
2328	Xã Yên Bình	135
2329	Xã Quyết Thắng	135
2330	Xã Hòa Bình	135
2331	Xã Yên Thịnh	135
2332	Xã Yên Sơn	135
2333	Xã Thiện Tân	135
2334	Xã Yên Vượng	135
2335	Xã Minh Tiến	135
2336	Xã Nhật Tiến	135
2337	Xã Thanh Sơn	135
2338	Xã Đồng Tân	135
2339	Xã Cai Kinh	135
2340	Xã Hòa Lạc	135
2341	Xã Vân Nham	135
2342	Xã Đồng Tiến	135
2343	Xã Tân Thành	135
2344	Xã Hòa Sơn	135
2345	Xã Minh Sơn	135
2346	Xã Hồ Sơn	135
2347	Xã Minh Hòa	135
2348	Xã Hòa Thắng	135
2349	Thị trấn Đồng Mỏ	136
2350	Thị trấn Chi Lăng	136
2351	Xã Vân An	136
2352	Xã Vân Thủy	136
2353	Xã Gia Lộc	136
2354	Xã Bắc Thủy	136
2355	Xã Chiến Thắng	136
2356	Xã Mai Sao	136
2357	Xã Bằng Hữu	136
2358	Xã Thượng Cường	136
2359	Xã Bằng Mạc	136
2360	Xã Nhân Lý	136
2361	Xã Lâm Sơn	136
2362	Xã Liên Sơn	136
2363	Xã Vạn Linh	136
2364	Xã Hòa Bình	136
2365	Xã Hữu Kiên	136
2366	Xã Quan Sơn	136
2367	Xã Y Tịch	136
2368	Xã Chi Lăng	136
2369	Thị trấn Na Dương	137
2370	Thị trấn Lộc Bình	137
2371	Xã Mẫu Sơn	137
2372	Xã Yên Khoái	137
2373	Xã Khánh Xuân	137
2374	Xã Tú Mịch	137
2375	Xã Hữu Khánh	137
2376	Xã Đồng Bục	137
2377	Xã Tam Gia	137
2378	Xã Tú Đoạn	137
2379	Xã Khuất Xá	137
2380	Xã Thống Nhất	137
2381	Xã Sàn Viên	137
2382	Xã Đông Quan	137
2383	Xã Minh Hiệp	137
2384	Xã Hữu Lân	137
2385	Xã Lợi Bác	137
2386	Xã Nam Quan	137
2387	Xã Xuân Dương	137
2388	Xã Ái Quốc	137
2389	Thị trấn Đình Lập	138
2390	Thị trấn NT Thái Bình	138
2391	Xã Bắc Xa	138
2392	Xã Bính Xá	138
2393	Xã Kiên Mộc	138
2394	Xã Đình Lập	138
2395	Xã Thái Bình	138
2396	Xã Cường Lợi	138
2397	Xã Châu Sơn	138
2398	Xã Lâm Ca	138
2399	Xã Đồng Thắng	138
2400	Xã Bắc Lãng	138
2401	Phường Hà Khánh	139
2402	Phường Hà Phong	139
2403	Phường Hà Khẩu	139
2404	Phường Cao Xanh	139
2405	Phường Giếng Đáy	139
2406	Phường Hà Tu	139
2407	Phường Hà Trung	139
2408	Phường Hà Lầm	139
2409	Phường Bãi Cháy	139
2410	Phường Cao Thắng	139
2411	Phường Hùng Thắng	139
2412	Phường Trần Hưng Đạo	139
2413	Phường Hồng Hải	139
2414	Phường Hồng Gai	139
2415	Phường Bạch Đằng	139
2416	Phường Hồng Hà	139
2417	Phường Tuần Châu	139
2418	Phường Việt Hưng	139
2419	Phường Đại Yên	139
2420	Phường Hoành Bồ	139
2421	Xã Kỳ Thượng	139
2422	Xã Đồng Sơn	139
2423	Xã Tân Dân	139
2424	Xã Đồng Lâm	139
2425	Xã Hòa Bình	139
2426	Xã Vũ Oai	139
2427	Xã Dân Chủ	139
2428	Xã Quảng La	139
2429	Xã Bằng Cả	139
2430	Xã Thống Nhất	139
2431	Xã Sơn Dương	139
2432	Xã Lê Lợi	139
2433	Phường Ka Long	140
2434	Phường Trần Phú	140
2435	Phường Ninh Dương	140
2436	Phường Trà Cổ	140
2437	Xã Hải Sơn	140
2438	Xã Bắc Sơn	140
2439	Xã Hải Đông	140
2440	Xã Hải Tiến	140
2441	Phường Hải Yên	140
2442	Xã Quảng Nghĩa	140
2443	Phường Hải Hoà	140
2444	Xã Hải Xuân	140
2445	Xã Vạn Ninh	140
2446	Phường Bình Ngọc	140
2447	Xã Vĩnh Trung	140
2448	Xã Vĩnh Thực	140
2449	Phường Mông Dương	141
2450	Phường Cửa Ông	141
2451	Phường Cẩm Sơn	141
2452	Phường Cẩm Đông	141
2453	Phường Cẩm Phú	141
2454	Phường Cẩm Tây	141
2455	Phường Quang Hanh	141
2456	Phường Cẩm Thịnh	141
2457	Phường Cẩm Thủy	141
2458	Phường Cẩm Thạch	141
2459	Phường Cẩm Thành	141
2460	Phường Cẩm Trung	141
2461	Phường Cẩm Bình	141
2462	Xã Hải Hòa	141
2463	Xã Dương Huy	141
2464	Phường Vàng Danh	142
2465	Phường Thanh Sơn	142
2466	Phường Bắc Sơn	142
2467	Phường Quang Trung	142
2468	Phường Trưng Vương	142
2469	Phường Nam Khê	142
2470	Phường Yên Thanh	142
2471	Xã Thượng Yên Công	142
2472	Phường Phương Đông	142
2473	Phường Phương Nam	142
2474	Thị trấn Bình Liêu	143
2475	Xã Hoành Mô	143
2476	Xã Đồng Tâm	143
2477	Xã Đồng Văn	143
2478	Xã Vô Ngại	143
2479	Xã Lục Hồn	143
2480	Xã Húc Động	143
2481	Thị trấn Tiên Yên	144
2482	Xã Hà Lâu	144
2483	Xã Đại Dực	144
2484	Xã Phong Dụ	144
2485	Xã Điền Xá	144
2486	Xã Đông Ngũ	144
2487	Xã Yên Than	144
2488	Xã Đông Hải	144
2489	Xã Hải Lạng	144
2490	Xã Tiên Lãng	144
2491	Xã Đồng Rui	144
2492	Thị trấn Đầm Hà	145
2493	Xã Quảng Lâm	145
2494	Xã Quảng An	145
2495	Xã Tân Bình	145
2496	Xã Dực Yên	145
2497	Xã Quảng Tân	145
2498	Xã Đầm Hà	145
2499	Xã Tân Lập	145
2500	Xã Đại Bình	145
2501	Thị trấn Quảng Hà	146
2502	Xã Quảng Đức	146
2503	Xã Quảng Sơn	146
2504	Xã Quảng Thành	146
2505	Xã Quảng Thịnh	146
2506	Xã Quảng Minh	146
2507	Xã Quảng Chính	146
2508	Xã Quảng Long	146
2509	Xã Đường Hoa	146
2510	Xã Quảng Phong	146
2511	Xã Cái Chiên	146
2512	Thị trấn Ba Chẽ	147
2513	Xã Thanh Sơn	147
2514	Xã Thanh Lâm	147
2515	Xã Đạp Thanh	147
2516	Xã Nam Sơn	147
2517	Xã Lương Minh	147
2518	Xã Đồn Đạc	147
2519	Thị trấn Cái Rồng	148
2520	Xã Đài Xuyên	148
2521	Xã Bình Dân	148
2522	Xã Vạn Yên	148
2523	Xã Minh Châu	148
2524	Xã Đoàn Kết	148
2525	Xã Hạ Long	148
2526	Xã Đông Xá	148
2527	Xã Bản Sen	148
2528	Xã Thắng Lợi	148
2529	Xã Quan Lạn	148
2530	Xã Ngọc Vừng	148
2531	Phường Mạo Khê	149
2532	Xã An Sinh	149
2533	Xã Tràng Lương	149
2534	Phường Bình Khê	149
2535	Xã Việt Dân	149
2536	Phường Bình Dương	149
2537	Phường Đức Chính	149
2538	Phường Tràng An	149
2539	Xã Nguyễn Huệ	149
2540	Phường Thủy An	149
2541	Phường Xuân Sơn	149
2542	Xã Hồng Thái Tây	149
2543	Xã Hồng Thái Đông	149
2544	Phường Hoàng Quế	149
2545	Phường Yên Thọ	149
2546	Phường Hồng Phong	149
2547	Phường Kim Sơn	149
2548	Phường Hưng Đạo	149
2549	Phường Yên Đức	149
2550	Phường Quảng Yên	150
2551	Phường Đông Mai	150
2552	Phường Minh Thành	150
2553	Xã Sông Khoai	150
2554	Xã Hiệp Hòa	150
2555	Phường Cộng Hòa	150
2556	Xã Tiền An	150
2557	Xã Hoàng Tân	150
2558	Phường Tân An	150
2559	Phường Yên Giang	150
2560	Phường Nam Hoà	150
2561	Phường Hà An	150
2562	Xã Cẩm La	150
2563	Phường Phong Hải	150
2564	Phường Yên Hải	150
2565	Xã Liên Hòa	150
2566	Phường Phong Cốc	150
2567	Xã Liên Vị	150
2568	Xã Tiền Phong	150
2569	Thị trấn Cô Tô	151
2570	Xã Đồng Tiến	151
2571	Xã Thanh Lân	151
2572	Phường Thọ Xương	152
2573	Phường Ngô Quyền	152
2574	Phường Hoàng Văn Thụ	152
2575	Phường Trần Phú	152
2576	Phường Mỹ Độ	152
2577	Phường Song Mai	152
2578	Phường Xương Giang	152
2579	Phường Đa Mai	152
2580	Phường Dĩnh Kế	152
2581	Phường Dĩnh Trì	152
2582	Phường Nham Biền	152
2583	Phường Tân An	152
2584	Phường Tân Mỹ	152
2585	Phường Hương Gián	152
2586	Xã Tân An	152
2587	Phường Đồng Sơn	152
2588	Phường Tân Tiến	152
2589	Xã Quỳnh Sơn	152
2590	Phường Song Khê	152
2591	Phường Nội Hoàng	152
2592	Phường Tiền Phong	152
2593	Xã Xuân Phú	152
2594	Phường Tân Liễu	152
2595	Xã Trí Yên	152
2596	Xã Lãng Sơn	152
2597	Xã Yên Lư	152
2598	Xã Tiến Dũng	152
2599	Xã Nham Sơn	152
2600	Xã Đức Giang	152
2601	Phường Cảnh Thụy	152
2602	Xã Tư Mại	152
2603	Xã Thắng Cương	152
2604	Xã Đồng Việt	152
2605	Xã Đồng Phúc	152
2606	Xã Đồng Tiến	153
2607	Xã Canh Nậu	153
2608	Xã Xuân Lương	153
2609	Xã Tam Tiến	153
2610	Xã Đồng Vương	153
2611	Xã Đồng Hưu	153
2612	Xã Đồng Tâm	153
2613	Xã Tân Hiệp	153
2614	Xã Tiến Thắng	153
2615	Xã Đồng Lạc	153
2616	Xã Đông Sơn	153
2617	Xã Hương Vĩ	153
2618	Xã Đồng Kỳ	153
2619	Xã An Thượng	153
2620	Thị trấn Phồn Xương	153
2621	Xã Tân Sỏi	153
2622	Thị trấn Bố Hạ	153
2623	Thị trấn Nhã Nam	154
2624	Xã Tân Trung	154
2625	Xã Quang Trung	154
2626	Xã An Dương	154
2627	Xã Phúc Hòa	154
2628	Xã Liên Sơn	154
2629	Xã Hợp Đức	154
2630	Xã Lam Sơn	154
2631	Xã Cao Xá	154
2632	Thị trấn Cao Thượng	154
2633	Xã Việt Ngọc	154
2634	Xã Song Vân	154
2635	Xã Ngọc Châu	154
2636	Xã Ngọc Vân	154
2637	Xã Việt Lập	154
2638	Xã Liên Chung	154
2639	Xã Ngọc Thiện	154
2640	Xã Ngọc Lý	154
2641	Xã Quế Nham	154
2642	Thị trấn Vôi	155
2643	Xã Nghĩa Hòa	155
2644	Xã Nghĩa Hưng	155
2645	Xã Quang Thịnh	155
2646	Xã Hương Sơn	155
2647	Xã Đào Mỹ	155
2648	Xã Tiên Lục	155
2649	Xã An Hà	155
2650	Thị trấn Kép	155
2651	Xã Hương Lạc	155
2652	Xã Dương Đức	155
2653	Xã Tân Thanh	155
2654	Xã Tân Hưng	155
2655	Xã Mỹ Thái	155
2656	Xã Xương Lâm	155
2657	Xã Xuân Hương	155
2658	Xã Tân Dĩnh	155
2659	Xã Đại Lâm	155
2660	Xã Thái Đào	155
2661	Thị trấn Đồi Ngô	156
2662	Xã Đông Hưng	156
2663	Xã Đông Phú	156
2664	Xã Tam Dị	156
2665	Xã Bảo Sơn	156
2666	Xã Bảo Đài	156
2667	Xã Thanh Lâm	156
2668	Xã Tiên Nha	156
2669	Xã Trường Giang	156
2670	Thị trấn Phương Sơn	156
2671	Xã Chu Điện	156
2672	Xã Cương Sơn	156
2673	Xã Nghĩa Phương	156
2674	Xã Vô Tranh	156
2675	Xã Bình Sơn	156
2676	Xã Lan Mẫu	156
2677	Xã Yên Sơn	156
2678	Xã Khám Lạng	156
2679	Xã Huyền Sơn	156
2680	Xã Trường Sơn	156
2681	Xã Lục Sơn	156
2682	Xã Bắc Lũng	156
2683	Xã Cẩm Lý	156
2684	Xã Đan Hội	156
2685	Xã Cấm Sơn	157
2686	Xã Tân Sơn	157
2687	Xã Phong Minh	157
2688	Xã Phong Vân	157
2689	Xã Xa Lý	157
2690	Xã Hộ Đáp	157
2691	Xã Sơn Hải	157
2692	Xã Biên Sơn	157
2693	Xã Kim Sơn	157
2694	Xã Tân Hoa	157
2695	Xã Giáp Sơn	157
2696	Thị trấn Biển Động	157
2697	Thị trấn Phì Điền	157
2698	Xã Tân Quang	157
2699	Xã Đồng Cốc	157
2700	Xã Tân Lập	157
2701	Xã Phú Nhuận	157
2702	Xã Tân Mộc	157
2703	Xã Đèo Gia	157
2704	Thị trấn An Châu	158
2705	Thị trấn Tây Yên Tử	158
2706	Xã Vân Sơn	158
2707	Xã Hữu Sản	158
2708	Xã Đại Sơn	158
2709	Xã Phúc Sơn	158
2710	Xã Giáo Liêm	158
2711	Xã Cẩm Đàn	158
2712	Xã An Lạc	158
2713	Xã Vĩnh An	158
2714	Xã Yên Định	158
2715	Xã Lệ Viễn	158
2716	Xã An Bá	158
2717	Xã Tuấn Đạo	158
2718	Xã Dương Hưu	158
2719	Xã Long Sơn	158
2720	Xã Thanh Luận	158
2721	Xã Thượng Lan	159
2722	Xã Việt Tiến	159
2723	Xã Nghĩa Trung	159
2724	Xã Minh Đức	159
2725	Xã Hương Mai	159
2726	Phường Tự Lạn	159
2727	Phường Bích Động	159
2728	Xã Trung Sơn	159
2729	Phường Hồng Thái	159
2730	Xã Tiên Sơn	159
2731	Phường Tăng Tiến	159
2732	Phường Quảng Minh	159
2733	Phường Nếnh	159
2734	Phường Ninh Sơn	159
2735	Phường Vân Trung	159
2736	Xã Vân Hà	159
2737	Phường Quang Châu	159
2738	Xã Đồng Tiến	160
2739	Xã Hoàng Vân	160
2740	Xã Toàn Thắng	160
2741	Xã Ngọc Sơn	160
2742	Thị trấn Thắng	160
2743	Xã Sơn Thịnh	160
2744	Xã Lương Phong	160
2745	Xã Hùng Thái	160
2746	Xã Thường Thắng	160
2747	Xã Hợp Thịnh	160
2748	Xã Danh Thắng	160
2749	Xã Mai Trung	160
2750	Xã Đoan Bái	160
2751	Thị trấn Bắc Lý	160
2752	Xã Xuân Cẩm	160
2753	Xã Hương Lâm	160
2754	Xã Đông Lỗ	160
2755	Xã Châu Minh	160
2756	Xã Mai Đình	160
2757	Phường Chũ	161
2758	Phường Thanh Hải	161
2759	Xã Kiên Lao	161
2760	Xã Kiên Thành	161
2761	Phường Hồng Giang	161
2762	Xã Quý Sơn	161
2763	Phường Trù Hựu	161
2764	Xã Mỹ An	161
2765	Xã Nam Dương	161
2766	Phường Phượng Sơn	161
2767	Phường Dữu Lâu	162
2768	Phường Nông Trang	162
2769	Phường Tân Dân	162
2770	Phường Gia Cẩm	162
2771	Phường Tiên Cát	162
2772	Phường Thọ Sơn	162
2773	Phường Thanh Miếu	162
2774	Phường Bạch Hạc	162
2775	Phường Vân Phú	162
2776	Xã Phượng Lâu	162
2777	Xã Thụy Vân	162
2778	Phường Minh Phương	162
2779	Xã Trưng Vương	162
2780	Phường Minh Nông	162
2781	Xã Sông Lô	162
2782	Xã Kim Đức	162
2783	Xã Hùng Lô	162
2784	Xã Hy Cương	162
2785	Xã Chu Hóa	162
2786	Xã Thanh Đình	162
2787	Phường Hùng Vương	163
2788	Phường Phong Châu	163
2789	Phường Âu Cơ	163
2790	Xã Hà Lộc	163
2791	Xã Phú Hộ	163
2792	Xã Văn Lung	163
2793	Xã Thanh Minh	163
2794	Xã Hà Thạch	163
2795	Phường Thanh Vinh	163
2796	Thị trấn Đoan Hùng	164
2797	Xã Hùng Xuyên	164
2798	Xã Bằng Luân	164
2799	Xã Phú Lâm	164
2800	Xã Bằng Doãn	164
2801	Xã Chí Đám	164
2802	Xã Phúc Lai	164
2803	Xã Ngọc Quan	164
2804	Xã Hợp Nhất	164
2805	Xã Tây Cốc	164
2806	Xã Hùng Long	164
2807	Xã Yên Kiện	164
2808	Xã Chân Mộng	164
2809	Xã Ca Đình	164
2810	Thị trấn Hạ Hoà	165
2811	Xã Đại Phạm	165
2812	Xã Đan Thượng	165
2813	Xã Hà Lương	165
2814	Xã Tứ Hiệp	165
2815	Xã Hiền Lương	165
2816	Xã Phương Viên	165
2817	Xã Gia Điền	165
2818	Xã Ấm Hạ	165
2819	Xã Hương Xạ	165
2820	Xã Xuân Áng	165
2821	Xã Yên Kỳ	165
2822	Xã Minh Hạc	165
2823	Xã Lang Sơn	165
2824	Xã Bằng Giã	165
2825	Xã Yên Luật	165
2826	Xã Vô Tranh	165
2827	Xã Văn Lang	165
2828	Xã Minh Côi	165
2829	Xã Vĩnh Chân	165
2830	Thị trấn Thanh Ba	166
2831	Xã Vân Lĩnh	166
2832	Xã Đông Lĩnh	166
2833	Xã Đại An	166
2834	Xã Hanh Cù	166
2835	Xã Đồng Xuân	166
2836	Xã Quảng Yên	166
2837	Xã Ninh Dân	166
2838	Xã Võ Lao	166
2839	Xã Khải Xuân	166
2840	Xã Mạn Lạn	166
2841	Xã Hoàng Cương	166
2842	Xã Chí Tiên	166
2843	Xã Đông Thành	166
2844	Xã Sơn Cương	166
2845	Xã Thanh Hà	166
2846	Xã Đỗ Sơn	166
2847	Xã Đỗ Xuyên	166
2848	Xã Lương Lỗ	166
2849	Thị trấn Phong Châu	167
2850	Xã Phú Mỹ	167
2851	Xã Lệ Mỹ	167
2852	Xã Liên Hoa	167
2853	Xã Trạm Thản	167
2854	Xã Trị Quận	167
2855	Xã Trung Giáp	167
2856	Xã Tiên Phú	167
2857	Xã Hạ Giáp	167
2858	Xã Bảo Thanh	167
2859	Xã Phú Lộc	167
2860	Xã Gia Thanh	167
2861	Xã Tiên Du	167
2862	Xã Phú Nham	167
2863	Xã An Đạo	167
2864	Xã Bình Phú	167
2865	Xã Phù Ninh	167
2866	Thị trấn Yên Lập	168
2867	Xã Mỹ Lung	168
2868	Xã Mỹ Lương	168
2869	Xã Lương Sơn	168
2870	Xã Xuân An	168
2871	Xã Xuân Viên	168
2872	Xã Xuân Thủy	168
2873	Xã Trung Sơn	168
2874	Xã Hưng Long	168
2875	Xã Nga Hoàng	168
2876	Xã Đồng Lạc	168
2877	Xã Thượng Long	168
2878	Xã Đồng Thịnh	168
2879	Xã Phúc Khánh	168
2880	Xã Minh Hòa	168
2881	Xã Ngọc Lập	168
2882	Xã Ngọc Đồng	168
2883	Thị trấn Cẩm Khê	169
2884	Xã Tiên Lương	169
2885	Xã Minh Thắng	169
2886	Xã Minh Tân	169
2887	Xã Phượng Vĩ	169
2888	Xã Tùng Khê	169
2889	Xã Tam Sơn	169
2890	Xã Văn Bán	169
2891	Xã Phong Thịnh	169
2892	Xã Phú Khê	169
2893	Xã Hương Lung	169
2894	Xã Nhật Tiến	169
2895	Xã Hùng Việt	169
2896	Xã Yên Dưỡng	169
2897	Xã Điêu Lương	169
2898	Xã Đồng Lương	169
2899	Thị trấn Hưng Hoá	170
2900	Xã Hiền Quan	170
2901	Xã Bắc Sơn	170
2902	Xã Thanh Uyên	170
2903	Xã Lam Sơn	170
2904	Xã Vạn Xuân	170
2905	Xã Quang Húc	170
2906	Xã Hương Nộn	170
2907	Xã Tề Lễ	170
2908	Xã Thọ Văn	170
2909	Xã Dị Nậu	170
2910	Xã Dân Quyền	170
2911	Thị trấn Lâm Thao	171
2912	Xã Tiên Kiên	171
2913	Thị trấn Hùng Sơn	171
2914	Xã Xuân Lũng	171
2915	Xã Xuân Huy	171
2916	Xã Thạch Sơn	171
2917	Xã Sơn Vi	171
2918	Xã Phùng Nguyên	171
2919	Xã Cao Xá	171
2920	Xã Vĩnh Lại	171
2921	Xã Tứ Xã	171
2922	Xã Bản Nguyên	171
2923	Thị trấn Thanh Sơn	172
2924	Xã Sơn Hùng	172
2925	Xã Địch Quả	172
2926	Xã Giáp Lai	172
2927	Xã Thục Luyện	172
2928	Xã Võ Miếu	172
2929	Xã Thạch Khoán	172
2930	Xã Cự Thắng	172
2931	Xã Tất Thắng	172
2932	Xã Văn Miếu	172
2933	Xã Cự Đồng	172
2934	Xã Thắng Sơn	172
2935	Xã Tân Minh	172
2936	Xã Hương Cần	172
2937	Xã Khả Cửu	172
2938	Xã Đông Cửu	172
2939	Xã Tân Lập	172
2940	Xã Yên Lãng	172
2941	Xã Yên Lương	172
2942	Xã Thượng Cửu	172
2943	Xã Lương Nha	172
2944	Xã Yên Sơn	172
2945	Xã Tinh Nhuệ	172
2946	Xã Đào Xá	173
2947	Xã Thạch Đồng	173
2948	Xã Xuân Lộc	173
2949	Xã Tân Phương	173
2950	Thị trấn Thanh Thủy	173
2951	Xã Sơn Thủy	173
2952	Xã Bảo Yên	173
2953	Xã Đoan Hạ	173
2954	Xã Đồng Trung	173
2955	Xã Hoàng Xá	173
2956	Xã Tu Vũ	173
2957	Xã Thu Cúc	174
2958	Xã Thạch Kiệt	174
2959	Xã Thu Ngạc	174
2960	Xã Kiệt Sơn	174
2961	Xã Đồng Sơn	174
2962	Xã Lai Đồng	174
2963	Thị trấn Tân Phú	174
2964	Xã Mỹ Thuận	174
2965	Xã Tân Sơn	174
2966	Xã Xuân Đài	174
2967	Xã Minh Đài	174
2968	Xã Văn Luông	174
2969	Xã Xuân Sơn	174
2970	Xã Long Cốc	174
2971	Xã Kim Thượng	174
2972	Xã Tam Thanh	174
2973	Xã Vinh Tiền	174
2974	Phường Tích Sơn	175
2975	Phường Liên Bảo	175
2976	Phường Hội Hợp	175
2977	Phường Đống Đa	175
2978	Phường Ngô Quyền	175
2979	Phường Đồng Tâm	175
2980	Phường Định Trung	175
2981	Phường Khai Quang	175
2982	Xã Thanh Trù	175
2983	Phường Hùng Vương	176
2984	Phường Hai Bà Trưng	176
2985	Phường Phúc Thắng	176
2986	Phường Xuân Hoà	176
2987	Phường Đồng Xuân	176
2988	Xã Ngọc Thanh	176
2989	Xã Cao Minh	176
2990	Phường Nam Viêm	176
2991	Phường Tiền Châu	176
2992	Thị trấn Lập Thạch	177
2993	Xã Quang Sơn	177
2994	Xã Ngọc Mỹ	177
2995	Xã Hợp Lý	177
2996	Xã Bắc Bình	177
2997	Xã Thái Hòa	177
2998	Thị trấn Hoa Sơn	177
2999	Xã Liễn Sơn	177
3000	Xã Xuân Hòa	177
3001	Xã Vân Trục	177
3002	Xã Liên Hòa	177
3003	Xã Tử Du	177
3004	Xã Bàn Giản	177
3005	Xã Xuân Lôi	177
3006	Xã Đồng Ích	177
3007	Xã Tiên Lữ	177
3008	Xã Văn Quán	177
3009	Xã Tây Sơn	177
3010	Xã Sơn Đông	177
3011	Thị trấn Hợp Hòa	178
3012	Xã Hoàng Hoa	178
3013	Xã Đồng Tĩnh	178
3014	Thị trấn Kim Long	178
3015	Xã Hướng Đạo	178
3016	Xã Đạo Tú	178
3017	Xã An Hòa	178
3018	Xã Thanh Vân	178
3019	Xã Duy Phiên	178
3020	Xã Hoàng Đan	178
3021	Xã Hoàng Lâu	178
3022	Xã Hội Thịnh	178
3023	Thị trấn Tam Đảo	179
3024	Thị trấn Hợp Châu	179
3025	Xã Đạo Trù	179
3026	Xã Yên Dương	179
3027	Xã Bồ Lý	179
3028	Thị trấn Đại Đình	179
3029	Xã Tam Quan	179
3030	Xã Hồ Sơn	179
3031	Xã Minh Quang	179
3032	Thị trấn Hương Canh	180
3033	Thị trấn Gia Khánh	180
3034	Xã Trung Mỹ	180
3035	Thị trấn Bá Hiến	180
3036	Xã Thiện Kế	180
3037	Xã Hương Sơn	180
3038	Xã Tam Hợp	180
3039	Xã Quất Lưu	180
3040	Xã Sơn Lôi	180
3041	Thị trấn Đạo Đức	180
3042	Xã Tân Phong	180
3043	Thị trấn Thanh Lãng	180
3044	Xã Phú Xuân	180
3045	Thị trấn Yên Lạc	181
3046	Xã Đồng Cương	181
3047	Xã Đồng Văn	181
3048	Xã Bình Định	181
3049	Xã Trung Nguyên	181
3050	Xã Tề Lỗ	181
3051	Thị trấn Tam Hồng	181
3052	Xã Yên Đồng	181
3053	Xã Văn Tiến	181
3054	Xã Nguyệt Đức	181
3055	Xã Yên Phương	181
3056	Xã Trung Kiên	181
3057	Xã Liên Châu	181
3058	Xã Đại Tự	181
3059	Xã Hồng Châu	181
3060	Xã Trung Hà	181
3061	Thị trấn Vĩnh Tường	182
3062	Xã Kim Xá	182
3063	Xã Yên Bình	182
3064	Xã Chấn Hưng	182
3065	Xã Nghĩa Hưng	182
3066	Xã Yên Lập	182
3067	Xã Sao Đại Việt	182
3068	Xã Đại Đồng	182
3069	Xã Lũng Hoà	182
3070	Thị trấn Thổ Tang	182
3071	Xã Lương Điền	182
3072	Xã Tân Phú	182
3073	Xã Thượng Trưng	182
3074	Xã Vũ Di	182
3075	Xã Tuân Chính	182
3076	Thị trấn Tứ Trưng	182
3077	Xã Ngũ Kiên	182
3078	Xã An Nhân	182
3079	Xã Vĩnh Thịnh	182
3080	Xã Vĩnh Phú	182
3081	Xã Lãng Công	183
3082	Xã Quang Yên	183
3083	Xã Hải Lựu	183
3084	Xã Đồng Quế	183
3085	Xã Nhân Đạo	183
3086	Xã Đôn Nhân	183
3087	Xã Phương Khoan	183
3088	Xã Tân Lập	183
3089	Thị trấn Tam Sơn	183
3090	Xã Yên Thạch	183
3091	Xã Đồng Thịnh	183
3092	Xã Tứ Yên	183
3093	Xã Đức Bác	183
3094	Xã Cao Phong	183
3095	Phường Vũ Ninh	184
3096	Phường Đáp Cầu	184
3097	Phường Thị Cầu	184
3098	Phường Kinh Bắc	184
3099	Phường Đại Phúc	184
3100	Phường Tiền Ninh Vệ	184
3101	Phường Suối Hoa	184
3102	Phường Võ Cường	184
3103	Phường Hòa Long	184
3104	Phường Vạn An	184
3105	Phường Khúc Xuyên	184
3106	Phường Phong Khê	184
3107	Phường Kim Chân	184
3108	Phường Vân Dương	184
3109	Phường Nam Sơn	184
3110	Phường Khắc Niệm	184
3111	Phường Hạp Lĩnh	184
3112	Thị trấn Chờ	185
3113	Xã Dũng Liệt	185
3114	Xã Tam Đa	185
3115	Xã Tam Giang	185
3116	Xã Yên Trung	185
3117	Xã Thụy Hòa	185
3118	Xã Hòa Tiến	185
3119	Xã Đông Tiến	185
3120	Xã Yên Phụ	185
3121	Xã Trung Nghĩa	185
3122	Xã Đông Phong	185
3123	Xã Long Châu	185
3124	Xã Văn Môn	185
3125	Xã Đông Thọ	185
3126	Phường Phố Mới	186
3127	Xã Việt Thống	186
3128	Phường Đại Xuân	186
3129	Phường Nhân Hòa	186
3130	Phường Bằng An	186
3131	Phường Phương Liễu	186
3132	Phường Quế Tân	186
3133	Phường Phù Lương	186
3134	Xã Phù Lãng	186
3135	Phường Phượng Mao	186
3136	Phường Việt Hùng	186
3137	Xã Ngọc Xá	186
3138	Xã Châu Phong	186
3139	Phường Bồng Lai	186
3140	Phường Cách Bi	186
3141	Xã Đào Viên	186
3142	Xã Yên Giả	186
3143	Xã Mộ Đạo	186
3144	Xã Đức Long	186
3145	Xã Chi Lăng	186
3146	Thị trấn Lim	187
3147	Xã Phú Lâm	187
3148	Xã Nội Duệ	187
3149	Xã Liên Bão	187
3150	Xã Hiên Vân	187
3151	Xã Hoàn Sơn	187
3152	Xã Lạc Vệ	187
3153	Xã Việt Đoàn	187
3154	Xã Phật Tích	187
3155	Xã Tân Chi	187
3156	Xã Đại Đồng	187
3157	Xã Tri Phương	187
3158	Xã Minh Đạo	187
3159	Xã Cảnh Hưng	187
3160	Phường Đông Ngàn	188
3161	Phường Tam Sơn	188
3162	Phường Hương Mạc	188
3163	Phường Tương Giang	188
3164	Phường Phù Khê	188
3165	Phường Đồng Kỵ	188
3166	Phường Trang Hạ	188
3167	Phường Đồng Nguyên	188
3168	Phường Châu Khê	188
3169	Phường Tân Hồng	188
3170	Phường Đình Bảng	188
3171	Phường Phù Chẩn	188
3172	Phường Hồ	189
3173	Xã Hoài Thượng	189
3174	Xã Đại Đồng Thành	189
3175	Xã Mão Điền	189
3176	Phường Song Hồ	189
3177	Xã Đình Tổ	189
3178	Phường An Bình	189
3179	Phường Trí Quả	189
3180	Phường Gia Đông	189
3181	Phường Thanh Khương	189
3182	Phường Trạm Lộ	189
3183	Phường Xuân Lâm	189
3184	Phường Hà Mãn	189
3185	Xã Ngũ Thái	189
3186	Xã Nguyệt Đức	189
3187	Phường Ninh Xá	189
3188	Xã Nghĩa Đạo	189
3189	Xã Song Liễu	189
3190	Thị trấn Gia Bình	190
3191	Xã Vạn Ninh	190
3192	Xã Thái Bảo	190
3193	Xã Giang Sơn	190
3194	Xã Cao Đức	190
3195	Xã Đại Lai	190
3196	Xã Song Giang	190
3197	Xã Bình Dương	190
3198	Xã Lãng Ngâm	190
3199	Thị trấn Nhân Thắng	190
3200	Xã Xuân Lai	190
3201	Xã Đông Cứu	190
3202	Xã Đại Bái	190
3203	Xã Quỳnh Phú	190
3204	Thị trấn Thứa	191
3205	Xã An Thịnh	191
3206	Xã Trung Kênh	191
3207	Xã Phú Hòa	191
3208	Xã An Tập	191
3209	Xã Tân Lãng	191
3210	Xã Quảng Phú	191
3211	Xã Quang Minh	191
3212	Xã Trung Chính	191
3213	Xã Bình Định	191
3214	Xã Phú Lương	191
3215	Xã Lâm Thao	191
3216	Phường Cẩm Thượng	192
3217	Phường Bình Hàn	192
3218	Phường Ngọc Châu	192
3219	Phường Nhị Châu	192
3220	Phường Quang Trung	192
3221	Phường Nguyễn Trãi	192
3222	Phường Trần Hưng Đạo	192
3223	Phường Trần Phú	192
3224	Phường Thanh Bình	192
3225	Phường Tân Bình	192
3226	Phường Lê Thanh Nghị	192
3227	Phường Hải Tân	192
3228	Phường Tứ Minh	192
3229	Phường Việt Hoà	192
3230	Phường Ái Quốc	192
3231	Xã An Thượng	192
3232	Phường Nam Đồng	192
3233	Xã Quyết Thắng	192
3234	Xã Tiền Tiến	192
3235	Phường Thạch Khôi	192
3236	Xã Liên Hồng	192
3237	Phường Tân Hưng	192
3238	Xã Gia Xuyên	192
3239	Xã Ngọc Sơn	192
3240	Phường Phả Lại	193
3241	Phường Sao Đỏ	193
3242	Phường Bến Tắm	193
3243	Xã Hoàng Hoa Thám	193
3244	Xã Bắc An	193
3245	Xã Hưng Đạo	193
3246	Xã Lê Lợi	193
3247	Phường Hoàng Tiến	193
3248	Phường Cộng Hoà	193
3249	Phường Hoàng Tân	193
3250	Phường Cổ Thành	193
3251	Phường Văn An	193
3252	Phường Chí Minh	193
3253	Phường Văn Đức	193
3254	Phường Thái Học	193
3255	Xã Nhân Huệ	193
3256	Phường An Lạc	193
3257	Phường Đồng Lạc	193
3258	Phường Tân Dân	193
3259	Thị trấn Nam Sách	194
3260	Xã Nam Hưng	194
3261	Xã Nam Tân	194
3262	Xã Hợp Tiến	194
3263	Xã Hiệp Cát	194
3264	Xã Quốc Tuấn	194
3265	Xã An Bình	194
3266	Xã Trần Phú	194
3267	Xã An Sơn	194
3268	Xã Cộng Hòa	194
3269	Xã Thái Tân	194
3270	Xã An Phú	194
3271	Xã Hồng Phong	194
3272	Xã Đồng Lạc	194
3273	Xã Minh Tân	194
3274	Phường An Lưu	195
3275	Xã Bạch Đằng	195
3276	Phường Thất Hùng	195
3277	Xã Lê Ninh	195
3278	Phường Phạm Thái	195
3279	Phường Duy Tân	195
3280	Phường Tân Dân	195
3281	Phường Minh Tân	195
3282	Xã Quang Thành	195
3283	Xã Hiệp Hòa	195
3284	Phường Phú Thứ	195
3285	Xã Thăng Long	195
3286	Xã Lạc Long	195
3287	Phường An Sinh	195
3288	Phường Hiệp Sơn	195
3289	Xã Thượng Quận	195
3290	Phường An Phụ	195
3291	Phường Hiệp An	195
3292	Phường Long Xuyên	195
3293	Phường Thái Thịnh	195
3294	Phường Hiến Thành	195
3295	Xã Minh Hòa	195
3296	Thị trấn Phú Thái	196
3297	Xã Lai Khê	196
3298	Xã Vũ Dũng	196
3299	Xã Tuấn Việt	196
3300	Xã Kim Xuyên	196
3301	Xã Ngũ Phúc	196
3302	Xã Kim Anh	196
3303	Xã Kim Liên	196
3304	Xã Kim Tân	196
3305	Xã Kim Đính	196
3306	Xã Hòa Bình	196
3307	Xã Tam Kỳ	196
3308	Xã Đồng Cẩm	196
3309	Xã Đại Đức	196
3310	Thị trấn Thanh Hà	197
3311	Xã Hồng Lạc	197
3312	Xã Tân Việt	197
3313	Xã Cẩm Việt	197
3314	Xã Thanh An	197
3315	Xã Thanh Lang	197
3316	Xã Tân An	197
3317	Xã Liên Mạc	197
3318	Xã Thanh Hải	197
3319	Xã Thanh Xuân	197
3320	Xã Thanh Tân	197
3321	Xã An Phượng	197
3322	Xã Thanh Sơn	197
3323	Xã Thanh Quang	197
3324	Xã Thanh Hồng	197
3325	Xã Vĩnh Cường	197
3326	Thị trấn Cẩm Giang	198
3327	Thị trấn Lai Cách	198
3328	Xã Cẩm Hưng	198
3329	Xã Cẩm Hoàng	198
3330	Xã Cẩm Văn	198
3331	Xã Ngọc Liên	198
3332	Xã Cẩm Vũ	198
3333	Xã Đức Chính	198
3334	Xã Định Sơn	198
3335	Xã Lương Điền	198
3336	Xã Cao An	198
3337	Xã Tân Trường	198
3338	Xã Phúc Điền	198
3339	Xã Cẩm Đông	198
3340	Xã Cẩm Đoài	198
3341	Thị trấn Kẻ Sặt	199
3342	Xã Vĩnh Hưng	199
3343	Xã Hùng Thắng	199
3344	Xã Vĩnh Hồng	199
3345	Xã Long Xuyên	199
3346	Xã Tân Việt	199
3347	Xã Thúc Kháng	199
3348	Xã Tân Hồng	199
3349	Xã Hồng Khê	199
3350	Xã Thái Minh	199
3351	Xã Cổ Bì	199
3352	Xã Nhân Quyền	199
3353	Xã Thái Dương	199
3354	Xã Thái Hòa	199
3355	Xã Bình Xuyên	199
3356	Thị trấn Gia Lộc	200
3357	Xã Thống Nhất	200
3358	Xã Yết Kiêu	200
3359	Xã Gia Phúc	200
3360	Xã Gia Tiến	200
3361	Xã Lê Lợi	200
3362	Xã Toàn Thắng	200
3363	Xã Hoàng Diệu	200
3364	Xã Hồng Hưng	200
3365	Xã Phạm Trấn	200
3366	Xã Đoàn Thượng	200
3367	Xã Thống Kênh	200
3368	Xã Nhật Quang	200
3369	Xã Quang Đức	200
3370	Thị trấn Tứ Kỳ	201
3371	Xã Đại Sơn	201
3372	Xã Hưng Đạo	201
3373	Xã Bình Lăng	201
3374	Xã Chí Minh	201
3375	Xã Kỳ Sơn	201
3376	Xã Quang Phục	201
3377	Xã Tân Kỳ	201
3378	Xã Quang Khải	201
3379	Xã Đại Hợp	201
3380	Xã Dân An	201
3381	Xã An Thanh	201
3382	Xã Minh Đức	201
3383	Xã Văn Tố	201
3384	Xã Quang Trung	201
3385	Xã Lạc Phượng	201
3386	Xã Tiên Động	201
3387	Xã Nguyên Giáp	201
3388	Xã Hà Kỳ	201
3389	Xã Hà Thanh	201
3390	Xã Ứng Hoè	202
3391	Xã Nghĩa An	202
3392	Xã Đức Phúc	202
3393	Xã An Đức	202
3394	Xã Tân Hương	202
3395	Xã Vĩnh Hòa	202
3396	Xã Bình Xuyên	202
3397	Xã Tân Phong	202
3398	Thị trấn Ninh Giang	202
3399	Xã Tân Quang	202
3400	Xã Hồng Dụ	202
3401	Xã Văn Hội	202
3402	Xã Hồng Phong	202
3403	Xã Hiệp Lực	202
3404	Xã Kiến Phúc	202
3405	Xã Hưng Long	202
3406	Thị trấn Thanh Miện	203
3407	Xã Thanh Tùng	203
3408	Xã Phạm Kha	203
3409	Xã Ngô Quyền	203
3410	Xã Đoàn Tùng	203
3411	Xã Hồng Quang	203
3412	Xã Tân Trào	203
3413	Xã Lam Sơn	203
3414	Xã Đoàn Kết	203
3415	Xã Lê Hồng	203
3416	Xã Tứ Cường	203
3417	Xã Ngũ Hùng	203
3418	Xã Cao Thắng	203
3419	Xã Chi Lăng Bắc	203
3420	Xã Chi Lăng Nam	203
3421	Xã Thanh Giang	203
3422	Xã Hồng Phong	203
3423	Phường Quán Toan	204
3424	Phường Hùng Vương	204
3425	Phường Sở Dầu	204
3426	Phường Thượng Lý	204
3427	Phường Minh Khai	204
3428	Phường Hoàng Văn Thụ	204
3429	Phường Phan Bội Châu	204
3430	Phường Đại Bản	204
3431	Phường An Hưng	204
3432	Phường An Hồng	204
3433	Phường Máy Chai	205
3434	Phường Vạn Mỹ	205
3435	Phường Cầu Tre	205
3436	Phường Gia Viên	205
3437	Phường Cầu Đất	205
3438	Phường Đông Khê	205
3439	Phường Đằng Giang	205
3440	Phường Lạch Tray	205
3441	Phường An Biên	206
3442	Phường Trần Nguyên Hãn	206
3443	Phường Hàng Kênh	206
3444	Phường An Dương	206
3445	Phường Dư Hàng Kênh	206
3446	Phường Kênh Dương	206
3447	Phường Vĩnh Niệm	206
3448	Phường Đông Hải 1	207
3449	Phường Đông Hải 2	207
3450	Phường Đằng Lâm	207
3451	Phường Thành Tô	207
3452	Phường Đằng Hải	207
3453	Phường Nam Hải	207
3454	Phường Cát Bi	207
3455	Phường Tràng Cát	207
3456	Phường Đồng Hoà	208
3457	Phường Bắc Sơn	208
3458	Phường Nam Sơn	208
3459	Phường Ngọc Sơn	208
3460	Phường Trần Thành Ngọ	208
3461	Phường Văn Đẩu	208
3462	Phường Bắc Hà	208
3463	Phường Ngọc Xuyên	209
3464	Phường Hải Sơn	209
3465	Phường Vạn Hương	209
3466	Phường Minh Đức	209
3467	Phường Bàng La	209
3468	Phường Hợp Đức	209
3469	Phường Đa Phúc	210
3470	Phường Hưng Đạo	210
3471	Phường Anh Dũng	210
3472	Phường Hải Thành	210
3473	Phường Hoà Nghĩa	210
3474	Phường Tân Thành	210
3475	Phường Minh Đức	211
3476	Xã Liên Xuân	211
3477	Phường Lưu Kiếm	211
3478	Xã Bạch Đằng	211
3479	Xã Ninh Sơn	211
3480	Phường Quảng Thanh	211
3481	Phường Trần Hưng Đạo	211
3482	Xã Quang Trung	211
3483	Phường Lê Hồng Phong	211
3484	Phường Hoà Bình	211
3485	Phường Thủy Hà	211
3486	Phường An Lư	211
3487	Phường Phạm Ngũ Lão	211
3488	Phường Nam Triệu Giang	211
3489	Phường Tam Hưng	211
3490	Phường Lập Lễ	211
3491	Phường Thiên Hương	211
3492	Phường Thuỷ Đường	211
3493	Phường Hoàng Lâm	211
3494	Phường Hoa Động	211
3495	Phường Dương Quan	211
3496	Phường Lê Lợi	212
3497	Phường Lê Thiện	212
3498	Phường An Hoà	212
3499	Phường Hồng Phong	212
3500	Phường Tân Tiến	212
3501	Phường Nam Sơn	212
3502	Phường An Hải	212
3503	Phường Đồng Thái	212
3504	Phường An Đồng	212
3505	Phường Hồng Thái	212
3506	Thị trấn An Lão	213
3507	Xã Bát Trang	213
3508	Xã Trường Thọ	213
3509	Xã Trường Thành	213
3510	Xã An Tiến	213
3511	Xã Quang Hưng	213
3512	Xã Quang Trung	213
3513	Xã Quốc Tuấn	213
3514	Xã An Thắng	213
3515	Thị trấn Trường Sơn	213
3516	Xã Tân Dân	213
3517	Xã Thái Sơn	213
3518	Xã Tân Viên	213
3519	Xã Mỹ Đức	213
3520	Xã Chiến Thắng	213
3521	Xã An Thọ	213
3522	Xã An Thái	213
3523	Thị trấn Núi Đối	214
3524	Xã Đông Phương	214
3525	Xã Thuận Thiên	214
3526	Xã Hữu Bằng	214
3527	Xã Đại Đồng	214
3528	Xã Ngũ Phúc	214
3529	Xã Kiến Quốc	214
3530	Xã Du Lễ	214
3531	Xã Thanh Sơn	214
3532	Xã Minh Tân	214
3533	Xã Kiến Hưng	214
3534	Xã Tân Phong	214
3535	Xã Tân Trào	214
3536	Xã Đoàn Xá	214
3537	Xã Tú Sơn	214
3538	Xã Đại Hợp	214
3539	Thị trấn Tiên Lãng	215
3540	Xã Đại Thắng	215
3541	Xã Tiên Cường	215
3542	Xã Tự Cường	215
3543	Xã Quyết Tiến	215
3544	Xã Khởi Nghĩa	215
3545	Xã Tiên Thanh	215
3546	Xã Cấp Tiến	215
3547	Xã Kiến Thiết	215
3548	Xã Đoàn Lập	215
3549	Xã Tân Minh	215
3550	Xã Tiên Thắng	215
3551	Xã Tiên Minh	215
3552	Xã Bắc Hưng	215
3553	Xã Nam Hưng	215
3554	Xã Hùng Thắng	215
3555	Xã Tây Hưng	215
3556	Xã Đông Hưng	215
3557	Xã Vinh Quang	215
3558	Thị trấn Vĩnh Bảo	216
3559	Xã Dũng Tiến	216
3560	Xã Giang Biên	216
3561	Xã Thắng Thuỷ	216
3562	Xã Trung Lập	216
3563	Xã Việt Tiến	216
3564	Xã Vĩnh An	216
3565	Xã Vĩnh Hoà	216
3566	Xã Hùng Tiến	216
3567	Xã Tân Hưng	216
3568	Xã Tân Liên	216
3569	Xã Vĩnh Hưng	216
3570	Xã Vĩnh Hải	216
3571	Xã Liên Am	216
3572	Xã Lý Học	216
3573	Xã Tam Cường	216
3574	Xã Hoà Bình	216
3575	Xã Tiền Phong	216
3576	Xã Cao Minh	216
3577	Xã Trấn Dương	216
3578	Thị trấn Cát Bà	217
3579	Thị trấn Cát Hải	217
3580	Xã Nghĩa Lộ	217
3581	Xã Đồng Bài	217
3582	Xã Hoàng Châu	217
3583	Xã Văn Phong	217
3584	Xã Phù Long	217
3585	Xã Gia Luận	217
3586	Xã Hiền Hào	217
3587	Xã Trân Châu	217
3588	Xã Việt Hải	217
3589	Xã Xuân Đám	217
3590	Phường Lam Sơn	219
3591	Phường Hiến Nam	219
3592	Phường An Tảo	219
3593	Phường Lê Lợi	219
3594	Phường Minh Khai	219
3595	Phường Hồng Châu	219
3596	Xã Trung Nghĩa	219
3597	Xã Liên Phương	219
3598	Xã Phương Nam	219
3599	Xã Quảng Châu	219
3600	Xã Bảo Khê	219
3601	Xã Phú Cường	219
3602	Xã Hùng Cường	219
3603	Xã Tân Hưng	219
3604	Xã Hoàng Hanh	219
3605	Thị trấn Như Quỳnh	220
3606	Xã Lạc Đạo	220
3607	Xã Chỉ Đạo	220
3608	Xã Đại Đồng	220
3609	Xã Việt Hưng	220
3610	Xã Tân Quang	220
3611	Xã Đình Dù	220
3612	Xã Minh Hải	220
3613	Xã Lương Tài	220
3614	Xã Trưng Trắc	220
3615	Xã Lạc Hồng	220
3616	Thị trấn Văn Giang	221
3617	Xã Xuân Quan	221
3618	Xã Cửu Cao	221
3619	Xã Phụng Công	221
3620	Xã Nghĩa Trụ	221
3621	Xã Long Hưng	221
3622	Xã Vĩnh Khúc	221
3623	Xã Liên Nghĩa	221
3624	Xã Tân Tiến	221
3625	Xã Thắng Lợi	221
3626	Xã Mễ Sở	221
3627	Thị trấn Yên Mỹ	222
3628	Xã Nguyễn Văn Linh	222
3629	Xã Đồng Than	222
3630	Xã Ngọc Long	222
3631	Xã Liêu Xá	222
3632	Xã Hoàn Long	222
3633	Xã Tân Lập	222
3634	Xã Thanh Long	222
3635	Xã Yên Phú	222
3636	Xã Trung Hòa	222
3637	Xã Việt Yên	222
3638	Xã Tân Minh	222
3639	Phường Bần Yên Nhân	223
3640	Phường Phan Đình Phùng	223
3641	Xã Cẩm Xá	223
3642	Xã Dương Quang	223
3643	Xã Hòa Phong	223
3644	Phường Nhân Hòa	223
3645	Phường Dị Sử	223
3646	Phường Bạch Sam	223
3647	Phường Minh Đức	223
3648	Phường Phùng Chí Kiên	223
3649	Xã Xuân Dục	223
3650	Xã Ngọc Lâm	223
3651	Xã Hưng Long	223
3652	Thị trấn Ân Thi	224
3653	Xã Phù Ủng	224
3654	Xã Bắc Sơn	224
3655	Xã Bãi Sậy	224
3656	Xã Đào Dương	224
3657	Xã Quang Vinh	224
3658	Xã Vân Du	224
3659	Xã Xuân Trúc	224
3660	Xã Hoàng Hoa Thám	224
3661	Xã Quảng Lãng	224
3662	Xã Đa Lộc	224
3663	Xã Đặng Lễ	224
3664	Xã Cẩm Ninh	224
3665	Xã Nguyễn Trãi	224
3666	Xã Hồ Tùng Mậu	224
3667	Xã Tiền Phong	224
3668	Xã Hồng Quang	224
3669	Xã Hạ Lễ	224
3670	Thị trấn Khoái Châu	225
3671	Xã Đông Tảo	225
3672	Xã Bình Minh	225
3673	Xã Phạm Hồng Thái	225
3674	Xã Ông Đình	225
3675	Xã Tân Dân	225
3676	Xã Tứ Dân	225
3677	Xã An Vĩ	225
3678	Xã Đông Kết	225
3679	Xã Dân Tiến	225
3680	Xã Đồng Tiến	225
3681	Xã Tân Châu	225
3682	Xã Liên Khê	225
3683	Xã Phùng Hưng	225
3684	Xã Việt Hòa	225
3685	Xã Đông Ninh	225
3686	Xã Đại Tập	225
3687	Xã Chí Minh	225
3688	Xã Thuần Hưng	225
3689	Xã Nguyễn Huệ	225
3690	Thị trấn Lương Bằng	226
3691	Xã Nghĩa Dân	226
3692	Xã Toàn Thắng	226
3693	Xã Vĩnh Xá	226
3694	Xã Phạm Ngũ Lão	226
3695	Xã Phú Thọ	226
3696	Xã Đồng Thanh	226
3697	Xã Song Mai	226
3698	Xã Chính Nghĩa	226
3699	Xã Mai Động	226
3700	Xã Đức Hợp	226
3701	Xã Hùng An	226
3702	Xã Ngọc Thanh	226
3703	Xã Diên Hồng	226
3704	Xã Hiệp Cường	226
3705	Thị trấn Vương	227
3706	Xã Hưng Đạo	227
3707	Xã Nhật Tân	227
3708	Xã Lệ Xá	227
3709	Xã An Viên	227
3710	Xã Trung Dũng	227
3711	Xã Hải Thắng	227
3712	Xã Thủ Sỹ	227
3713	Xã Thiện Phiến	227
3714	Xã Thụy Lôi	227
3715	Xã Cương Chính	227
3716	Thị trấn Trần Cao	228
3717	Xã Minh Tân	228
3718	Xã Phan Sào Nam	228
3719	Xã Quang Hưng	228
3720	Xã Minh Hoàng	228
3721	Xã Đoàn Đào	228
3722	Xã Tống Phan	228
3723	Xã Đình Cao	228
3724	Xã Nhật Quang	228
3725	Xã Tam Đa	228
3726	Xã Tiên Tiến	228
3727	Xã Nguyên Hòa	228
3728	Xã Tống Trân	228
3729	Phường Lê Hồng Phong	229
3730	Phường Bồ Xuyên	229
3731	Phường Đề Thám	229
3732	Phường Kỳ Bá	229
3733	Phường Quang Trung	229
3734	Phường Phú Khánh	229
3735	Phường Tiền Phong	229
3736	Phường Trần Hưng Đạo	229
3737	Phường Trần Lãm	229
3738	Xã Đông Hòa	229
3739	Phường Hoàng Diệu	229
3740	Xã Phú Xuân	229
3741	Xã Vũ Phúc	229
3742	Xã Vũ Chính	229
3743	Xã Đông Mỹ	229
3744	Xã Đông Thọ	229
3745	Xã Vũ Đông	229
3746	Xã Vũ Lạc	229
3747	Xã Tân Bình	229
3748	Thị trấn Quỳnh Côi	230
3749	Xã An Khê	230
3750	Xã An Đồng	230
3751	Xã Quỳnh Hoa	230
3752	Xã Quỳnh Lâm	230
3753	Xã Quỳnh Thọ	230
3754	Xã An Hiệp	230
3755	Xã Quỳnh Hoàng	230
3756	Xã Quỳnh Giao	230
3757	Xã An Thái	230
3758	Xã An Cầu	230
3759	Xã Quỳnh Hồng	230
3760	Xã Quỳnh Khê	230
3761	Xã Quỳnh Minh	230
3762	Xã An Ninh	230
3763	Xã Quỳnh Ngọc	230
3764	Xã Quỳnh Hải	230
3765	Thị trấn An Bài	230
3766	Xã An Ấp	230
3767	Xã Quỳnh Hội	230
3768	Xã Châu Sơn	230
3769	Xã Quỳnh Mỹ	230
3770	Xã An Quí	230
3771	Xã An Thanh	230
3772	Xã An Vũ	230
3773	Xã An Lễ	230
3774	Xã Quỳnh Hưng	230
3775	Xã An Mỹ	230
3776	Xã Quỳnh Nguyên	230
3777	Xã An Vinh	230
3778	Xã An Dục	230
3779	Xã Đông Hải	230
3780	Xã Trang Bảo Xá	230
3781	Xã An Tràng	230
3782	Xã Đồng Tiến	230
3783	Thị trấn Hưng Hà	231
3784	Xã Quang Trung	231
3785	Xã Tân Lễ	231
3786	Xã Cộng Hòa	231
3787	Xã Canh Tân	231
3788	Xã Hòa Tiến	231
3789	Xã Tân Tiến	231
3790	Thị trấn Hưng Nhân	231
3791	Xã Đoan Hùng	231
3792	Xã Duyên Hải	231
3793	Xã Tân Hòa	231
3794	Xã Văn Cẩm	231
3795	Xã Bắc Sơn	231
3796	Xã Đông Đô	231
3797	Xã Phúc Khánh	231
3798	Xã Liên Hiệp	231
3799	Xã Tây Đô	231
3800	Xã Thống Nhất	231
3801	Xã Tiến Đức	231
3802	Xã Thái Hưng	231
3803	Xã Thái Phương	231
3804	Xã Hòa Bình	231
3805	Xã Chi Lăng	231
3806	Xã Minh Khai	231
3807	Xã Hồng An	231
3808	Xã Kim Chung	231
3809	Xã Hồng Lĩnh	231
3810	Xã Minh Tân	231
3811	Xã Văn Lang	231
3812	Xã Độc Lập	231
3813	Xã Chí Hòa	231
3814	Xã Minh Hòa	231
3815	Xã Hồng Minh	231
3816	Thị trấn Đông Hưng	232
3817	Xã Đông Phương	232
3818	Xã Liên An Đô	232
3819	Xã Đông Sơn	232
3820	Xã Đông Cường	232
3821	Xã Phú Lương	232
3822	Xã Mê Linh	232
3823	Xã Lô Giang	232
3824	Xã Đông La	232
3825	Xã Minh Tân	232
3826	Xã Đông Xá	232
3827	Xã Nguyên Xá	232
3828	Xã Phong Dương Tiến	232
3829	Xã Hồng Việt	232
3830	Xã Hà Giang	232
3831	Xã Đông Kinh	232
3832	Xã Đông Hợp	232
3833	Xã Thăng Long	232
3834	Xã Đông Các	232
3835	Xã Phú Châu	232
3836	Xã Liên Hoa	232
3837	Xã Đông Tân	232
3838	Xã Đông Vinh	232
3839	Xã Xuân Quang Động	232
3840	Xã Hồng Bạch	232
3841	Xã Trọng Quan	232
3842	Xã Hồng Giang	232
3843	Xã Đông Quan	232
3844	Xã Đông Á	232
3845	Xã Đông Hoàng	232
3846	Xã Đông Dương	232
3847	Xã Minh Phú	232
3848	Thị trấn Diêm Điền	233
3849	Xã Thụy Trường	233
3850	Xã Hồng Dũng	233
3851	Xã Thụy Quỳnh	233
3852	Xã An Tân	233
3853	Xã Thụy Ninh	233
3854	Xã Thụy Hưng	233
3855	Xã Thụy Việt	233
3856	Xã Thụy Văn	233
3857	Xã Thụy Xuân	233
3858	Xã Dương Phúc	233
3859	Xã Thụy Trình	233
3860	Xã Thụy Bình	233
3861	Xã Thụy Chính	233
3862	Xã Thụy Dân	233
3863	Xã Thụy Hải	233
3864	Xã Thụy Liên	233
3865	Xã Thụy Duyên	233
3866	Xã Thụy Thanh	233
3867	Xã Thụy Sơn	233
3868	Xã Thụy Phong	233
3869	Xã Thái Thượng	233
3870	Xã Thái Nguyên	233
3871	Xã Dương Hồng Thủy	233
3872	Xã Thái Giang	233
3873	Xã Hòa An	233
3874	Xã Sơn Hà	233
3875	Xã Thái Phúc	233
3876	Xã Thái Hưng	233
3877	Xã Thái Đô	233
3878	Xã Thái Xuyên	233
3879	Xã Mỹ Lộc	233
3880	Xã Tân Học	233
3881	Xã Thái Thịnh	233
3882	Xã Thuần Thành	233
3883	Xã Thái Thọ	233
3884	Thị trấn Tiền Hải	234
3885	Xã Đông Trà	234
3886	Xã Đông Long	234
3887	Xã Vũ Lăng	234
3888	Xã Đông Xuyên	234
3889	Xã Tây Lương	234
3890	Xã Tây Ninh	234
3891	Xã Đông Quang	234
3892	Xã Đông Hoàng	234
3893	Xã Đông Minh	234
3894	Xã An Ninh	234
3895	Xã Đông Cơ	234
3896	Xã Tây Giang	234
3897	Xã Đông Lâm	234
3898	Xã Phương Công	234
3899	Xã Ái Quốc	234
3900	Xã Nam Cường	234
3901	Xã Vân Trường	234
3902	Xã Nam Chính	234
3903	Xã Bắc Hải	234
3904	Xã Nam Thịnh	234
3905	Xã Nam Hà	234
3906	Xã Nam Tiến	234
3907	Xã Nam Trung	234
3908	Xã Nam Hồng	234
3909	Xã Nam Hưng	234
3910	Xã Nam Hải	234
3911	Xã Nam Phú	234
3912	Thị trấn Kiến Xương	235
3913	Xã Trà Giang	235
3914	Xã Quốc Tuấn	235
3915	Xã An Bình	235
3916	Xã Tây Sơn	235
3917	Xã Hồng Thái	235
3918	Xã Bình Nguyên	235
3919	Xã Lê Lợi	235
3920	Xã Vũ Lễ	235
3921	Xã Thanh Tân	235
3922	Xã Thống Nhất	235
3923	Xã Vũ Ninh	235
3924	Xã Vũ An	235
3925	Xã Quang Lịch	235
3926	Xã Hòa Bình	235
3927	Xã Bình Minh	235
3928	Xã Vũ Quí	235
3929	Xã Quang Bình	235
3930	Xã Vũ Trung	235
3931	Xã Vũ Công	235
3932	Xã Hồng Vũ	235
3933	Xã Quang Minh	235
3934	Xã Quang Trung	235
3935	Xã Minh Quang	235
3936	Xã Minh Tân	235
3937	Xã Nam Bình	235
3938	Xã Bình Thanh	235
3939	Xã Bình Định	235
3940	Xã Hồng Tiến	235
3941	Thị trấn Vũ Thư	236
3942	Xã Hồng Lý	236
3943	Xã Đồng Thanh	236
3944	Xã Xuân Hòa	236
3945	Xã Hiệp Hòa	236
3946	Xã Phúc Thành	236
3947	Xã Tân Phong	236
3948	Xã Song Lãng	236
3949	Xã Tân Hòa	236
3950	Xã Việt Hùng	236
3951	Xã Minh Lãng	236
3952	Xã Minh Khai	236
3953	Xã Dũng Nghĩa	236
3954	Xã Minh Quang	236
3955	Xã Tam Quang	236
3956	Xã Tân Lập	236
3957	Xã Bách Thuận	236
3958	Xã Tự Tân	236
3959	Xã Song An	236
3960	Xã Trung An	236
3961	Xã Vũ Hội	236
3962	Xã Hòa Bình	236
3963	Xã Nguyên Xá	236
3964	Xã Việt Thuận	236
3965	Xã Vũ Vinh	236
3966	Xã Vũ Đoài	236
3967	Xã Vũ Tiến	236
3968	Xã Vũ Vân	236
3969	Xã Duy Nhất	236
3970	Xã Hồng Phong	236
3971	Phường Quang Trung	237
3972	Phường Lê Hồng Phong	237
3973	Phường Châu Cầu	237
3974	Phường Lam Hạ	237
3975	Xã Phù Vân	237
3976	Phường Liêm Chính	237
3977	Phường Thanh Châu	237
3978	Phường Châu Sơn	237
3979	Phường Tân Hiệp	237
3980	Xã Kim Bình	237
3981	Phường Tân Liêm	237
3982	Phường Thanh Tuyền	237
3983	Xã Đinh Xá	237
3984	Xã Trịnh Xá	237
3985	Phường Đồng Văn	238
3986	Phường Hòa Mạc	238
3987	Xã Mộc Hoàn	238
3988	Phường Châu Giang	238
3989	Phường Bạch Thượng	238
3990	Phường Duy Minh	238
3991	Phường Duy Hải	238
3992	Xã Chuyên Ngoại	238
3993	Phường Yên Bắc	238
3994	Xã Trác Văn	238
3995	Phường Tiên Nội	238
3996	Phường Hoàng Đông	238
3997	Xã Yên Nam	238
3998	Xã Tiên Ngoại	238
3999	Xã Tiên Sơn	238
4000	Phường Quế	239
4001	Xã Nguyễn Úy	239
4002	Phường Đại Cương	239
4003	Phường Lê Hồ	239
4004	Phường Tượng Lĩnh	239
4005	Phường Tân Tựu	239
4006	Phường Đồng Hóa	239
4007	Xã Hoàng Tây	239
4008	Phường Tân Sơn	239
4009	Xã Thụy Lôi	239
4010	Xã Văn Xá	239
4011	Xã Khả Phong	239
4012	Phường Ngọc Sơn	239
4013	Phường Ba Sao	239
4014	Xã Liên Sơn	239
4015	Phường Thi Sơn	239
4016	Xã Thanh Sơn	239
4017	Thị trấn Kiện Khê	240
4018	Xã Liêm Phong	240
4019	Xã Thanh Hà	240
4020	Xã Liêm Cần	240
4021	Xã Liêm Thuận	240
4022	Xã Thanh Thủy	240
4023	Xã Thanh Phong	240
4024	Thị trấn Tân Thanh	240
4025	Xã Thanh Tân	240
4026	Xã Liêm Túc	240
4027	Xã Liêm Sơn	240
4028	Xã Thanh Hương	240
4029	Xã Thanh Nghị	240
4030	Xã Thanh Tâm	240
4031	Xã Thanh Nguyên	240
4032	Xã Thanh Hải	240
4033	Thị trấn Bình Mỹ	241
4034	Xã Bình Nghĩa	241
4035	Xã Tràng An	241
4036	Xã Đồng Du	241
4037	Xã Ngọc Lũ	241
4038	Xã Đồn Xá	241
4039	Xã An Ninh	241
4040	Xã Bồ Đề	241
4041	Xã Bình An	241
4042	Xã Vũ Bản	241
4043	Xã Trung Lương	241
4044	Xã An Đổ	241
4045	Xã La Sơn	241
4046	Xã Tiêu Động	241
4047	Xã An Lão	241
4048	Xã Hợp Lý	242
4049	Xã Nguyên Lý	242
4050	Xã Chính Lý	242
4051	Xã Chân Lý	242
4052	Xã Đạo Lý	242
4053	Xã Công Lý	242
4054	Xã Văn Lý	242
4055	Xã Bắc Lý	242
4056	Xã Đức Lý	242
4057	Xã Trần Hưng Đạo	242
4058	Thị trấn Vĩnh Trụ	242
4059	Xã Nhân Thịnh	242
4060	Xã Nhân Khang	242
4061	Xã Nhân Mỹ	242
4062	Xã Nhân Nghĩa	242
4063	Xã Nhân Chính	242
4064	Xã Nhân Bình	242
4065	Xã Phú Phúc	242
4066	Xã Xuân Khê	242
4067	Xã Tiến Thắng	242
4068	Xã Hòa Hậu	242
4069	Phường Vị Xuyên	243
4070	Phường Trường Thi	243
4071	Phường Trần Hưng Đạo	243
4072	Phường Cửa Bắc	243
4073	Phường Năng Tĩnh	243
4074	Phường Quang Trung	243
4075	Phường Lộc Hạ	243
4076	Phường Lộc Vượng	243
4077	Phường Cửa Nam	243
4078	Phường Lộc Hòa	243
4079	Phường Nam Phong	243
4080	Phường Mỹ Xá	243
4081	Phường Nam Vân	243
4082	Phường Hưng Lộc	243
4083	Xã Mỹ Hà	243
4084	Xã Mỹ Thắng	243
4085	Xã Mỹ Trung	243
4086	Xã Mỹ Tân	243
4087	Xã Mỹ Phúc	243
4088	Xã Mỹ Thuận	243
4089	Xã Mỹ Lộc	243
4090	Thị trấn Gôi	244
4091	Xã Hiển Khánh	244
4092	Xã Minh Tân	244
4093	Xã Hợp Hưng	244
4094	Xã Đại An	244
4095	Xã Cộng Hòa	244
4096	Xã Trung Thành	244
4097	Xã Quang Trung	244
4098	Xã Thành Lợi	244
4099	Xã Kim Thái	244
4100	Xã Liên Minh	244
4101	Xã Đại Thắng	244
4102	Xã Tam Thanh	244
4103	Xã Vĩnh Hào	244
4104	Thị trấn Lâm	245
4105	Xã Trung Nghĩa	245
4106	Xã Tân Minh	245
4107	Xã Yên Thọ	245
4108	Xã Phú Hưng	245
4109	Xã Yên Chính	245
4110	Xã Yên Bình	245
4111	Xã Yên Mỹ	245
4112	Xã Yên Dương	245
4113	Xã Yên Khánh	245
4114	Xã Yên Phong	245
4115	Xã Yên Ninh	245
4116	Xã Yên Lương	245
4117	Xã Yên Tiến	245
4118	Xã Yên Thắng	245
4119	Xã Yên Phúc	245
4120	Xã Yên Cường	245
4121	Xã Yên Lộc	245
4122	Xã Hồng Quang	245
4123	Xã Yên Đồng	245
4124	Xã Yên Khang	245
4125	Xã Yên Nhân	245
4126	Xã Yên Trị	245
4127	Thị trấn Liễu Đề	246
4128	Thị trấn Rạng Đông	246
4129	Xã Đồng Thịnh	246
4130	Xã Nghĩa Thái	246
4131	Xã Hoàng Nam	246
4132	Xã Nghĩa Châu	246
4133	Xã Nghĩa Trung	246
4134	Xã Nghĩa Sơn	246
4135	Xã Nghĩa Lạc	246
4136	Xã Nghĩa Hồng	246
4137	Xã Nghĩa Phong	246
4138	Xã Nghĩa Phú	246
4139	Thị trấn Quỹ Nhất	246
4140	Xã Nghĩa Hùng	246
4141	Xã Nghĩa Lâm	246
4142	Xã Nghĩa Thành	246
4143	Xã Phúc Thắng	246
4144	Xã Nghĩa Lợi	246
4145	Xã Nghĩa Hải	246
4146	Xã Nam Điền	246
4147	Thị trấn Nam Giang	247
4148	Xã Nam Điền	247
4149	Xã Nghĩa An	247
4150	Xã Nam Thắng	247
4151	Xã Hồng Quang	247
4152	Xã Tân Thịnh	247
4153	Xã Nam Cường	247
4154	Xã Nam Hồng	247
4155	Xã Nam Hùng	247
4156	Xã Nam Hoa	247
4157	Xã Nam Dương	247
4158	Xã Nam Thanh	247
4159	Xã Nam Lợi	247
4160	Xã Bình Minh	247
4161	Xã Đồng Sơn	247
4162	Xã Nam Tiến	247
4163	Xã Nam Hải	247
4164	Xã Nam Thái	247
4165	Thị trấn Cổ Lễ	248
4166	Xã Phương Định	248
4167	Xã Trực Chính	248
4168	Xã Trung Đông	248
4169	Xã Liêm Hải	248
4170	Xã Trực Tuấn	248
4171	Xã Việt Hùng	248
4172	Xã Trực Đạo	248
4173	Xã Trực Hưng	248
4174	Xã Trực Nội	248
4175	Thị trấn Cát Thành	248
4176	Xã Trực Thanh	248
4177	Xã Trực Khang	248
4178	Xã Trực Thuận	248
4179	Xã Trực Mỹ	248
4180	Xã Trực Đại	248
4181	Xã Trực Cường	248
4182	Thị trấn Ninh Cường	248
4183	Xã Trực Thái	248
4184	Xã Trực Hùng	248
4185	Xã Trực Thắng	248
4186	Thị trấn Xuân Trường	249
4187	Xã Xuân Châu	249
4188	Xã Xuân Hồng	249
4189	Xã Xuân Thành	249
4190	Xã Xuân Thượng	249
4191	Xã Xuân Giang	249
4192	Xã Xuân Tân	249
4193	Xã Xuân Ngọc	249
4194	Xã Trà Lũ	249
4195	Xã Thọ Nghiệp	249
4196	Xã Xuân Phú	249
4197	Xã Xuân Vinh	249
4198	Xã Xuân Ninh	249
4199	Xã Xuân Phúc	249
4200	Thị trấn Quất Lâm	250
4201	Xã Giao Hương	250
4202	Xã Hồng Thuận	250
4203	Xã Giao Thiện	250
4204	Xã Giao Thanh	250
4205	Thị trấn Giao Thủy	250
4206	Xã Bình Hòa	250
4207	Xã Giao Hà	250
4208	Xã Giao Nhân	250
4209	Xã Giao An	250
4210	Xã Giao Lạc	250
4211	Xã Giao Châu	250
4212	Xã Giao Tân	250
4213	Xã Giao Yến	250
4214	Xã Giao Xuân	250
4215	Xã Giao Thịnh	250
4216	Xã Giao Hải	250
4217	Xã Bạch Long	250
4218	Xã Giao Long	250
4219	Xã Giao Phong	250
4220	Thị trấn Yên Định	251
4221	Thị trấn Cồn	251
4222	Thị trấn Thịnh Long	251
4223	Xã Hải Nam	251
4224	Xã Hải Trung	251
4225	Xã Hải Minh	251
4226	Xã Hải Anh	251
4227	Xã Hải Hưng	251
4228	Xã Hải Long	251
4229	Xã Hải Đường	251
4230	Xã Hải Lộc	251
4231	Xã Hải Quang	251
4232	Xã Hải Đông	251
4233	Xã Hải Sơn	251
4234	Xã Hải Tân	251
4235	Xã Hải Phong	251
4236	Xã Hải An	251
4237	Xã Hải Tây	251
4238	Xã Hải Phú	251
4239	Xã Hải Giang	251
4240	Xã Hải Ninh	251
4241	Xã Hải Xuân	251
4242	Xã Hải Châu	251
4243	Xã Hải Hòa	251
4244	Phường Bắc Sơn	252
4245	Phường Trung Sơn	252
4246	Phường Nam Sơn	252
4247	Phường Tây Sơn	252
4248	Xã Yên Sơn	252
4249	Phường Yên Bình	252
4250	Phường Tân Bình	252
4251	Xã Quang Sơn	252
4252	Xã Đông Sơn	252
4253	Xã Xích Thổ	253
4254	Xã Gia Lâm	253
4255	Xã Gia Sơn	253
4256	Xã Thạch Bình	253
4257	Xã Gia Thủy	253
4258	Xã Gia Tường	253
4259	Xã Cúc Phương	253
4260	Xã Phú Sơn	253
4261	Xã Đức Long	253
4262	Xã Lạc Vân	253
4263	Xã Đồng Phong	253
4264	Xã Yên Quang	253
4265	Xã Thượng Hòa	253
4266	Thị trấn Nho Quan	253
4267	Xã Văn Phương	253
4268	Xã Thanh Sơn	253
4269	Xã Phúc Sơn	253
4270	Xã Văn Phú	253
4271	Xã Phú Lộc	253
4272	Xã Kỳ Phú	253
4273	Xã Quỳnh Lưu	253
4274	Xã Phú Long	253
4275	Xã Quảng Lạc	253
4276	Thị trấn Thịnh Vượng	254
4277	Xã Gia Hòa	254
4278	Xã Gia Hưng	254
4279	Xã Liên Sơn	254
4280	Xã Gia Thanh	254
4281	Xã Gia Vân	254
4282	Xã Gia Phú	254
4283	Xã Gia Xuân	254
4284	Xã Gia Lập	254
4285	Xã Gia Trấn	254
4286	Xã Gia Phương	254
4287	Xã Gia Tân	254
4288	Xã Tiến Thắng	254
4289	Xã Gia Trung	254
4290	Xã Gia Minh	254
4291	Xã Gia Lạc	254
4292	Xã Gia Sinh	254
4293	Xã Gia Phong	254
4294	Phường Đông Thành	255
4295	Phường Tân Thành	255
4296	Phường Vân Giang	255
4297	Phường Bích Đào	255
4298	Phường Nam Bình	255
4299	Phường Nam Thành	255
4300	Phường Ninh Khánh	255
4301	Xã Ninh Nhất	255
4302	Xã Ninh Tiến	255
4303	Phường Ninh Phúc	255
4304	Phường Ninh Sơn	255
4305	Phường Ninh Phong	255
4306	Phường Ninh Mỹ	255
4307	Phường Ninh Giang	255
4308	Xã Trường Yên	255
4309	Xã Ninh Khang	255
4310	Xã Ninh Hòa	255
4311	Xã Ninh Hải	255
4312	Xã Ninh Vân	255
4313	Xã Ninh An	255
4314	Thị trấn Yên Ninh	256
4315	Xã Khánh Thiện	256
4316	Xã Khánh Phú	256
4317	Xã Khánh Hòa	256
4318	Xã Khánh Lợi	256
4319	Xã Khánh An	256
4320	Xã Khánh Cường	256
4321	Xã Khánh Cư	256
4322	Xã Khánh Hải	256
4323	Xã Khánh Trung	256
4324	Xã Khánh Mậu	256
4325	Xã Khánh Vân	256
4326	Xã Khánh Hội	256
4327	Xã Khánh Công	256
4328	Xã Khánh Thành	256
4329	Xã Khánh Nhạc	256
4330	Xã Khánh Thủy	256
4331	Xã Khánh Hồng	256
4332	Thị trấn Phát Diệm	257
4333	Thị trấn Bình Minh	257
4334	Xã Hồi Ninh	257
4335	Xã Xuân Chính	257
4336	Xã Kim Định	257
4337	Xã Ân Hòa	257
4338	Xã Hùng Tiến	257
4339	Xã Quang Thiện	257
4340	Xã Như Hòa	257
4341	Xã Chất Bình	257
4342	Xã Đồng Hướng	257
4343	Xã Kim Chính	257
4344	Xã Thượng Kiệm	257
4345	Xã Tân Thành	257
4346	Xã Yên Lộc	257
4347	Xã Lai Thành	257
4348	Xã Định Hóa	257
4349	Xã Văn Hải	257
4350	Xã Kim Tân	257
4351	Xã Kim Mỹ	257
4352	Xã Cồn Thoi	257
4353	Xã Kim Trung	257
4354	Xã Kim Đông	257
4355	Thị trấn Yên Thịnh	258
4356	Xã Khánh Thượng	258
4357	Xã Khánh Dương	258
4358	Xã Yên Phong	258
4359	Xã Yên Hòa	258
4360	Xã Yên Thắng	258
4361	Xã Yên Từ	258
4362	Xã Yên Thành	258
4363	Xã Yên Nhân	258
4364	Xã Yên Mỹ	258
4365	Xã Yên Mạc	258
4366	Xã Yên Đồng	258
4367	Xã Yên Thái	258
4368	Xã Yên Lâm	258
4369	Phường Hàm Rồng	259
4370	Phường Đông Thọ	259
4371	Phường Nam Ngạn	259
4372	Phường Trường Thi	259
4373	Phường Điện Biên	259
4374	Phường Phú Sơn	259
4375	Phường Lam Sơn	259
4376	Phường Ba Đình	259
4377	Phường Ngọc Trạo	259
4378	Phường Đông Vệ	259
4379	Phường Đông Sơn	259
4380	Phường Đông Cương	259
4381	Phường Đông Hương	259
4382	Phường Đông Hải	259
4383	Phường Quảng Hưng	259
4384	Phường Quảng Thắng	259
4385	Phường Quảng Thành	259
4386	Xã Thiệu Vân	259
4387	Phường Thiệu Khánh	259
4388	Phường Thiệu Dương	259
4389	Phường Tào Xuyên	259
4390	Phường Long Anh	259
4391	Phường Hoằng Quang	259
4392	Phường Hoằng Đại	259
4393	Phường Rừng Thông	259
4394	Xã Đông Hoàng	259
4395	Xã Đông Ninh	259
4396	Xã Đông Khê	259
4397	Xã Đông Hòa	259
4398	Xã Đông Yên	259
4399	Phường Đông Lĩnh	259
4400	Xã Đông Minh	259
4401	Xã Đông Thanh	259
4402	Xã Đông Tiến	259
4403	Xã Đông Khê	259
4404	Xã Đông Xuân	259
4405	Phường Đông Thịnh	259
4406	Xã Đông Văn	259
4407	Xã Đông Phú	259
4408	Xã Đông Nam	259
4409	Xã Đông Quang	259
4410	Xã Đông Vinh	259
4411	Phường Đông Tân	259
4412	Phường An Hưng	259
4413	Phường Quảng Thịnh	259
4414	Phường Quảng Đông	259
4415	Phường Quảng Cát	259
4416	Phường Quảng Phú	259
4417	Phường Quảng Tâm	259
4418	Phường Bắc Sơn	260
4419	Phường Ba Đình	260
4420	Phường Lam Sơn	260
4421	Phường Ngọc Trạo	260
4422	Phường Đông Sơn	260
4423	Phường Phú Sơn	260
4424	Xã Quang Trung	260
4425	Phường Trung Sơn	261
4426	Phường Bắc Sơn	261
4427	Phường Trường Sơn	261
4428	Phường Quảng Cư	261
4429	Phường Quảng Tiến	261
4430	Xã Quảng Minh	261
4431	Xã Đại Hùng	261
4432	Phường Quảng Thọ	261
4433	Phường Quảng Châu	261
4434	Phường Quảng Vinh	261
4435	Thị trấn Mường Lát	262
4436	Xã Tam Chung	262
4437	Xã Mường Lý	262
4438	Xã Trung Lý	262
4439	Xã Quang Chiểu	262
4440	Xã Pù Nhi	262
4441	Xã Nhi Sơn	262
4442	Xã Mường Chanh	262
4443	Thị trấn Hồi Xuân	263
4444	Xã Thành Sơn	263
4445	Xã Trung Sơn	263
4446	Xã Phú Thanh	263
4447	Xã Trung Thành	263
4448	Xã Phú Lệ	263
4449	Xã Phú Sơn	263
4450	Xã Phú Xuân	263
4451	Xã Hiền Chung	263
4452	Xã Hiền Kiệt	263
4453	Xã Nam Tiến	263
4454	Xã Thiên Phủ	263
4455	Xã Phú Nghiêm	263
4456	Xã Nam Xuân	263
4457	Xã Nam Động	263
4458	Thị trấn Cành Nàng	264
4459	Xã Điền Thượng	264
4460	Xã Điền Hạ	264
4461	Xã Điền Quang	264
4462	Xã Điền Trung	264
4463	Xã Thành Sơn	264
4464	Xã Lương Ngoại	264
4465	Xã Ái Thượng	264
4466	Xã Lương Nội	264
4467	Xã Điền Lư	264
4468	Xã Lương Trung	264
4469	Xã Lũng Niêm	264
4470	Xã Lũng Cao	264
4471	Xã Hạ Trung	264
4472	Xã Cổ Lũng	264
4473	Xã Thành Lâm	264
4474	Xã Ban Công	264
4475	Xã Kỳ Tân	264
4476	Xã Văn Nho	264
4477	Xã Thiết Ống	264
4478	Xã Thiết Kế	264
4479	Xã Trung Xuân	265
4480	Xã Trung Thượng	265
4481	Xã Trung Tiến	265
4482	Xã Trung Hạ	265
4483	Xã Sơn Hà	265
4484	Xã Tam Thanh	265
4485	Xã Sơn Thủy	265
4486	Xã Na Mèo	265
4487	Thị trấn Sơn Lư	265
4488	Xã Tam Lư	265
4489	Xã Sơn Điện	265
4490	Xã Mường Mìn	265
4491	Xã Yên Khương	266
4492	Xã Yên Thắng	266
4493	Xã Trí Nang	266
4494	Xã Giao An	266
4495	Xã Giao Thiện	266
4496	Xã Tân Phúc	266
4497	Xã Tam Văn	266
4498	Xã Lâm Phú	266
4499	Thị trấn Lang Chánh	266
4500	Xã Đồng Lương	266
4501	Thị trấn Ngọc Lặc	267
4502	Xã Lam Sơn	267
4503	Xã Mỹ Tân	267
4504	Xã Thúy Sơn	267
4505	Xã Thạch Lập	267
4506	Xã Vân Âm	267
4507	Xã Cao Ngọc	267
4508	Xã Quang Trung	267
4509	Xã Đồng Thịnh	267
4510	Xã Ngọc Liên	267
4511	Xã Ngọc Sơn	267
4512	Xã Lộc Thịnh	267
4513	Xã Cao Thịnh	267
4514	Xã Ngọc Trung	267
4515	Xã Phùng Giáo	267
4516	Xã Phùng Minh	267
4517	Xã Phúc Thịnh	267
4518	Xã Nguyệt Ấn	267
4519	Xã Kiên Thọ	267
4520	Xã Minh Tiến	267
4521	Xã Minh Sơn	267
4522	Thị trấn Phong Sơn	268
4523	Xã Cẩm Thành	268
4524	Xã Cẩm Quý	268
4525	Xã Cẩm Lương	268
4526	Xã Cẩm Thạch	268
4527	Xã Cẩm Liên	268
4528	Xã Cẩm Giang	268
4529	Xã Cẩm Bình	268
4530	Xã Cẩm Tú	268
4531	Xã Cẩm Châu	268
4532	Xã Cẩm Tâm	268
4533	Xã Cẩm Ngọc	268
4534	Xã Cẩm Long	268
4535	Xã Cẩm Yên	268
4536	Xã Cẩm Tân	268
4537	Xã Cẩm Phú	268
4538	Xã Cẩm Vân	268
4539	Thị trấn Kim Tân	269
4540	Thị trấn Vân Du	269
4541	Xã Thạch Lâm	269
4542	Xã Thạch Quảng	269
4543	Xã Thạch Tượng	269
4544	Xã Thạch Cẩm	269
4545	Xã Thạch Sơn	269
4546	Xã Thạch Bình	269
4547	Xã Thạch Định	269
4548	Xã Thạch Long	269
4549	Xã Thành Mỹ	269
4550	Xã Thành Yên	269
4551	Xã Thành Vinh	269
4552	Xã Thành Minh	269
4553	Xã Thành Công	269
4554	Xã Thành Tân	269
4555	Xã Thành Trực	269
4556	Xã Thành Tâm	269
4557	Xã Thành An	269
4558	Xã Thành Thọ	269
4559	Xã Thành Tiến	269
4560	Xã Thành Long	269
4561	Xã Thành Hưng	269
4562	Xã Ngọc Trạo	269
4563	Thị trấn Hà Trung	270
4564	Thị trấn Hà Long	270
4565	Xã Hà Vinh	270
4566	Xã Hà Bắc	270
4567	Xã Hoạt Giang	270
4568	Xã Yên Dương	270
4569	Xã Hà Giang	270
4570	Xã Lĩnh Toại	270
4571	Xã Hà Ngọc	270
4572	Xã Yến Sơn	270
4573	Xã Hà Sơn	270
4574	Thị trấn Hà Lĩnh	270
4575	Xã Hà Đông	270
4576	Xã Hà Tân	270
4577	Xã Hà Tiến	270
4578	Xã Hà Bình	270
4579	Xã Thái Lai	270
4580	Xã Hà Châu	270
4581	Xã Hà Hải	270
4582	Thị trấn Vĩnh Lộc	271
4583	Xã Vĩnh Quang	271
4584	Xã Vĩnh Yên	271
4585	Xã Vĩnh Tiến	271
4586	Xã Vĩnh Long	271
4587	Xã Vĩnh Phúc	271
4588	Xã Vĩnh Hưng	271
4589	Xã Vĩnh Hòa	271
4590	Xã Vĩnh Hùng	271
4591	Xã Minh Tân	271
4592	Xã Ninh Khang	271
4593	Xã Vĩnh Thịnh	271
4594	Xã Vĩnh An	271
4595	Thị trấn Thống Nhất	272
4596	Thị trấn Yên Lâm	272
4597	Xã Yên Tâm	272
4598	Xã Yên Phú	272
4599	Thị trấn Quý Lộc	272
4600	Xã Yên Thọ	272
4601	Xã Yên Trung	272
4602	Xã Yên Trường	272
4603	Xã Yên Phong	272
4604	Xã Yên Thái	272
4605	Xã Yên Hùng	272
4606	Xã Yên Thịnh	272
4607	Xã Yên Ninh	272
4608	Xã Định Tăng	272
4609	Xã Định Hòa	272
4610	Xã Định Thành	272
4611	Xã Định Công	272
4612	Xã Định Tân	272
4613	Xã Định Tiến	272
4614	Xã Định Long	272
4615	Xã Định Liên	272
4616	Thị trấn Quán Lào	272
4617	Xã Định Hưng	272
4618	Xã Định Hải	272
4619	Xã Định Bình	272
4620	Xã Xuân Hồng	273
4621	Thị trấn Thọ Xuân	273
4622	Xã Bắc Lương	273
4623	Xã Nam Giang	273
4624	Xã Xuân Phong	273
4625	Xã Thọ Lộc	273
4626	Xã Xuân Trường	273
4627	Xã Xuân Hòa	273
4628	Xã Thọ Hải	273
4629	Xã Tây Hồ	273
4630	Xã Xuân Giang	273
4631	Xã Xuân Sinh	273
4632	Xã Xuân Hưng	273
4633	Xã Thọ Diên	273
4634	Xã Thọ Lâm	273
4635	Xã Thọ Xương	273
4636	Xã Xuân Bái	273
4637	Xã Xuân Phú	273
4638	Thị trấn Sao Vàng	273
4639	Thị trấn Lam Sơn	273
4640	Xã Xuân Thiên	273
4641	Xã Thuận Minh	273
4642	Xã Thọ Lập	273
4643	Xã Quảng Phú	273
4644	Xã Xuân Tín	273
4645	Xã Phú Xuân	273
4646	Xã Xuân Lai	273
4647	Xã Xuân Lập	273
4648	Xã Xuân Minh	273
4649	Xã Trường Xuân	273
4650	Xã Bát Mọt	274
4651	Xã Yên Nhân	274
4652	Xã Xuân Lẹ	274
4653	Xã Vạn Xuân	274
4654	Xã Lương Sơn	274
4655	Xã Xuân Cao	274
4656	Xã Luận Thành	274
4657	Xã Luận Khê	274
4658	Xã Xuân Thắng	274
4659	Xã Xuân Lộc	274
4660	Thị trấn Thường Xuân	274
4661	Xã Xuân Dương	274
4662	Xã Thọ Thanh	274
4663	Xã Ngọc Phụng	274
4664	Xã Xuân Chinh	274
4665	Xã Tân Thành	274
4666	Thị trấn Triệu Sơn	275
4667	Xã Thọ Sơn	275
4668	Xã Thọ Bình	275
4669	Xã Thọ Tiến	275
4670	Xã Hợp Lý	275
4671	Xã Hợp Tiến	275
4672	Xã Hợp Thành	275
4673	Xã Triệu Thành	275
4674	Xã Hợp Thắng	275
4675	Xã Minh Sơn	275
4676	Xã Dân Lực	275
4677	Xã Dân Lý	275
4678	Xã Dân Quyền	275
4679	Xã An Nông	275
4680	Xã Văn Sơn	275
4681	Xã Thái Hòa	275
4682	Thị trấn Nưa	275
4683	Xã Đồng Lợi	275
4684	Xã Đồng Tiến	275
4685	Xã Đồng Thắng	275
4686	Xã Tiến Nông	275
4687	Xã Khuyến Nông	275
4688	Xã Xuân Lộc	275
4689	Xã Thọ Dân	275
4690	Xã Xuân Thọ	275
4691	Xã Thọ Tân	275
4692	Xã Thọ Ngọc	275
4693	Xã Thọ Cường	275
4694	Xã Thọ Phú	275
4695	Xã Thọ Thế	275
4696	Xã Nông Trường	275
4697	Xã Bình Sơn	275
4698	Thị trấn Thiệu Hóa	276
4699	Xã Thiệu Ngọc	276
4700	Xã Thiệu Vũ	276
4701	Xã Thiệu Phúc	276
4702	Xã Thiệu Tiến	276
4703	Xã Thiệu Công	276
4704	Xã Thiệu Long	276
4705	Xã Thiệu Giang	276
4706	Xã Thiệu Duy	276
4707	Xã Thiệu Nguyên	276
4708	Xã Thiệu Hợp	276
4709	Xã Thiệu Thịnh	276
4710	Xã Thiệu Quang	276
4711	Xã Thiệu Thành	276
4712	Xã Thiệu Toán	276
4713	Xã Thiệu Chính	276
4714	Xã Thiệu Hòa	276
4715	Thị trấn Hậu Hiền	276
4716	Xã Thiệu Viên	276
4717	Xã Thiệu Lý	276
4718	Xã Thiệu Vận	276
4719	Xã Thiệu Trung	276
4720	Xã Tân Châu	276
4721	Xã Thiệu Giao	276
4722	Thị trấn Bút Sơn	277
4723	Xã Hoằng Xuân	277
4724	Xã Hoằng Giang	277
4725	Xã Hoằng Phú	277
4726	Xã Hoằng Quỳ	277
4727	Xã Hoằng Kim	277
4728	Xã Hoằng Trung	277
4729	Xã Hoằng Trinh	277
4730	Xã Hoằng Sơn	277
4731	Xã Hoằng Cát	277
4732	Xã Hoằng Xuyên	277
4733	Xã Hoằng Quý	277
4734	Xã Hoằng Hợp	277
4735	Xã Hoằng Đức	277
4736	Xã Hoằng Hà	277
4737	Xã Hoằng Đạt	277
4738	Xã Hoằng Đạo	277
4739	Xã Hoằng Thắng	277
4740	Xã Hoằng Đồng	277
4741	Xã Hoằng Thái	277
4742	Xã Hoằng Thịnh	277
4743	Xã Hoằng Thành	277
4744	Xã Hoằng Lộc	277
4745	Xã Hoằng Trạch	277
4746	Xã Hoằng Phong	277
4747	Xã Hoằng Lưu	277
4748	Xã Hoằng Châu	277
4749	Xã Hoằng Tân	277
4750	Xã Hoằng Yến	277
4751	Xã Hoằng Tiến	277
4752	Xã Hoằng Hải	277
4753	Xã Hoằng Ngọc	277
4754	Xã Hoằng Đông	277
4755	Xã Hoằng Thanh	277
4756	Xã Hoằng Phụ	277
4757	Xã Hoằng Trường	277
4758	Thị trấn Hậu Lộc	278
4759	Xã Đồng Lộc	278
4760	Xã Đại Lộc	278
4761	Xã Triệu Lộc	278
4762	Xã Tiến Lộc	278
4763	Xã Lộc Sơn	278
4764	Xã Cầu Lộc	278
4765	Xã Thành Lộc	278
4766	Xã Tuy Lộc	278
4767	Xã Mỹ Lộc	278
4768	Xã Thuần Lộc	278
4769	Xã Xuân Lộc	278
4770	Xã Hoa Lộc	278
4771	Xã Liên Lộc	278
4772	Xã Quang Lộc	278
4773	Xã Phú Lộc	278
4774	Xã Hòa Lộc	278
4775	Xã Minh Lộc	278
4776	Xã Hưng Lộc	278
4777	Xã Hải Lộc	278
4778	Xã Đa Lộc	278
4779	Xã Ngư Lộc	278
4780	Thị trấn Nga Sơn	279
4781	Xã Ba Đình	279
4782	Xã Nga Vịnh	279
4783	Xã Nga Văn	279
4784	Xã Nga Thiện	279
4785	Xã Nga Tiến	279
4786	Xã Nga Phượng	279
4787	Xã Nga Hiệp	279
4788	Xã Nga Thanh	279
4789	Xã Nga Yên	279
4790	Xã Nga Giáp	279
4791	Xã Nga Hải	279
4792	Xã Nga Thành	279
4793	Xã Nga An	279
4794	Xã Nga Phú	279
4795	Xã Nga Điền	279
4796	Xã Nga Tân	279
4797	Xã Nga Thủy	279
4798	Xã Nga Liên	279
4799	Xã Nga Thái	279
4800	Xã Nga Thạch	279
4801	Xã Nga Thắng	279
4802	Xã Nga Trường	279
4803	Thị trấn Yên Cát	280
4804	Xã Bãi Trành	280
4805	Xã Xuân Hòa	280
4806	Xã Xuân Bình	280
4807	Xã Hóa Quỳ	280
4808	Xã Cát Vân	280
4809	Xã Cát Tân	280
4810	Xã Tân Bình	280
4811	Xã Bình Lương	280
4812	Xã Thanh Quân	280
4813	Xã Thanh Xuân	280
4814	Xã Thanh Hòa	280
4815	Xã Thanh Phong	280
4816	Xã Thanh Lâm	280
4817	Xã Thanh Sơn	280
4818	Xã Thượng Ninh	280
4819	Thị trấn Bến Sung	281
4820	Xã Cán Khê	281
4821	Xã Xuân Du	281
4822	Xã Phượng Nghi	281
4823	Xã Mậu Lâm	281
4824	Xã Xuân Khang	281
4825	Xã Phú Nhuận	281
4826	Xã Hải Long	281
4827	Xã Xuân Thái	281
4828	Xã Xuân Phúc	281
4829	Xã Yên Thọ	281
4830	Xã Yên Lạc	281
4831	Xã Thanh Tân	281
4832	Xã Thanh Kỳ	281
4833	Thị trấn Nông Cống	282
4834	Xã Tân Phúc	282
4835	Xã Tân Thọ	282
4836	Xã Hoàng Sơn	282
4837	Xã Tân Khang	282
4838	Xã Hoàng Giang	282
4839	Xã Trung Chính	282
4840	Xã Trung Thành	282
4841	Xã Tế Thắng	282
4842	Xã Tế Lợi	282
4843	Xã Tế Nông	282
4844	Xã Minh Nghĩa	282
4845	Xã Minh Khôi	282
4846	Xã Vạn Hòa	282
4847	Xã Trường Trung	282
4848	Xã Vạn Thắng	282
4849	Xã Trường Giang	282
4850	Xã Vạn Thiện	282
4851	Xã Thăng Long	282
4852	Xã Trường Minh	282
4853	Xã Trường Sơn	282
4854	Xã Thăng Bình	282
4855	Xã Công Liêm	282
4856	Xã Tượng Văn	282
4857	Xã Thăng Thọ	282
4858	Xã Tượng Lĩnh	282
4859	Xã Tượng Sơn	282
4860	Xã Công Chính	282
4861	Xã Yên Mỹ	282
4862	Thị trấn Tân Phong	283
4863	Xã Quảng Trạch	283
4864	Xã Quảng Đức	283
4865	Xã Quảng Định	283
4866	Xã Quảng Nhân	283
4867	Xã Quảng Ninh	283
4868	Xã Quảng Bình	283
4869	Xã Quảng Hợp	283
4870	Xã Quảng Văn	283
4871	Xã Quảng Long	283
4872	Xã Quảng Yên	283
4873	Xã Quảng Hòa	283
4874	Xã Quảng Khê	283
4875	Xã Quảng Trung	283
4876	Xã Quảng Chính	283
4877	Xã Quảng Ngọc	283
4878	Xã Quảng Trường	283
4879	Xã Quảng Phúc	283
4880	Xã Quảng Giao	283
4881	Xã Quảng Hải	283
4882	Xã Quảng Lưu	283
4883	Xã Quảng Lộc	283
4884	Xã Tiên Trang	283
4885	Xã Quảng Nham	283
4886	Xã Quảng Thạch	283
4887	Xã Quảng Thái	283
4888	Phường Hải Hòa	284
4889	Phường Hải Châu	284
4890	Xã Thanh Thủy	284
4891	Xã Thanh Sơn	284
4892	Phường Hải Ninh	284
4893	Xã Anh Sơn	284
4894	Xã Ngọc Lĩnh	284
4895	Phường Hải An	284
4896	Xã Các Sơn	284
4897	Phường Tân Dân	284
4898	Phường Hải Lĩnh	284
4899	Xã Định Hải	284
4900	Xã Phú Sơn	284
4901	Phường Ninh Hải	284
4902	Phường Nguyên Bình	284
4903	Xã Hải Nhân	284
4904	Phường Bình Minh	284
4905	Phường Hải Thanh	284
4906	Xã Phú Lâm	284
4907	Phường Xuân Lâm	284
4908	Phường Trúc Lâm	284
4909	Phường Hải Bình	284
4910	Xã Tân Trường	284
4911	Xã Tùng Lâm	284
4912	Phường Tĩnh Hải	284
4913	Phường Mai Lâm	284
4914	Xã Trường Lâm	284
4915	Phường Hải Thượng	284
4916	Xã Nghi Sơn	284
4917	Xã Hải Hà	284
4918	Phường Đông Vĩnh	285
4919	Phường Hà Huy Tập	285
4920	Phường Lê Lợi	285
4921	Phường Quán Bàu	285
4922	Phường Hưng Bình	285
4923	Phường Hưng Phúc	285
4924	Phường Hưng Dũng	285
4925	Phường Cửa Nam	285
4926	Phường Quang Trung	285
4927	Phường Trường Thi	285
4928	Phường Bến Thủy	285
4929	Phường Trung Đô	285
4930	Phường Nghi Phú	285
4931	Phường Hưng Đông	285
4932	Phường Hưng Lộc	285
4933	Xã Hưng Hòa	285
4934	Phường Vinh Tân	285
4935	Phường Nghi Thuỷ	285
4936	Phường Nghi Tân	285
4937	Phường Thu Thuỷ	285
4938	Phường Nghi Hòa	285
4939	Phường Nghi Hải	285
4940	Phường Nghi Hương	285
4941	Phường Nghi Thu	285
4942	Xã Nghi Phong	285
4943	Xã Nghi Xuân	285
4944	Xã Nghi Liên	285
4945	Xã Nghi Ân	285
4946	Xã Phúc Thọ	285
4947	Xã Nghi Kim	285
4948	Phường Nghi Đức	285
4949	Xã Nghi Thái	285
4950	Xã Hưng Chính	285
4951	Phường Hoà Hiếu	286
4952	Phường Quang Phong	286
4953	Phường Quang Tiến	286
4954	Phường Long Sơn	286
4955	Xã Nghĩa Tiến	286
4956	Xã Nghĩa Mỹ	286
4957	Xã Tây Hiếu	286
4958	Xã Nghĩa Thuận	286
4959	Xã Đông Hiếu	286
4960	Thị trấn Kim Sơn	287
4961	Xã Thông Thụ	287
4962	Xã Đồng Văn	287
4963	Xã Hạnh Dịch	287
4964	Xã Tiền Phong	287
4965	Xã Nậm Giải	287
4966	Xã Tri Lễ	287
4967	Xã Châu Kim	287
4968	Xã Mường Nọc	287
4969	Xã Châu Thôn	287
4970	Xã Nậm Nhoóng	287
4971	Xã Quang Phong	287
4972	Xã Căm Muộn	287
4973	Thị trấn Tân Lạc	288
4974	Xã Châu Bính	288
4975	Xã Châu Thuận	288
4976	Xã Châu Hội	288
4977	Xã Châu Nga	288
4978	Xã Châu Tiến	288
4979	Xã Châu Hạnh	288
4980	Xã Châu Thắng	288
4981	Xã Châu Phong	288
4982	Xã Châu Bình	288
4983	Xã Châu Hoàn	288
4984	Xã Diên Lãm	288
4985	Thị trấn Mường Xén	289
4986	Xã Mỹ Lý	289
4987	Xã Bắc Lý	289
4988	Xã Keng Đu	289
4989	Xã Đoọc Mạy	289
4990	Xã Huồi Tụ	289
4991	Xã Mường Lống	289
4992	Xã Na Loi	289
4993	Xã Nậm Cắn	289
4994	Xã Bảo Nam	289
4995	Xã Phà Đánh	289
4996	Xã Bảo Thắng	289
4997	Xã Hữu Lập	289
4998	Xã Tà Cạ	289
4999	Xã Chiêu Lưu	289
5000	Xã Mường Típ	289
5001	Xã Hữu Kiệm	289
5002	Xã Tây Sơn	289
5003	Xã Mường Ải	289
5004	Xã Na Ngoi	289
5005	Xã Nậm Càn	289
5006	Thị trấn Thạch Giám	290
5007	Xã Mai Sơn	290
5008	Xã Nhôn Mai	290
5009	Xã Hữu Khuông	290
5010	Xã Yên Tĩnh	290
5011	Xã Nga My	290
5012	Xã Xiêng My	290
5013	Xã Lưỡng Minh	290
5014	Xã Yên Hòa	290
5015	Xã Yên Na	290
5016	Xã Lưu Kiền	290
5017	Xã Xá Lượng	290
5018	Xã Tam Thái	290
5019	Xã Tam Đình	290
5020	Xã Yên Thắng	290
5021	Xã Tam Quang	290
5022	Xã Tam Hợp	290
5023	Thị trấn Nghĩa Đàn	291
5024	Xã Nghĩa Mai	291
5025	Xã Nghĩa Yên	291
5026	Xã Nghĩa Lạc	291
5027	Xã Nghĩa Lâm	291
5028	Xã Nghĩa Sơn	291
5029	Xã Nghĩa Lợi	291
5030	Xã Nghĩa Bình	291
5031	Xã Nghĩa Minh	291
5032	Xã Nghĩa Thọ	291
5033	Xã Nghĩa Hưng	291
5034	Xã Nghĩa Hồng	291
5035	Xã Nghĩa Trung	291
5036	Xã Nghĩa Hội	291
5037	Xã Nghĩa Thành	291
5038	Xã Nghĩa Đức	291
5039	Xã Nghĩa An	291
5040	Xã Nghĩa Long	291
5041	Xã Nghĩa Lộc	291
5042	Xã Nghĩa Khánh	291
5043	Thị trấn Quỳ Hợp	292
5044	Xã Yên Hợp	292
5045	Xã Châu Tiến	292
5046	Xã Châu Hồng	292
5047	Xã Đồng Hợp	292
5048	Xã Châu Thành	292
5049	Xã Liên Hợp	292
5050	Xã Châu Lộc	292
5051	Xã Tam Hợp	292
5052	Xã Châu Cường	292
5053	Xã Châu Quang	292
5054	Xã Thọ Hợp	292
5055	Xã Minh Hợp	292
5056	Xã Nghĩa Xuân	292
5057	Xã Châu Thái	292
5058	Xã Châu Đình	292
5059	Xã Văn Lợi	292
5060	Xã Nam Sơn	292
5061	Xã Châu Lý	292
5062	Xã Hạ Sơn	292
5063	Xã Bắc Sơn	292
5064	Xã Quỳnh Thắng	293
5065	Xã Quỳnh Tân	293
5066	Xã Quỳnh Châu	293
5067	Xã Tân Sơn	293
5068	Xã Quỳnh Văn	293
5069	Xã Ngọc Sơn	293
5070	Xã Quỳnh Tam	293
5071	Xã Quỳnh Sơn	293
5072	Xã Quỳnh Thạch	293
5073	Xã Quỳnh Bảng	293
5074	Xã Quỳnh Thanh	293
5075	Xã Quỳnh Hậu	293
5076	Xã Quỳnh Lâm	293
5077	Xã Quỳnh Đôi	293
5078	Xã Minh Lương	293
5079	Thị trấn Cầu Giát	293
5080	Xã Quỳnh Yên	293
5081	Xã Bình Sơn	293
5082	Xã Quỳnh Diễn	293
5083	Xã Quỳnh Giang	293
5084	Xã An Hòa	293
5085	Xã Phú Nghĩa	293
5086	Xã Văn Hải	293
5087	Xã Thuận Long	293
5088	Xã Tân Thắng	293
5089	Xã Bình Chuẩn	294
5090	Xã Lạng Khê	294
5091	Xã Cam Lâm	294
5092	Xã Thạch Ngàn	294
5093	Xã Đôn Phục	294
5094	Xã Mậu Đức	294
5095	Xã Châu Khê	294
5096	Xã Chi Khê	294
5097	Thị trấn Trà Lân	294
5098	Xã Yên Khê	294
5099	Xã Lục Dạ	294
5100	Xã Môn Sơn	294
5101	Thị trấn Tân Kỳ	295
5102	Xã Tân Hợp	295
5103	Xã Tân Phú	295
5104	Xã Tân Xuân	295
5105	Xã Giai Xuân	295
5106	Xã Bình Hợp	295
5107	Xã Nghĩa Đồng	295
5108	Xã Đồng Văn	295
5109	Xã Nghĩa Thái	295
5110	Xã Hoàn Long	295
5111	Xã Nghĩa Phúc	295
5112	Xã Tiên Kỳ	295
5113	Xã Tân An	295
5114	Xã Nghĩa Dũng	295
5115	Xã Kỳ Sơn	295
5116	Xã Hương Sơn	295
5117	Xã Kỳ Tân	295
5118	Xã Phú Sơn	295
5119	Xã Tân Hương	295
5120	Xã Nghĩa Hành	295
5121	Thị trấn Kim Nhan	296
5122	Xã Thọ Sơn	296
5123	Xã Thành Sơn	296
5124	Xã Bình Sơn	296
5125	Xã Tam Đỉnh	296
5126	Xã Hùng Sơn	296
5127	Xã Cẩm Sơn	296
5128	Xã Đức Sơn	296
5129	Xã Tường Sơn	296
5130	Xã Hoa Sơn	296
5131	Xã Tào Sơn	296
5132	Xã Vĩnh Sơn	296
5133	Xã Lạng Sơn	296
5134	Xã Hội Sơn	296
5135	Xã Phúc Sơn	296
5136	Xã Long Sơn	296
5137	Xã Khai Sơn	296
5138	Xã Lĩnh Sơn	296
5139	Xã Cao Sơn	296
5140	Xã Diễn Lâm	297
5141	Xã Diễn Đoài	297
5142	Xã Diễn Trường	297
5143	Xã Diễn Yên	297
5144	Xã Diễn Hoàng	297
5145	Xã Diễn Mỹ	297
5146	Xã Diễn Hồng	297
5147	Xã Diễn Phong	297
5148	Xã Hùng Hải	297
5149	Xã Diễn Liên	297
5150	Xã Diễn Vạn	297
5151	Xã Diễn Kim	297
5152	Xã Diễn Kỷ	297
5153	Xã Xuân Tháp	297
5154	Xã Diễn Thái	297
5155	Xã Diễn Đồng	297
5156	Xã Hạnh Quảng	297
5157	Xã Ngọc Bích	297
5158	Xã Diễn Nguyên	297
5159	Xã Diễn Hoa	297
5160	Thị trấn Diễn Thành	297
5161	Xã Diễn Phúc	297
5162	Xã Diễn Cát	297
5163	Xã Diễn Thịnh	297
5164	Xã Diễn Tân	297
5165	Xã Minh Châu	297
5166	Xã Diễn Thọ	297
5167	Xã Diễn Lợi	297
5168	Xã Diễn Lộc	297
5169	Xã Diễn Trung	297
5170	Xã Diễn An	297
5171	Xã Diễn Phú	297
5172	Thị trấn Hoa Thành	298
5173	Xã Mã Thành	298
5174	Xã Tiến Thành	298
5175	Xã Lăng Thành	298
5176	Xã Tân Thành	298
5177	Xã Đức Thành	298
5178	Xã Kim Thành	298
5179	Xã Hậu Thành	298
5180	Xã Đô Thành	298
5181	Xã Thọ Thành	298
5182	Xã Quang Thành	298
5183	Xã Tây Thành	298
5184	Xã Phúc Thành	298
5185	Xã Phú Thành	298
5186	Xã Đồng Thành	298
5187	Xã Tăng Thành	298
5188	Xã Văn Thành	298
5189	Xã Thịnh Thành	298
5190	Xã Xuân Thành	298
5191	Xã Bắc Thành	298
5192	Xã Đông Thành	298
5193	Xã Trung Thành	298
5194	Xã Long Thành	298
5195	Xã Minh Thành	298
5196	Xã Nam Thành	298
5197	Xã Vĩnh Thành	298
5198	Xã Viên Thành	298
5199	Xã Liên Thành	298
5200	Xã Bảo Thành	298
5201	Xã Mỹ Thành	298
5202	Xã Vân Tụ	298
5203	Xã Sơn Thành	298
5204	Thị trấn Đô Lương	299
5205	Xã Giang Sơn Đông	299
5206	Xã Giang Sơn Tây	299
5207	Xã Bạch Ngọc	299
5208	Xã Bồi Sơn	299
5209	Xã Hồng Sơn	299
5210	Xã Bài Sơn	299
5211	Xã Bắc Sơn	299
5212	Xã Tràng Sơn	299
5213	Xã Thượng Sơn	299
5214	Xã Hòa Sơn	299
5215	Xã Đặng Sơn	299
5216	Xã Đông Sơn	299
5217	Xã Nam Sơn	299
5218	Xã Lưu Sơn	299
5219	Xã Yên Sơn	299
5220	Xã Văn Sơn	299
5221	Xã Đà Sơn	299
5222	Xã Lạc Sơn	299
5223	Xã Tân Sơn	299
5224	Xã Thái Sơn	299
5225	Xã Quang Sơn	299
5226	Xã Thịnh Sơn	299
5227	Xã Trung Sơn	299
5228	Xã Xuân Sơn	299
5229	Xã Minh Sơn	299
5230	Xã Thuận Sơn	299
5231	Xã Nhân Sơn	299
5232	Xã Hiến Sơn	299
5233	Xã Mỹ Sơn	299
5234	Xã Trù Sơn	299
5235	Xã Đại Sơn	299
5236	Thị trấn Dùng	300
5237	Xã Cát Văn	300
5238	Xã Minh Sơn	300
5239	Xã Hạnh Lâm	300
5240	Xã Thanh Sơn	300
5241	Xã Phong Thịnh	300
5242	Xã Thanh Phong	300
5243	Xã Thanh Mỹ	300
5244	Xã Thanh Tiên	300
5245	Xã Thanh Liên	300
5246	Xã Đại Đồng	300
5247	Xã Thanh Ngọc	300
5248	Xã Thanh Hương	300
5249	Xã Ngọc Lâm	300
5250	Xã Đồng Văn	300
5251	Xã Ngọc Sơn	300
5252	Xã Thanh Thịnh	300
5253	Xã Thanh An	300
5254	Xã Thanh Quả	300
5255	Xã Xuân Dương	300
5256	Xã Minh Tiến	300
5257	Xã Kim Bảng	300
5258	Xã Thanh Thủy	300
5259	Xã Thanh Hà	300
5260	Xã Thanh Tùng	300
5261	Xã Thanh Lâm	300
5262	Xã Mai Giang	300
5263	Xã Thanh Xuân	300
5264	Xã Thanh Đức	300
5265	Thị trấn Quán Hành	301
5266	Xã Nghi Văn	301
5267	Xã Nghi Yên	301
5268	Xã Nghi Tiến	301
5269	Xã Nghi Hưng	301
5270	Xã Nghi Đồng	301
5271	Xã Nghi Thiết	301
5272	Xã Nghi Lâm	301
5273	Xã Nghi Quang	301
5274	Xã Nghi Kiều	301
5275	Xã Nghi Mỹ	301
5276	Xã Nghi Phương	301
5277	Xã Nghi Thuận	301
5278	Xã Nghi Long	301
5279	Xã Nghi Xá	301
5280	Xã Khánh Hợp	301
5281	Xã Nghi Công Bắc	301
5282	Xã Nghi Công Nam	301
5283	Xã Nghi Thạch	301
5284	Xã Nghi Trung	301
5285	Xã Thịnh Trường	301
5286	Xã Diên Hoa	301
5287	Xã Nghi Vạn	301
5288	Xã Nam Hưng	302
5289	Xã Nghĩa Thái	302
5290	Xã Nam Thanh	302
5291	Xã Nam Anh	302
5292	Xã Nam Xuân	302
5293	Thị trấn Nam Đàn	302
5294	Xã Nam Lĩnh	302
5295	Xã Nam Giang	302
5296	Xã Xuân Hòa	302
5297	Xã Hùng Tiến	302
5298	Xã Thượng Tân Lộc	302
5299	Xã Kim Liên	302
5300	Xã Xuân Hồng	302
5301	Xã Nam Cát	302
5302	Xã Khánh Sơn	302
5303	Xã Trung Phúc Cường	302
5304	Xã Nam Kim	302
5305	Thị trấn Hưng Nguyên	303
5306	Xã Hưng Trung	303
5307	Xã Hưng Yên	303
5308	Xã Hưng Yên Bắc	303
5309	Xã Hưng Tây	303
5310	Xã Hưng Đạo	303
5311	Xã Thịnh Mỹ	303
5312	Xã Hưng Lĩnh	303
5313	Xã Thông Tân	303
5314	Xã Hưng Nghĩa	303
5315	Xã Phúc Lợi	303
5316	Xã Long Xá	303
5317	Xã Châu Nhân	303
5318	Xã Xuân Lam	303
5319	Xã Hưng Thành	303
5320	Xã Quỳnh Vinh	304
5321	Xã Quỳnh Lộc	304
5322	Phường Quỳnh Thiện	304
5323	Xã Quỳnh Lập	304
5324	Xã Quỳnh Trang	304
5325	Phường Mai Hùng	304
5326	Phường Quỳnh Dị	304
5327	Phường Quỳnh Xuân	304
5328	Phường Quỳnh Phương	304
5329	Xã Quỳnh Liên	304
5330	Phường Nam Hà	305
5331	Phường Bắc Hà	305
5332	Phường Tân Giang	305
5333	Phường Đại Nài	305
5334	Phường Hà Huy Tập	305
5335	Phường Thạch Trung	305
5336	Phường Thạch Quý	305
5337	Phường Trần Phú	305
5338	Phường Văn Yên	305
5339	Phường Thạch Hạ	305
5340	Phường Đồng Môn	305
5341	Phường Thạch Hưng	305
5342	Xã Thạch Bình	305
5343	Xã Thạch Hải	305
5344	Xã Đỉnh Bàn	305
5345	Xã Hộ Độ	305
5346	Xã Thạch Khê	305
5347	Xã Thạch Trị	305
5348	Xã Thạch Lạc	305
5349	Xã Tượng Sơn	305
5350	Xã Thạch Văn	305
5351	Xã Thạch Thắng	305
5352	Xã Thạch Đài	305
5353	Xã Thạch Hội	305
5354	Xã Tân Lâm Hương	305
5355	Xã Cẩm Bình	305
5356	Xã Cẩm Vịnh	305
5357	Phường Bắc Hồng	306
5358	Phường Nam Hồng	306
5359	Phường Trung Lương	306
5360	Phường Đức Thuận	306
5361	Phường Đậu Liêu	306
5362	Xã Thuận Lộc	306
5363	Thị trấn Phố Châu	307
5364	Thị trấn Tây Sơn	307
5365	Xã Sơn Hồng	307
5366	Xã Sơn Tiến	307
5367	Xã Sơn Lâm	307
5368	Xã Sơn Lễ	307
5369	Xã Sơn Giang	307
5370	Xã Sơn Lĩnh	307
5371	Xã An Hòa Thịnh	307
5372	Xã Sơn Tây	307
5373	Xã Sơn Ninh	307
5374	Xã Châu Bình	307
5375	Xã Tân Mỹ Hà	307
5376	Xã Quang Diệm	307
5377	Xã Sơn Trung	307
5378	Xã Sơn Bằng	307
5379	Xã Sơn Kim 1	307
5380	Xã Sơn Kim 2	307
5381	Xã Mỹ Long	307
5382	Xã Kim Hoa	307
5383	Xã Sơn Phú	307
5384	Xã Hàm Trường	307
5385	Thị trấn Đức Thọ	308
5386	Xã Quang Vĩnh	308
5387	Xã Tùng Châu	308
5388	Xã Trường Sơn	308
5389	Xã Liên Minh	308
5390	Xã Yên Hồ	308
5391	Xã Tùng Ảnh	308
5392	Xã Bùi La Nhân	308
5393	Xã Thanh Bình Thịnh	308
5394	Xã Lâm Trung Thủy	308
5395	Xã Hòa Lạc	308
5396	Xã Tân Dân	308
5397	Xã An Dũng	308
5398	Xã Đức Đồng	308
5399	Xã Đức Lạng	308
5400	Xã Tân Hương	308
5401	Thị trấn Vũ Quang	309
5402	Xã Ân Phú	309
5403	Xã Đức Giang	309
5404	Xã Đức Lĩnh	309
5405	Xã Thọ Điền	309
5406	Xã Đức Hương	309
5407	Xã Đức Bồng	309
5408	Xã Đức Liên	309
5409	Xã Hương Minh	309
5410	Xã Quang Thọ	309
5411	Thị trấn Xuân An	310
5412	Xã Xuân Hội	310
5413	Xã Đan Trường	310
5414	Xã Xuân Phổ	310
5415	Xã Xuân Hải	310
5416	Xã Xuân Giang	310
5417	Thị trấn Tiên Điền	310
5418	Xã Xuân Yên	310
5419	Xã Xuân Mỹ	310
5420	Xã Xuân Thành	310
5421	Xã Xuân Viên	310
5422	Xã Xuân Hồng	310
5423	Xã Cỗ Đạm	310
5424	Xã Xuân Liên	310
5425	Xã Xuân Lĩnh	310
5426	Xã Xuân Lam	310
5427	Xã Cương Gián	310
5428	Thị trấn Nghèn	311
5429	Xã Thiên Lộc	311
5430	Xã Thuần Thiện	311
5431	Xã Vượng Lộc	311
5432	Xã Thanh Lộc	311
5433	Xã Kim Song Trường	311
5434	Xã Thường Nga	311
5435	Xã Tùng Lộc	311
5436	Xã Phú Lộc	311
5437	Xã Gia Hanh	311
5438	Xã Khánh Vĩnh Yên	311
5439	Xã Xuân Lộc	311
5440	Xã Thượng Lộc	311
5441	Xã Quang Lộc	311
5442	Thị trấn Đồng Lộc	311
5443	Xã Mỹ Lộc	311
5444	Xã Sơn Lộc	311
5445	Thị trấn Hương Khê	312
5446	Xã Điền Mỹ	312
5447	Xã Hà Linh	312
5448	Xã Hương Thủy	312
5449	Xã Hòa Hải	312
5450	Xã Phúc Đồng	312
5451	Xã Hương Giang	312
5452	Xã Lộc Yên	312
5453	Xã Hương Bình	312
5454	Xã Hương Long	312
5455	Xã Phú Gia	312
5456	Xã Gia Phố	312
5457	Xã Hương Đô	312
5458	Xã Hương Vĩnh	312
5459	Xã Hương Xuân	312
5460	Xã Phúc Trạch	312
5461	Xã Hương Trà	312
5462	Xã Hương Trạch	312
5463	Xã Hương Lâm	312
5464	Xã Hương Liên	312
5465	Xã Tân Lộc	313
5466	Xã Hồng Lộc	313
5467	Xã Thịnh Lộc	313
5468	Xã Bình An	313
5469	Xã Bình Lộc	313
5470	Xã Ích Hậu	313
5471	Xã Phù Lưu	313
5472	Thị trấn Thạch Hà	313
5473	Xã Ngọc Sơn	313
5474	Thị trấn Lộc Hà	313
5475	Xã Thạch Mỹ	313
5476	Xã Thạch Kim	313
5477	Xã Thạch Châu	313
5478	Xã Thạch Kênh	313
5479	Xã Thạch Sơn	313
5480	Xã Thạch Liên	313
5481	Xã Việt Tiến	313
5482	Xã Thạch Long	313
5483	Xã Thạch Ngọc	313
5484	Xã Lưu Vĩnh Sơn	313
5485	Xã Thạch Xuân	313
5486	Xã Nam Điền	313
5487	Xã Mai Phụ	313
5488	Thị trấn Cẩm Xuyên	314
5489	Thị trấn Thiên Cầm	314
5490	Xã Yên Hòa	314
5491	Xã Cẩm Dương	314
5492	Xã Cẩm Thành	314
5493	Xã Cẩm Quang	314
5494	Xã Cẩm Thạch	314
5495	Xã Cẩm Nhượng	314
5496	Xã Nam Phúc Thăng	314
5497	Xã Cẩm Duệ	314
5498	Xã Cẩm Lĩnh	314
5499	Xã Cẩm Quan	314
5500	Xã Cẩm Hà	314
5501	Xã Cẩm Lộc	314
5502	Xã Cẩm Hưng	314
5503	Xã Cẩm Thịnh	314
5504	Xã Cẩm Mỹ	314
5505	Xã Cẩm Trung	314
5506	Xã Cẩm Sơn	314
5507	Xã Cẩm Lạc	314
5508	Xã Cẩm Minh	314
5509	Xã Kỳ Xuân	315
5510	Xã Kỳ Bắc	315
5511	Xã Kỳ Phú	315
5512	Xã Kỳ Phong	315
5513	Xã Kỳ Tiến	315
5514	Xã Kỳ Giang	315
5515	Thị trấn Kỳ Đồng	315
5516	Xã Kỳ Khang	315
5517	Xã Kỳ Văn	315
5518	Xã Kỳ Trung	315
5519	Xã Kỳ Thọ	315
5520	Xã Kỳ Tây	315
5521	Xã Kỳ Thượng	315
5522	Xã Kỳ Hải	315
5523	Xã Kỳ Thư	315
5524	Xã Kỳ Châu	315
5525	Xã Kỳ Tân	315
5526	Xã Lâm Hợp	315
5527	Xã Kỳ Sơn	315
5528	Xã Kỳ Lạc	315
5529	Phường Hưng Trí	316
5530	Phường Kỳ Ninh	316
5531	Xã Kỳ Lợi	316
5532	Xã Kỳ Hà	316
5533	Phường Kỳ Trinh	316
5534	Phường Kỳ Thịnh	316
5535	Xã Kỳ Hoa	316
5536	Phường Kỳ Phương	316
5537	Phường Kỳ Long	316
5538	Phường Kỳ Liên	316
5539	Phường Kỳ Nam	316
5540	Phường Hải Thành	317
5541	Phường Đồng Phú	317
5542	Phường Bắc Lý	317
5543	Phường Nam Lý	317
5544	Phường Đồng Hải	317
5545	Phường Đồng Sơn	317
5546	Phường Phú Hải	317
5547	Phường Bắc Nghĩa	317
5548	Phường Đức Ninh Đông	317
5549	Xã Quang Phú	317
5550	Xã Lộc Ninh	317
5551	Xã Bảo Ninh	317
5552	Xã Nghĩa Ninh	317
5553	Xã Thuận Đức	317
5554	Xã Đức Ninh	317
5555	Thị trấn Quy Đạt	318
5556	Xã Dân Hóa	318
5557	Xã Trọng Hóa	318
5558	Xã Hồng Hóa	318
5559	Xã Tân Thành	318
5560	Xã Hóa Hợp	318
5561	Xã Xuân Hóa	318
5562	Xã Yên Hóa	318
5563	Xã Minh Hóa	318
5564	Xã Tân Hóa	318
5565	Xã Hóa Sơn	318
5566	Xã Trung Hóa	318
5567	Xã Thượng Hóa	318
5568	Thị trấn Đồng Lê	319
5569	Xã Hương Hóa	319
5570	Xã Kim Hóa	319
5571	Xã Thanh Hóa	319
5572	Xã Thanh Thạch	319
5573	Xã Thuận Hóa	319
5574	Xã Lâm Hóa	319
5575	Xã Lê Hóa	319
5576	Xã Sơn Hóa	319
5577	Xã Đồng Hóa	319
5578	Xã Ngư Hóa	319
5579	Xã Thạch Hóa	319
5580	Xã Đức Hóa	319
5581	Xã Phong Hóa	319
5582	Xã Mai Hóa	319
5583	Xã Tiến Hóa	319
5584	Xã Châu Hóa	319
5585	Xã Cao Quảng	319
5586	Xã Văn Hóa	319
5587	Xã Quảng Hợp	320
5588	Xã Quảng Kim	320
5589	Xã Quảng Đông	320
5590	Xã Quảng Phú	320
5591	Xã Quảng Châu	320
5592	Xã Quảng Thạch	320
5593	Xã Quảng Lưu	320
5594	Xã Quảng Tùng	320
5595	Xã Cảnh Dương	320
5596	Xã Quảng Tiến	320
5597	Xã Quảng Hưng	320
5598	Xã Quảng Xuân	320
5599	Xã Liên Trường	320
5600	Xã Quảng Phương	320
5601	Xã Phù Cảnh	320
5602	Xã Quảng Thanh	320
5603	Thị trấn Hoàn Lão	321
5604	Thị trấn NT Việt Trung	321
5605	Xã Xuân Trạch	321
5606	Xã Hạ Mỹ	321
5607	Xã Bắc Trạch	321
5608	Xã Lâm Trạch	321
5609	Xã Thanh Trạch	321
5610	Xã Liên Trạch	321
5611	Xã Phúc Trạch	321
5612	Xã Cự Nẫm	321
5613	Xã Hải Phú	321
5614	Xã Thượng Trạch	321
5615	Xã Sơn Lộc	321
5616	Xã Hưng Trạch	321
5617	Xã Đồng Trạch	321
5618	Xã Đức Trạch	321
5619	Thị trấn Phong Nha	321
5620	Xã Vạn Trạch	321
5621	Xã Phú Định	321
5622	Xã Trung Trạch	321
5623	Xã Tây Trạch	321
5624	Xã Hòa Trạch	321
5625	Xã Đại Trạch	321
5626	Xã Nhân Trạch	321
5627	Xã Tân Trạch	321
5628	Xã Lý Nam	321
5629	Xã Trường Sơn	322
5630	Thị trấn Quán Hàu	322
5631	Xã Vĩnh Ninh	322
5632	Xã Võ Ninh	322
5633	Xã Hải Ninh	322
5634	Xã Hàm Ninh	322
5635	Xã Duy Ninh	322
5636	Xã Gia Ninh	322
5637	Xã Trường Xuân	322
5638	Xã Hiền Ninh	322
5639	Xã Tân Ninh	322
5640	Xã Xuân Ninh	322
5641	Xã An Ninh	322
5642	Xã Vạn Ninh	322
5643	Thị trấn NT Lệ Ninh	323
5644	Thị trấn Kiến Giang	323
5645	Xã Hồng Thủy	323
5646	Xã Ngư Thủy Bắc	323
5647	Xã Hoa Thủy	323
5648	Xã Thanh Thủy	323
5649	Xã An Thủy	323
5650	Xã Phong Thủy	323
5651	Xã Cam Thủy	323
5652	Xã Ngân Thủy	323
5653	Xã Sơn Thủy	323
5654	Xã Lộc Thủy	323
5655	Xã Liên Thủy	323
5656	Xã Hưng Thủy	323
5657	Xã Dương Thủy	323
5658	Xã Tân Thủy	323
5659	Xã Phú Thủy	323
5660	Xã Xuân Thủy	323
5661	Xã Mỹ Thủy	323
5662	Xã Ngư Thủy	323
5663	Xã Mai Thủy	323
5664	Xã Sen Thủy	323
5665	Xã Thái Thủy	323
5666	Xã Kim Thủy	323
5667	Xã Trường Thủy	323
5668	Xã Lâm Thủy	323
5669	Phường Ba Đồn	324
5670	Phường Quảng Long	324
5671	Phường Quảng Thọ	324
5672	Xã Quảng Tiên	324
5673	Xã Quảng Trung	324
5674	Phường Quảng Phong	324
5675	Phường Quảng Thuận	324
5676	Xã Quảng Tân	324
5677	Xã Quảng Hải	324
5678	Xã Quảng Sơn	324
5679	Xã Quảng Lộc	324
5680	Xã Quảng Thủy	324
5681	Xã Quảng Văn	324
5682	Phường Quảng Phúc	324
5683	Xã Quảng Hòa	324
5684	Xã Quảng Minh	324
5685	Phường Đông Giang	325
5686	Phường 1	325
5687	Phường Đông Lễ	325
5688	Phường Đông Thanh	325
5689	Phường 2	325
5690	Phường 4	325
5691	Phường 5	325
5692	Phường Đông Lương	325
5693	Phường 3	325
5694	Phường 1	326
5695	Phường An Đôn	326
5696	Phường 2	326
5697	Phường 3	326
5698	Xã Hải Lệ	326
5699	Thị trấn Hồ Xá	327
5700	Thị trấn Bến Quan	327
5701	Xã Vĩnh Thái	327
5702	Xã Vĩnh Tú	327
5703	Xã Vĩnh Chấp	327
5704	Xã Trung Nam	327
5705	Xã Kim Thạch	327
5706	Xã Vĩnh Long	327
5707	Xã Vĩnh Khê	327
5708	Xã Vĩnh Hòa	327
5709	Xã Vĩnh Thủy	327
5710	Xã Vĩnh Lâm	327
5711	Xã Hiền Thành	327
5712	Thị trấn Cửa Tùng	327
5713	Xã Vĩnh Hà	327
5714	Xã Vĩnh Sơn	327
5715	Xã Vĩnh Giang	327
5716	Xã Vĩnh Ô	327
5717	Thị trấn Khe Sanh	328
5718	Thị trấn Lao Bảo	328
5719	Xã Hướng Lập	328
5720	Xã Hướng Việt	328
5721	Xã Hướng Phùng	328
5722	Xã Hướng Sơn	328
5723	Xã Hướng Linh	328
5724	Xã Tân Hợp	328
5725	Xã Hướng Tân	328
5726	Xã Tân Thành	328
5727	Xã Tân Long	328
5728	Xã Tân Lập	328
5729	Xã Tân Liên	328
5730	Xã Húc	328
5731	Xã Thuận	328
5732	Xã Hướng Lộc	328
5733	Xã Ba Tầng	328
5734	Xã Thanh	328
5735	Xã A Dơi	328
5736	Xã Lìa	328
5737	Xã Xy	328
5738	Thị trấn Gio Linh	329
5739	Thị trấn Cửa Việt	329
5740	Xã Trung Giang	329
5741	Xã Trung Hải	329
5742	Xã Trung Sơn	329
5743	Xã Phong Bình	329
5744	Xã Gio Mỹ	329
5745	Xã Gio Hải	329
5746	Xã Gio An	329
5747	Xã Linh Trường	329
5748	Xã Gio Sơn	329
5749	Xã Gio Mai	329
5750	Xã Hải Thái	329
5751	Xã Gio Quang	329
5752	Thị trấn Krông Klang	330
5753	Xã Mò Ó	330
5754	Xã Hướng Hiệp	330
5755	Xã Đa Krông	330
5756	Xã Triệu Nguyên	330
5757	Xã Ba Lòng	330
5758	Xã Ba Nang	330
5759	Xã Tà Long	330
5760	Xã Húc Nghì	330
5761	Xã A Vao	330
5762	Xã Tà Rụt	330
5763	Xã A Bung	330
5764	Xã A Ngo	330
5765	Thị trấn Cam Lộ	331
5766	Xã Cam Tuyền	331
5767	Xã Thanh An	331
5768	Xã Cam Thủy	331
5769	Xã Cam Thành	331
5770	Xã Cam Hiếu	331
5771	Xã Cam Chính	331
5772	Xã Cam Nghĩa	331
5773	Thị trấn Ái Tử	332
5774	Xã Triệu Tân	332
5775	Xã Triệu Phước	332
5776	Xã Triệu Độ	332
5777	Xã Triệu Trạch	332
5778	Xã Triệu Thuận	332
5779	Xã Triệu Đại	332
5780	Xã Triệu Hòa	332
5781	Xã Triệu Cơ	332
5782	Xã Triệu Long	332
5783	Xã Triệu Tài	332
5784	Xã Triệu Trung	332
5785	Xã Triệu Ái	332
5786	Xã Triệu Thượng	332
5787	Xã Triệu Giang	332
5788	Xã Triệu Thành	332
5789	Thị trấn Diên Sanh	333
5790	Xã Hải An	333
5791	Xã Hải Bình	333
5792	Xã Hải Quy	333
5793	Xã Hải Hưng	333
5794	Xã Hải Phú	333
5795	Xã Hải Thượng	333
5796	Xã Hải Dương	333
5797	Xã Hải Định	333
5798	Xã Hải Lâm	333
5799	Xã Hải Phong	333
5800	Xã Hải Trường	333
5801	Xã Hải Sơn	333
5802	Xã Hải Chánh	333
5803	Xã Hải Khê	333
5804	Phường Vỹ Dạ	335
5805	Phường Phường Đúc	335
5806	Phường Vĩnh Ninh	335
5807	Phường Phú Hội	335
5808	Phường Phú Nhuận	335
5809	Phường Xuân Phú	335
5810	Phường Trường An	335
5811	Phường Phước Vĩnh	335
5812	Phường An Cựu	335
5813	Phường Thuỷ Biều	335
5814	Phường Thuỷ Xuân	335
5815	Phường An Đông	335
5816	Phường An Tây	335
5817	Phường Thuận An	335
5818	Phường Dương Nỗ	335
5819	Phường Phú Thượng	335
5820	Phường Thủy Vân	335
5821	Phường Thủy Bằng	335
5822	Phường Hương Phong	335
5823	Phường Tây Lộc	336
5824	Phường Thuận Lộc	336
5825	Phường Gia Hội	336
5826	Phường Phú Hậu	336
5827	Phường Thuận Hòa	336
5828	Phường Đông Ba	336
5829	Phường Kim Long	336
5830	Phường An Hòa	336
5831	Phường Hương Sơ	336
5832	Phường Hương Long	336
5833	Phường Hương Vinh	336
5834	Phường Hương An	336
5835	Phường Long Hồ	336
5836	Phường Phong Thu	337
5837	Xã Phong Thạnh	337
5838	Phường Phong Phú	337
5839	Xã Phong Bình	337
5840	Xã Phong Chương	337
5841	Phường Phong Hải	337
5842	Phường Phong Hòa	337
5843	Phường Phong Hiền	337
5844	Xã Phong Mỹ	337
5845	Phường Phong An	337
5846	Xã Phong Xuân	337
5847	Xã Phong Sơn	337
5848	Thị trấn Sịa	338
5849	Xã Quảng Thái	338
5850	Xã Quảng Ngạn	338
5851	Xã Quảng Lợi	338
5852	Xã Quảng Công	338
5853	Xã Quảng Phước	338
5854	Xã Quảng Vinh	338
5855	Xã Quảng An	338
5856	Xã Quảng Thành	338
5857	Xã Quảng Thọ	338
5858	Xã Quảng Phú	338
5859	Xã Phú Thuận	339
5860	Xã Phú An	339
5861	Xã Phú Hải	339
5862	Xã Phú Xuân	339
5863	Xã Phú Diên	339
5864	Xã Phú Mỹ	339
5865	Xã Phú Hồ	339
5866	Xã Vinh Xuân	339
5867	Xã Phú Lương	339
5868	Thị trấn Phú Đa	339
5869	Xã Vinh Thanh	339
5870	Xã Vinh An	339
5871	Xã Phú Gia	339
5872	Xã Vinh Hà	339
5873	Phường Phú Bài	340
5874	Xã Thủy Thanh	340
5875	Phường Thủy Dương	340
5876	Phường Thủy Phương	340
5877	Phường Thủy Châu	340
5878	Phường Thủy Lương	340
5879	Xã Thủy Tân	340
5880	Xã Thủy Phù	340
5881	Xã Phú Sơn	340
5882	Xã Dương Hòa	340
5883	Phường Tứ Hạ	341
5884	Xã Hương Toàn	341
5885	Phường Hương Vân	341
5886	Phường Hương Văn	341
5887	Phường Hương Xuân	341
5888	Phường Hương Chữ	341
5889	Xã Hương Bình	341
5890	Xã Bình Tiến	341
5891	Xã Bình Thành	341
5892	Thị trấn A Lưới	342
5893	Xã Hồng Vân	342
5894	Xã Hồng Hạ	342
5895	Xã Hồng Kim	342
5896	Xã Trung Sơn	342
5897	Xã Hương Nguyên	342
5898	Xã Hồng Bắc	342
5899	Xã A Ngo	342
5900	Xã Sơn Thủy	342
5901	Xã Phú Vinh	342
5902	Xã Hương Phong	342
5903	Xã Quảng Nhâm	342
5904	Xã Hồng Thượng	342
5905	Xã Hồng Thái	342
5906	Xã A Roàng	342
5907	Xã Đông Sơn	342
5908	Xã Lâm Đớt	342
5909	Xã Hồng Thủy	342
5910	Thị trấn Phú Lộc	343
5911	Thị trấn Lăng Cô	343
5912	Xã Vinh Mỹ	343
5913	Xã Vinh Hưng	343
5914	Xã Giang Hải	343
5915	Xã Vinh Hiền	343
5916	Xã Lộc Bổn	343
5917	Thị trấn Lộc Sơn	343
5918	Xã Lộc Bình	343
5919	Xã Lộc Vĩnh	343
5920	Xã Lộc An	343
5921	Xã Lộc Điền	343
5922	Xã Lộc Thủy	343
5923	Xã Lộc Trì	343
5924	Xã Lộc Tiến	343
5925	Xã Lộc Hòa	343
5926	Xã Xuân Lộc	343
5927	Thị trấn Khe Tre	343
5928	Xã Hương Phú	343
5929	Xã Hương Sơn	343
5930	Xã Hương Lộc	343
5931	Xã Thượng Quảng	343
5932	Xã Hương Hòa	343
5933	Xã Hương Xuân	343
5934	Xã Hương Hữu	343
5935	Xã Thượng Lộ	343
5936	Xã Thượng Long	343
5937	Xã Thượng Nhật	343
5938	Phường Hòa Hiệp Bắc	344
5939	Phường Hòa Hiệp Nam	344
5940	Phường Hòa Khánh Bắc	344
5941	Phường Hòa Khánh Nam	344
5942	Phường Hòa Minh	344
5943	Phường Thanh Khê Tây	345
5944	Phường Thanh Khê Đông	345
5945	Phường Xuân Hà	345
5946	Phường Chính Gián	345
5947	Phường Thạc Gián	345
5948	Phường An Khê	345
5949	Phường Thanh Bình	346
5950	Phường Thuận Phước	346
5951	Phường Thạch Thang	346
5952	Phường Hải Châu	346
5953	Phường Phước Ninh	346
5954	Phường Hòa Thuận Tây	346
5955	Phường Bình Thuận	346
5956	Phường Hòa Cường Bắc	346
5957	Phường Hòa Cường Nam	346
5958	Phường Thọ Quang	347
5959	Phường Nại Hiên Đông	347
5960	Phường Mân Thái	347
5961	Phường An Hải Bắc	347
5962	Phường Phước Mỹ	347
5963	Phường An Hải Nam	347
5964	Phường Mỹ An	348
5965	Phường Khuê Mỹ	348
5966	Phường Hoà Quý	348
5967	Phường Hoà Hải	348
5968	Phường Khuê Trung	349
5969	Phường Hòa Phát	349
5970	Phường Hòa An	349
5971	Phường Hòa Thọ Tây	349
5972	Phường Hòa Thọ Đông	349
5973	Phường Hòa Xuân	349
5974	Xã Hòa Bắc	350
5975	Xã Hòa Liên	350
5976	Xã Hòa Ninh	350
5977	Xã Hòa Sơn	350
5978	Xã Hòa Nhơn	350
5979	Xã Hòa Phú	350
5980	Xã Hòa Phong	350
5981	Xã Hòa Châu	350
5982	Xã Hòa Tiến	350
5983	Xã Hòa Phước	350
5984	Xã Hòa Khương	350
5985	Phường Tân Thạnh	352
5986	Phường An Mỹ	352
5987	Phường Hòa Hương	352
5988	Phường An Xuân	352
5989	Phường An Sơn	352
5990	Phường Trường Xuân	352
5991	Phường An Phú	352
5992	Xã Tam Thanh	352
5993	Xã Tam Thăng	352
5994	Xã Tam Phú	352
5995	Phường Hoà Thuận	352
5996	Xã Tam Ngọc	352
5997	Phường Minh An	353
5998	Phường Tân An	353
5999	Phường Cẩm Phô	353
6000	Phường Thanh Hà	353
6001	Phường Sơn Phong	353
6002	Phường Cẩm Châu	353
6003	Phường Cửa Đại	353
6004	Phường Cẩm An	353
6005	Xã Cẩm Hà	353
6006	Xã Cẩm Kim	353
6007	Phường Cẩm Nam	353
6008	Xã Cẩm Thanh	353
6009	Xã Tân Hiệp	353
6010	Xã Ch'ơm	354
6011	Xã Ga Ri	354
6012	Xã A Xan	354
6013	Xã Tr'Hy	354
6014	Xã Lăng	354
6015	Xã A Nông	354
6016	Xã A Tiêng	354
6017	Xã Bha Lê	354
6018	Xã A Vương	354
6019	Xã Dang	354
6020	Thị trấn P Rao	355
6021	Xã Tà Lu	355
6022	Xã Sông Kôn	355
6023	Xã Jơ Ngây	355
6024	Xã A Ting	355
6025	Xã Tư	355
6026	Xã Ba	355
6027	Xã A Rooi	355
6028	Xã Za Hung	355
6029	Xã Mà Cooi	355
6030	Xã Ka Dăng	355
6031	Thị trấn Ái Nghĩa	356
6032	Xã Đại Sơn	356
6033	Xã Đại Lãnh	356
6034	Xã Đại Hưng	356
6035	Xã Đại Hồng	356
6036	Xã Đại Đồng	356
6037	Xã Đại Quang	356
6038	Xã Đại Nghĩa	356
6039	Xã Đại Hiệp	356
6040	Xã Đại Thạnh	356
6041	Xã Đại Chánh	356
6042	Xã Đại Tân	356
6043	Xã Đại Phong	356
6044	Xã Đại Minh	356
6045	Xã Đại Thắng	356
6046	Xã Đại Cường	356
6047	Xã Đại An	356
6048	Xã Đại Hòa	356
6049	Phường Vĩnh Điện	357
6050	Xã Điện Tiến	357
6051	Xã Điện Hòa	357
6052	Phường Điện Thắng Bắc	357
6053	Phường Điện Thắng Trung	357
6054	Phường Điện Thắng Nam	357
6055	Phường Điện Ngọc	357
6056	Xã Điện Hồng	357
6057	Xã Điện Thọ	357
6058	Xã Điện Phước	357
6059	Phường Điện An	357
6060	Phường Điện Nam Bắc	357
6061	Phường Điện Nam Trung	357
6062	Phường Điện Nam Đông	357
6063	Phường Điện Dương	357
6064	Xã Điện Quang	357
6065	Xã Điện Trung	357
6066	Xã Điện Phong	357
6067	Phường Điện Minh	357
6068	Phường Điện Phương	357
6069	Thị trấn Nam Phước	358
6070	Xã Duy Phú	358
6071	Xã Duy Tân	358
6072	Xã Duy Hòa	358
6073	Xã Duy Châu	358
6074	Xã Duy Trinh	358
6075	Xã Duy Sơn	358
6076	Xã Duy Trung	358
6077	Xã Duy Phước	358
6078	Xã Duy Thành	358
6079	Xã Duy Vinh	358
6080	Xã Duy Nghĩa	358
6081	Xã Duy Hải	358
6082	Thị trấn Đông Phú	359
6083	Xã Quế Xuân 1	359
6084	Xã Quế Xuân 2	359
6085	Xã Quế Phú	359
6086	Thị trấn Hương An	359
6087	Thị trấn Trung Phước	359
6088	Xã Quế Hiệp	359
6089	Xã Quế Thuận	359
6090	Xã Quế Mỹ	359
6091	Xã Ninh Phước	359
6092	Xã Phước Ninh	359
6093	Xã Quế Lộc	359
6094	Xã Quế Phước	359
6095	Xã Quế Long	359
6096	Xã Quế Châu	359
6097	Xã Quế Phong	359
6098	Xã Quế An	359
6099	Xã Quế Minh	359
6100	Xã Quế Lâm	359
6101	Thị trấn Thạnh Mỹ	360
6102	Xã Laêê	360
6103	Xã Chơ Chun	360
6104	Xã Zuôich	360
6105	Xã Tà Pơơ	360
6106	Xã La Dêê	360
6107	Xã Đắc Tôi	360
6108	Xã Chà Vàl	360
6109	Xã Tà Bhinh	360
6110	Xã Cà Dy	360
6111	Xã Đắc Pre	360
6112	Xã Đắc Pring	360
6113	Thị trấn Khâm Đức	361
6114	Xã Phước Xuân	361
6115	Xã Phước Hiệp	361
6116	Xã Phước Hoà	361
6117	Xã Phước Đức	361
6118	Xã Phước Năng	361
6119	Xã Phước Mỹ	361
6120	Xã Phước Chánh	361
6121	Xã Phước Công	361
6122	Xã Phước Kim	361
6123	Xã Phước Lộc	361
6124	Xã Phước Thành	361
6125	Xã Quế Tân	362
6126	Xã Quế Thọ	362
6127	Xã Bình Lâm	362
6128	Xã Sông Trà	362
6129	Xã Phước Trà	362
6130	Xã Phước Gia	362
6131	Thị trấn Tân Bình	362
6132	Xã Quế Lưu	362
6133	Xã Thăng Phước	362
6134	Xã Bình Sơn	362
6135	Thị trấn Hà Lam	363
6136	Xã Bình Dương	363
6137	Xã Bình Giang	363
6138	Xã Bình Nguyên	363
6139	Xã Bình Phục	363
6140	Xã Bình Triều	363
6141	Xã Bình Đào	363
6142	Xã Bình Minh	363
6143	Xã Bình Lãnh	363
6144	Xã Bình Trị	363
6145	Xã Bình Định	363
6146	Xã Bình Quý	363
6147	Xã Bình Phú	363
6148	Xã Bình Tú	363
6149	Xã Bình Sa	363
6150	Xã Bình Hải	363
6151	Xã Bình Quế	363
6152	Xã Bình An	363
6153	Xã Bình Trung	363
6154	Xã Bình Nam	363
6155	Thị trấn Tiên Kỳ	364
6156	Xã Tiên Sơn	364
6157	Xã Tiên Hà	364
6158	Xã Tiên Châu	364
6159	Xã Tiên Lãnh	364
6160	Xã Tiên Ngọc	364
6161	Xã Tiên Hiệp	364
6162	Xã Tiên Cảnh	364
6163	Xã Tiên Mỹ	364
6164	Xã Tiên Phong	364
6165	Xã Tiên Thọ	364
6166	Xã Tiên An	364
6167	Xã Tiên Lộc	364
6168	Xã Tiên Lập	364
6169	Thị trấn Trà My	365
6170	Xã Trà Sơn	365
6171	Xã Trà Kót	365
6172	Xã Trà Nú	365
6173	Xã Trà Đông	365
6174	Xã Trà Dương	365
6175	Xã Trà Giang	365
6176	Xã Trà Bui	365
6177	Xã Trà Đốc	365
6178	Xã Trà Tân	365
6179	Xã Trà Giác	365
6180	Xã Trà Giáp	365
6181	Xã Trà Ka	365
6182	Xã Trà Leng	366
6183	Xã Trà Dơn	366
6184	Xã Trà Tập	366
6185	Xã Trà Mai	366
6186	Xã Trà Cang	366
6187	Xã Trà Linh	366
6188	Xã Trà Nam	366
6189	Xã Trà Don	366
6190	Xã Trà Vân	366
6191	Xã Trà Vinh	366
6192	Thị trấn Núi Thành	367
6193	Xã Tam Xuân I	367
6194	Xã Tam Xuân II	367
6195	Xã Tam Tiến	367
6196	Xã Tam Sơn	367
6197	Xã Tam Thạnh	367
6198	Xã Tam Anh Bắc	367
6199	Xã Tam Anh Nam	367
6200	Xã Tam Hòa	367
6201	Xã Tam Hiệp	367
6202	Xã Tam Hải	367
6203	Xã Tam Giang	367
6204	Xã Tam Quang	367
6205	Xã Tam Nghĩa	367
6206	Xã Tam Mỹ Tây	367
6207	Xã Tam Mỹ Đông	367
6208	Xã Tam Trà	367
6209	Thị trấn Phú Thịnh	368
6210	Xã Tam Thành	368
6211	Xã Tam An	368
6212	Xã Tam Đàn	368
6213	Xã Tam Lộc	368
6214	Xã Tam Phước	368
6215	Xã Tam Thái	368
6216	Xã Tam Đại	368
6217	Xã Tam Dân	368
6218	Xã Tam Lãnh	368
6219	Phường Lê Hồng Phong	369
6220	Phường Trần Phú	369
6221	Phường Quảng Phú	369
6222	Phường Nghĩa Chánh	369
6223	Phường Trần Hưng Đạo	369
6224	Phường Nguyễn Nghiêm	369
6225	Phường Nghĩa Lộ	369
6226	Phường Chánh Lộ	369
6227	Xã Nghĩa Dũng	369
6228	Xã Nghĩa Dõng	369
6229	Phường Trương Quang Trọng	369
6230	Xã Tịnh Hòa	369
6231	Xã Tịnh Kỳ	369
6232	Xã Tịnh Thiện	369
6233	Xã Tịnh Ấn Đông	369
6234	Xã Tịnh Châu	369
6235	Xã Tịnh Khê	369
6236	Xã Tịnh Long	369
6237	Xã Tịnh Ấn Tây	369
6238	Xã Tịnh An	369
6239	Xã Nghĩa Hà	369
6240	Xã An Phú	369
6241	Thị trấn Châu Ổ	370
6242	Xã Bình Thuận	370
6243	Xã Bình Thạnh	370
6244	Xã Bình Đông	370
6245	Xã Bình Chánh	370
6246	Xã Bình Nguyên	370
6247	Xã Bình Khương	370
6248	Xã Bình Trị	370
6249	Xã Bình An	370
6250	Xã Bình Hải	370
6251	Xã Bình Dương	370
6252	Xã Bình Phước	370
6253	Xã Bình Hòa	370
6254	Xã Bình Trung	370
6255	Xã Bình Minh	370
6256	Xã Bình Long	370
6257	Xã Bình Thanh	370
6258	Xã Bình Chương	370
6259	Xã Bình Hiệp	370
6260	Xã Bình Mỹ	370
6261	Xã Bình Tân Phú	370
6262	Xã Bình Châu	370
6263	Thị trấn Trà Xuân	371
6264	Xã Trà Giang	371
6265	Xã Trà Thủy	371
6266	Xã Trà Hiệp	371
6267	Xã Trà Bình	371
6268	Xã Trà Phú	371
6269	Xã Trà Lâm	371
6270	Xã Trà Tân	371
6271	Xã Trà Sơn	371
6272	Xã Trà Bùi	371
6273	Xã Trà Thanh	371
6274	Xã Sơn Trà	371
6275	Xã Trà Phong	371
6276	Xã Hương Trà	371
6277	Xã Trà Xinh	371
6278	Xã Trà Tây	371
6279	Xã Tịnh Thọ	372
6280	Xã Tịnh Trà	372
6281	Xã Tịnh Phong	372
6282	Xã Tịnh Hiệp	372
6283	Xã Tịnh Bình	372
6284	Xã Tịnh Đông	372
6285	Xã Tịnh Bắc	372
6286	Xã Tịnh Sơn	372
6287	Thị trấn Tịnh Hà	372
6288	Xã Tịnh Giang	372
6289	Xã Tịnh Minh	372
6290	Thị trấn La Hà	373
6291	Thị trấn Sông Vệ	373
6292	Xã Nghĩa Lâm	373
6293	Xã Nghĩa Thắng	373
6294	Xã Nghĩa Thuận	373
6295	Xã Nghĩa Kỳ	373
6296	Xã Nghĩa Sơn	373
6297	Xã Nghĩa Hòa	373
6298	Xã Nghĩa Điền	373
6299	Xã Nghĩa Thương	373
6300	Xã Nghĩa Trung	373
6301	Xã Nghĩa Hiệp	373
6302	Xã Nghĩa Phương	373
6303	Thị trấn Di Lăng	374
6304	Xã Sơn Hạ	374
6305	Xã Sơn Thành	374
6306	Xã Sơn Nham	374
6307	Xã Sơn Bao	374
6308	Xã Sơn Linh	374
6309	Xã Sơn Giang	374
6310	Xã Sơn Trung	374
6311	Xã Sơn Thượng	374
6312	Xã Sơn Cao	374
6313	Xã Sơn Hải	374
6314	Xã Sơn Thủy	374
6315	Xã Sơn Kỳ	374
6316	Xã Sơn Ba	374
6317	Xã Sơn Bua	375
6318	Xã Sơn Mùa	375
6319	Xã Sơn Liên	375
6320	Xã Sơn Tân	375
6321	Xã Sơn Màu	375
6322	Xã Sơn Dung	375
6323	Xã Sơn Long	375
6324	Xã Sơn Tinh	375
6325	Xã Sơn Lập	375
6326	Xã Long Sơn	376
6327	Xã Long Mai	376
6328	Xã Thanh An	376
6329	Xã Long Môn	376
6330	Xã Long Hiệp	376
6331	Thị trấn Chợ Chùa	377
6332	Xã Hành Thuận	377
6333	Xã Hành Dũng	377
6334	Xã Hành Trung	377
6335	Xã Hành Nhân	377
6336	Xã Hành Đức	377
6337	Xã Hành Minh	377
6338	Xã Hành Phước	377
6339	Xã Hành Thiện	377
6340	Xã Hành Thịnh	377
6341	Xã Hành Tín Tây	377
6342	Xã Hành Tín Đông	377
6343	Thị trấn Mộ Đức	378
6344	Xã Thắng Lợi	378
6345	Xã Đức Nhuận	378
6346	Xã Đức Chánh	378
6347	Xã Đức Hiệp	378
6348	Xã Đức Minh	378
6349	Xã Đức Thạnh	378
6350	Xã Đức Hòa	378
6351	Xã Đức Tân	378
6352	Xã Đức Phú	378
6353	Xã Đức Phong	378
6354	Xã Đức Lân	378
6355	Phường Nguyễn Nghiêm	379
6356	Xã Phổ An	379
6357	Xã Phổ Phong	379
6358	Xã Phổ Thuận	379
6359	Phường Phổ Văn	379
6360	Phường Phổ Quang	379
6361	Xã Phổ Nhơn	379
6362	Phường Phổ Ninh	379
6363	Phường Phổ Minh	379
6364	Phường Phổ Vinh	379
6365	Phường Phổ Hòa	379
6366	Xã Phổ Cường	379
6367	Xã Phổ Khánh	379
6368	Phường Phổ Thạnh	379
6369	Xã Phổ Châu	379
6370	Thị trấn Ba Tơ	380
6371	Xã Ba Điền	380
6372	Xã Ba Vinh	380
6373	Xã Ba Thành	380
6374	Xã Ba Động	380
6375	Xã Ba Dinh	380
6376	Xã Ba Giang	380
6377	Xã Ba Liên	380
6378	Xã Ba Ngạc	380
6379	Xã Ba Khâm	380
6380	Xã Ba Cung	380
6381	Xã Ba Tiêu	380
6382	Xã Ba Trang	380
6383	Xã Ba Tô	380
6384	Xã Ba Bích	380
6385	Xã Ba Vì	380
6386	Xã Ba Lế	380
6387	Xã Ba Nam	380
6388	Xã Ba Xa	380
6389	Phường Nhơn Bình	382
6390	Phường Nhơn Phú	382
6391	Phường Đống Đa	382
6392	Phường Trần Quang Diệu	382
6393	Phường Hải Cảng	382
6394	Phường Quang Trung	382
6395	Phường Ngô Mây	382
6396	Phường Trần Phú	382
6397	Phường Thị Nại	382
6398	Phường Bùi Thị Xuân	382
6399	Phường Nguyễn Văn Cừ	382
6400	Phường Ghềnh Ráng	382
6401	Xã Nhơn Lý	382
6402	Xã Nhơn Hội	382
6403	Xã Nhơn Hải	382
6404	Xã Nhơn Châu	382
6405	Xã Phước Mỹ	382
6406	Thị trấn An Lão	383
6407	Xã An Hưng	383
6408	Xã An Trung	383
6409	Xã An Dũng	383
6410	Xã An Vinh	383
6411	Xã An Toàn	383
6412	Xã An Tân	383
6413	Xã An Hòa	383
6414	Xã An Quang	383
6415	Xã An Nghĩa	383
6416	Phường Tam Quan	384
6417	Phường Bồng Sơn	384
6418	Xã Hoài Sơn	384
6419	Xã Hoài Châu Bắc	384
6420	Xã Hoài Châu	384
6421	Xã Hoài Phú	384
6422	Phường Tam Quan Bắc	384
6423	Phường Tam Quan Nam	384
6424	Phường Hoài Hảo	384
6425	Phường Hoài Thanh Tây	384
6426	Phường Hoài Thanh	384
6427	Phường Hoài Hương	384
6428	Phường Hoài Tân	384
6429	Xã Hoài Hải	384
6430	Phường Hoài Xuân	384
6431	Xã Hoài Mỹ	384
6432	Phường Hoài Đức	384
6433	Thị trấn Tăng Bạt Hổ	385
6434	Xã Ân Hảo Tây	385
6435	Xã Ân Hảo Đông	385
6436	Xã Ân Sơn	385
6437	Xã Ân Mỹ	385
6438	Xã Đak Mang	385
6439	Xã Ân Tín	385
6440	Xã Ân Thạnh	385
6441	Xã Ân Phong	385
6442	Xã Ân Đức	385
6443	Xã Ân Hữu	385
6444	Xã Bok Tới	385
6445	Xã Ân Tường Tây	385
6446	Xã Ân Tường Đông	385
6447	Xã Ân Nghĩa	385
6448	Thị trấn Phù Mỹ	386
6449	Thị trấn Bình Dương	386
6450	Xã Mỹ Đức	386
6451	Xã Mỹ Châu	386
6452	Xã Mỹ Thắng	386
6453	Xã Mỹ Lộc	386
6454	Xã Mỹ Lợi	386
6455	Xã Mỹ An	386
6456	Xã Mỹ Phong	386
6457	Xã Mỹ Trinh	386
6458	Xã Mỹ Thọ	386
6459	Xã Mỹ Hòa	386
6460	Xã Mỹ Thành	386
6461	Xã Mỹ Chánh	386
6462	Xã Mỹ Quang	386
6463	Xã Mỹ Hiệp	386
6464	Xã Mỹ Tài	386
6465	Xã Mỹ Cát	386
6466	Xã Mỹ Chánh Tây	386
6467	Thị trấn Vĩnh Thạnh	387
6468	Xã Vĩnh Sơn	387
6469	Xã Vĩnh Kim	387
6470	Xã Vĩnh Hiệp	387
6471	Xã Vĩnh Hảo	387
6472	Xã Vĩnh Hòa	387
6473	Xã Vĩnh Thịnh	387
6474	Xã Vĩnh Thuận	387
6475	Xã Vĩnh Quang	387
6476	Thị trấn Phú Phong	388
6477	Xã Bình Tân	388
6478	Xã Tây Thuận	388
6479	Xã Bình Thuận	388
6480	Xã Tây Giang	388
6481	Xã Bình Thành	388
6482	Xã Tây An	388
6483	Xã Bình Hòa	388
6484	Xã Tây Bình	388
6485	Xã Bình Tường	388
6486	Xã Tây Vinh	388
6487	Xã Vĩnh An	388
6488	Xã Tây Xuân	388
6489	Xã Bình Nghi	388
6490	Xã Tây Phú	388
6491	Thị trấn Ngô Mây	389
6492	Xã Cát Sơn	389
6493	Xã Cát Minh	389
6494	Thị trấn Cát Khánh	389
6495	Xã Cát Tài	389
6496	Xã Cát Lâm	389
6497	Xã Cát Hanh	389
6498	Xã Cát Thành	389
6499	Xã Cát Trinh	389
6500	Xã Cát Hải	389
6501	Xã Cát Hiệp	389
6502	Xã Cát Nhơn	389
6503	Xã Cát Hưng	389
6504	Xã Cát Tường	389
6505	Xã Cát Tân	389
6506	Thị trấn Cát Tiến	389
6507	Xã Cát Thắng	389
6508	Xã Cát Chánh	389
6509	Phường Bình Định	390
6510	Phường Đập Đá	390
6511	Xã Nhơn Mỹ	390
6512	Phường Nhơn Thành	390
6513	Xã Nhơn Hạnh	390
6514	Xã Nhơn Hậu	390
6515	Xã Nhơn Phong	390
6516	Xã Nhơn An	390
6517	Xã Nhơn Phúc	390
6518	Phường Nhơn Hưng	390
6519	Xã Nhơn Khánh	390
6520	Xã Nhơn Lộc	390
6521	Phường Nhơn Hoà	390
6522	Xã Nhơn Tân	390
6523	Xã Nhơn Thọ	390
6524	Thị trấn Tuy Phước	391
6525	Thị trấn Diêu Trì	391
6526	Xã Phước Thắng	391
6527	Xã Phước Hưng	391
6528	Xã Phước Quang	391
6529	Xã Phước Hòa	391
6530	Xã Phước Sơn	391
6531	Xã Phước Hiệp	391
6532	Xã Phước Lộc	391
6533	Xã Phước Nghĩa	391
6534	Xã Phước Thuận	391
6535	Xã Phước An	391
6536	Xã Phước Thành	391
6537	Thị trấn Vân Canh	392
6538	Xã Canh Liên	392
6539	Xã Canh Hiệp	392
6540	Xã Canh Vinh	392
6541	Xã Canh Hiển	392
6542	Xã Canh Thuận	392
6543	Xã Canh Hòa	392
6544	Phường 1	393
6545	Phường 2	393
6546	Phường 9	393
6547	Phường 4	393
6548	Phường 5	393
6549	Phường 7	393
6550	Phường Phú Thạnh	393
6551	Phường Phú Đông	393
6552	Xã Hòa Kiến	393
6553	Xã Bình Kiến	393
6554	Xã An Phú	393
6555	Phường Phú Lâm	393
6556	Phường Xuân Phú	394
6557	Xã Xuân Lâm	394
6558	Phường Xuân Thành	394
6559	Xã Xuân Hải	394
6560	Xã Xuân Lộc	394
6561	Xã Xuân Bình	394
6562	Xã Xuân Cảnh	394
6563	Xã Xuân Thịnh	394
6564	Xã Xuân Phương	394
6565	Phường Xuân Yên	394
6566	Xã Xuân Thọ 1	394
6567	Phường Xuân Đài	394
6568	Xã Xuân Thọ 2	394
6569	Thị trấn La Hai	395
6570	Xã Đa Lộc	395
6571	Xã Phú Mỡ	395
6572	Xã Xuân Lãnh	395
6573	Xã Xuân Long	395
6574	Xã Xuân Quang 1	395
6575	Xã Xuân Sơn Bắc	395
6576	Xã Xuân Quang 2	395
6577	Xã Xuân Sơn Nam	395
6578	Xã Xuân Quang 3	395
6579	Xã Xuân Phước	395
6580	Thị trấn Chí Thạnh	396
6581	Xã An Dân	396
6582	Xã An Ninh Tây	396
6583	Xã An Ninh Đông	396
6584	Xã An Thạch	396
6585	Xã An Định	396
6586	Xã An Nghiệp	396
6587	Xã An Cư	396
6588	Xã An Xuân	396
6589	Xã An Lĩnh	396
6590	Xã An Hòa Hải	396
6591	Xã An Hiệp	396
6592	Xã An Mỹ	396
6593	Xã An Chấn	396
6594	Xã An Thọ	396
6595	Thị trấn Củng Sơn	397
6596	Xã Phước Tân	397
6597	Xã Sơn Hội	397
6598	Xã Sơn Định	397
6599	Xã Sơn Long	397
6600	Xã Cà Lúi	397
6601	Xã Sơn Phước	397
6602	Xã Sơn Xuân	397
6603	Xã Sơn Nguyên	397
6604	Xã Eachà Rang	397
6605	Xã Krông Pa	397
6606	Xã Suối Bạc	397
6607	Xã Sơn Hà	397
6608	Xã Suối Trai	397
6609	Thị trấn Hai Riêng	398
6610	Xã Ea Lâm	398
6611	Xã Đức Bình Tây	398
6612	Xã Ea Bá	398
6613	Xã Sơn Giang	398
6614	Xã Đức Bình Đông	398
6615	Xã EaBar	398
6616	Xã EaBia	398
6617	Xã EaTrol	398
6618	Xã Sông Hinh	398
6619	Xã Ealy	398
6620	Xã Sơn Thành Tây	399
6621	Xã Sơn Thành Đông	399
6622	Xã Hòa Bình 1	399
6623	Thị trấn Phú Thứ	399
6624	Xã Hòa Phong	399
6625	Xã Hòa Phú	399
6626	Xã Hòa Tân Tây	399
6627	Xã Hòa Đồng	399
6628	Xã Hòa Mỹ Đông	399
6629	Xã Hòa Mỹ Tây	399
6630	Xã Hòa Thịnh	399
6631	Xã Hòa Quang Bắc	400
6632	Xã Hòa Quang Nam	400
6633	Xã Hòa Hội	400
6634	Xã Hòa Trị	400
6635	Xã Hòa An	400
6636	Xã Hòa Định Đông	400
6637	Thị trấn Phú Hoà	400
6638	Xã Hòa Định Tây	400
6639	Xã Hòa Thắng	400
6640	Xã Hòa Thành	401
6641	Phường Hòa Hiệp Bắc	401
6642	Phường Hoà Vinh	401
6643	Phường Hoà Hiệp Trung	401
6644	Xã Hòa Tân Đông	401
6645	Phường Hòa Xuân Tây	401
6646	Phường Hòa Hiệp Nam	401
6647	Xã Hòa Xuân Đông	401
6648	Xã Hòa Tâm	401
6649	Xã Hòa Xuân Nam	401
6650	Phường Vĩnh Hòa	402
6651	Phường Vĩnh Hải	402
6652	Phường Vĩnh Phước	402
6653	Phường Ngọc Hiệp	402
6654	Phường Vĩnh Thọ	402
6655	Phường Vạn Thạnh	402
6656	Phường Phương Sài	402
6657	Phường Phước Hải	402
6658	Phường Lộc Thọ	402
6659	Phường Tân Tiến	402
6660	Phường Phước Hòa	402
6661	Phường Vĩnh Nguyên	402
6662	Phường Phước Long	402
6663	Phường Vĩnh Trường	402
6664	Xã Vĩnh Lương	402
6665	Xã Vĩnh Phương	402
6666	Xã Vĩnh Ngọc	402
6667	Xã Vĩnh Thạnh	402
6668	Xã Vĩnh Trung	402
6669	Xã Vĩnh Hiệp	402
6670	Xã Vĩnh Thái	402
6671	Xã Phước Đồng	402
6672	Phường Cam Nghĩa	403
6673	Phường Cam Phúc Bắc	403
6674	Phường Cam Phúc Nam	403
6675	Phường Cam Lộc	403
6676	Phường Cam Phú	403
6677	Phường Ba Ngòi	403
6678	Phường Cam Thuận	403
6679	Phường Cam Lợi	403
6680	Phường Cam Linh	403
6681	Xã Cam Thành Nam	403
6682	Xã Cam Phước Đông	403
6683	Xã Cam Thịnh Tây	403
6684	Xã Cam Thịnh Đông	403
6685	Xã Cam Lập	403
6686	Xã Cam Bình	403
6687	Xã Cam Tân	404
6688	Xã Cam Hòa	404
6689	Xã Cam Hải Đông	404
6690	Xã Cam Hải Tây	404
6691	Xã Sơn Tân	404
6692	Xã Cam Hiệp Bắc	404
6693	Thị trấn Cam Đức	404
6694	Xã Cam Hiệp Nam	404
6695	Xã Cam Phước Tây	404
6696	Xã Cam Thành Bắc	404
6697	Xã Cam An Bắc	404
6698	Xã Cam An Nam	404
6699	Xã Suối Cát	404
6700	Xã Suối Tân	404
6701	Thị trấn Vạn Giã	405
6702	Xã Đại Lãnh	405
6703	Xã Vạn Phước	405
6704	Xã Vạn Long	405
6705	Xã Vạn Bình	405
6706	Xã Vạn Thọ	405
6707	Xã Vạn Khánh	405
6708	Xã Vạn Phú	405
6709	Xã Vạn Lương	405
6710	Xã Vạn Thắng	405
6711	Xã Vạn Thạnh	405
6712	Xã Xuân Sơn	405
6713	Xã Vạn Hưng	405
6714	Phường Ninh Hiệp	406
6715	Xã Ninh Sơn	406
6716	Xã Ninh Tây	406
6717	Xã Ninh Thượng	406
6718	Xã Ninh An	406
6719	Phường Ninh Hải	406
6720	Xã Ninh Thọ	406
6721	Xã Ninh Trung	406
6722	Xã Ninh Sim	406
6723	Xã Ninh Xuân	406
6724	Xã Ninh Thân	406
6725	Phường Ninh Diêm	406
6726	Xã Ninh Đông	406
6727	Phường Ninh Thủy	406
6728	Phường Ninh Đa	406
6729	Xã Ninh Phụng	406
6730	Xã Ninh Bình	406
6731	Xã Ninh Phú	406
6732	Xã Ninh Tân	406
6733	Xã Ninh Quang	406
6734	Phường Ninh Giang	406
6735	Phường Ninh Hà	406
6736	Xã Ninh Hưng	406
6737	Xã Ninh Lộc	406
6738	Xã Ninh Ích	406
6739	Xã Ninh Phước	406
6740	Thị trấn Khánh Vĩnh	407
6741	Xã Khánh Hiệp	407
6742	Xã Khánh Bình	407
6743	Xã Khánh Trung	407
6744	Xã Khánh Đông	407
6745	Xã Khánh Thượng	407
6746	Xã Khánh Nam	407
6747	Xã Sông Cầu	407
6748	Xã Giang Ly	407
6749	Xã Cầu Bà	407
6750	Xã Liên Sang	407
6751	Xã Khánh Thành	407
6752	Xã Khánh Phú	407
6753	Xã Sơn Thái	407
6754	Thị trấn Diên Khánh	408
6755	Xã Diên Lâm	408
6756	Xã Diên Điền	408
6757	Xã Xuân Đồng	408
6758	Xã Diên Sơn	408
6759	Xã Diên Phú	408
6760	Xã Diên Thọ	408
6761	Xã Diên Phước	408
6762	Xã Diên Lạc	408
6763	Xã Diên Tân	408
6764	Xã Diên Hòa	408
6765	Xã Diên Thạnh	408
6766	Xã Diên Toàn	408
6767	Xã Diên An	408
6768	Xã Bình Lộc	408
6769	Xã Suối Hiệp	408
6770	Xã Suối Tiên	408
6771	Thị trấn Tô Hạp	409
6772	Xã Thành Sơn	409
6773	Xã Sơn Lâm	409
6774	Xã Sơn Hiệp	409
6775	Xã Sơn Bình	409
6776	Xã Sơn Trung	409
6777	Xã Ba Cụm Bắc	409
6778	Xã Ba Cụm Nam	409
6779	Thị trấn Trường Sa	410
6780	Xã Song Tử Tây	410
6781	Xã Sinh Tồn	410
6782	Phường Đô Vinh	411
6783	Phường Phước Mỹ	411
6784	Phường Bảo An	411
6785	Phường Phủ Hà	411
6786	Phường Kinh Dinh	411
6787	Phường Đạo Long	411
6788	Phường Đài Sơn	411
6789	Phường Đông Hải	411
6790	Phường Mỹ Đông	411
6791	Xã Thành Hải	411
6792	Phường Văn Hải	411
6793	Phường Mỹ Bình	411
6794	Phường Mỹ Hải	411
6795	Xã Phước Bình	412
6796	Xã Phước Hòa	412
6797	Xã Phước Tân	412
6798	Xã Phước Tiến	412
6799	Xã Phước Thắng	412
6800	Xã Phước Thành	412
6801	Xã Phước Đại	412
6802	Xã Phước Chính	412
6803	Xã Phước Trung	412
6804	Thị trấn Tân Sơn	413
6805	Xã Lâm Sơn	413
6806	Xã Lương Sơn	413
6807	Xã Quảng Sơn	413
6808	Xã Mỹ Sơn	413
6809	Xã Hòa Sơn	413
6810	Xã Ma Nới	413
6811	Xã Nhơn Sơn	413
6812	Thị trấn Khánh Hải	414
6813	Xã Vĩnh Hải	414
6814	Xã Phương Hải	414
6815	Xã Tân Hải	414
6816	Xã Xuân Hải	414
6817	Xã Hộ Hải	414
6818	Xã Tri Hải	414
6819	Xã Nhơn Hải	414
6820	Xã Thanh Hải	414
6821	Thị trấn Phước Dân	415
6822	Xã Phước Sơn	415
6823	Xã Phước Thái	415
6824	Xã Phước Hậu	415
6825	Xã Phước Thuận	415
6826	Xã An Hải	415
6827	Xã Phước Hữu	415
6828	Xã Phước Hải	415
6829	Xã Phước Vinh	415
6830	Xã Phước Chiến	416
6831	Xã Công Hải	416
6832	Xã Phước Kháng	416
6833	Xã Lợi Hải	416
6834	Xã Bắc Sơn	416
6835	Xã Bắc Phong	416
6836	Xã Phước Hà	417
6837	Xã Phước Nam	417
6838	Xã Phước Ninh	417
6839	Xã Nhị Hà	417
6840	Xã Phước Dinh	417
6841	Xã Phước Minh	417
6842	Xã Phước Diêm	417
6843	Xã Cà Ná	417
6844	Phường Mũi Né	418
6845	Phường Hàm Tiến	418
6846	Phường Phú Hài	418
6847	Phường Phú Thủy	418
6848	Phường Phú Tài	418
6849	Phường Phú Trinh	418
6850	Phường Xuân An	418
6851	Phường Thanh Hải	418
6852	Phường Lạc Đạo	418
6853	Phường Bình Hưng	418
6854	Phường Đức Long	418
6855	Xã Thiện Nghiệp	418
6856	Xã Phong Nẫm	418
6857	Xã Tiến Lợi	418
6858	Xã Tiến Thành	418
6859	Phường Phước Hội	419
6860	Phường Phước Lộc	419
6861	Phường Tân Thiện	419
6862	Phường Tân An	419
6863	Phường Bình Tân	419
6864	Xã Tân Hải	419
6865	Xã Tân Tiến	419
6866	Xã Tân Bình	419
6867	Xã Tân Phước	419
6868	Thị trấn Liên Hương	420
6869	Thị trấn Phan Rí Cửa	420
6870	Xã Phan Dũng	420
6871	Xã Phong Phú	420
6872	Xã Vĩnh Hảo	420
6873	Xã Vĩnh Tân	420
6874	Xã Phú Lạc	420
6875	Xã Phước Thể	420
6876	Xã Hòa Minh	420
6877	Xã Chí Công	420
6878	Xã Bình Thạnh	420
6879	Thị trấn Chợ Lầu	421
6880	Xã Phan Sơn	421
6881	Xã Phan Lâm	421
6882	Xã Bình An	421
6883	Xã Phan Điền	421
6884	Xã Hải Ninh	421
6885	Xã Sông Lũy	421
6886	Xã Phan Tiến	421
6887	Xã Sông Bình	421
6888	Thị trấn Lương Sơn	421
6889	Xã Phan Hòa	421
6890	Xã Phan Thanh	421
6891	Xã Hồng Thái	421
6892	Xã Phan Hiệp	421
6893	Xã Bình Tân	421
6894	Xã Phan Rí Thành	421
6895	Xã Hòa Thắng	421
6896	Xã Hồng Phong	421
6897	Thị trấn Ma Lâm	422
6898	Thị trấn Phú Long	422
6899	Xã La Dạ	422
6900	Xã Đông Tiến	422
6901	Xã Thuận Hòa	422
6902	Xã Đông Giang	422
6903	Xã Hàm Phú	422
6904	Xã Hồng Liêm	422
6905	Xã Thuận Minh	422
6906	Xã Hồng Sơn	422
6907	Xã Hàm Trí	422
6908	Xã Hàm Đức	422
6909	Xã Hàm Liêm	422
6910	Xã Hàm Chính	422
6911	Xã Hàm Hiệp	422
6912	Xã Hàm Thắng	422
6913	Xã Đa Mi	422
6914	Thị trấn Thuận Nam	423
6915	Xã Mỹ Thạnh	423
6916	Xã Hàm Cần	423
6917	Xã Mương Mán	423
6918	Xã Hàm Thạnh	423
6919	Xã Hàm Kiệm	423
6920	Xã Hàm Cường	423
6921	Xã Hàm Mỹ	423
6922	Xã Tân Lập	423
6923	Xã Hàm Minh	423
6924	Xã Thuận Quí	423
6925	Xã Tân Thuận	423
6926	Xã Tân Thành	423
6927	Thị trấn Lạc Tánh	424
6928	Xã Bắc Ruộng	424
6929	Xã Nghị Đức	424
6930	Xã La Ngâu	424
6931	Xã Huy Khiêm	424
6932	Xã Măng Tố	424
6933	Xã Đức Phú	424
6934	Xã Đồng Kho	424
6935	Xã Gia An	424
6936	Xã Đức Bình	424
6937	Xã Gia Huynh	424
6938	Xã Đức Thuận	424
6939	Xã Suối Kiết	424
6940	Thị trấn Võ Xu	425
6941	Thị trấn Đức Tài	425
6942	Xã Đa Kai	425
6943	Xã Sùng Nhơn	425
6944	Xã Mê Pu	425
6945	Xã Nam Chính	425
6946	Xã Đức Hạnh	425
6947	Xã Đức Tín	425
6948	Xã Vũ Hoà	425
6949	Xã Tân Hà	425
6950	Xã Đông Hà	425
6951	Xã Trà Tân	425
6952	Thị trấn Tân Minh	426
6953	Thị trấn Tân Nghĩa	426
6954	Xã Sông Phan	426
6955	Xã Tân Phúc	426
6956	Xã Tân Đức	426
6957	Xã Tân Thắng	426
6958	Xã Thắng Hải	426
6959	Xã Tân Hà	426
6960	Xã Tân Xuân	426
6961	Xã Sơn Mỹ	426
6962	Xã Ngũ Phụng	427
6963	Xã Long Hải	427
6964	Xã Tam Thanh	427
6965	Phường Quang Trung	428
6966	Phường Duy Tân	428
6967	Phường Quyết Thắng	428
6968	Phường Trường Chinh	428
6969	Phường Thắng Lợi	428
6970	Phường Ngô Mây	428
6971	Phường Thống Nhất	428
6972	Phường Lê Lợi	428
6973	Phường Nguyễn Trãi	428
6974	Phường Trần Hưng Đạo	428
6975	Xã Đắk Cấm	428
6976	Xã Kroong	428
6977	Xã Ngọk Bay	428
6978	Xã Vinh Quang	428
6979	Xã Đắk Blà	428
6980	Xã Ia Chim	428
6981	Xã Đăk Năng	428
6982	Xã Đoàn Kết	428
6983	Xã Chư Hreng	428
6984	Xã Đắk Rơ Wa	428
6985	Xã Hòa Bình	428
6986	Thị trấn Đắk Glei	429
6987	Xã Đắk Blô	429
6988	Xã Đắk Man	429
6989	Xã Đắk Nhoong	429
6990	Xã Đắk Pék	429
6991	Xã Đắk Choong	429
6992	Xã Xốp	429
6993	Xã Mường Hoong	429
6994	Xã Ngọc Linh	429
6995	Xã Đắk Long	429
6996	Xã Đắk KRoong	429
6997	Xã Đắk Môn	429
6998	Thị trấn Plei Kần	430
6999	Xã Đắk Ang	430
7000	Xã Đắk Dục	430
7001	Xã Đắk Nông	430
7002	Xã Đắk Xú	430
7003	Xã Đắk Kan	430
7004	Xã Bờ Y	430
7005	Xã Sa Loong	430
7006	Thị trấn Đắk Tô	431
7007	Xã Đắk Rơ Nga	431
7008	Xã Ngọk Tụ	431
7009	Xã Đắk Trăm	431
7010	Xã Văn Lem	431
7011	Xã Kon Đào	431
7012	Xã Tân Cảnh	431
7013	Xã Diên Bình	431
7014	Xã Pô Kô	431
7015	Xã Đắk Nên	432
7016	Xã Đắk Ring	432
7017	Xã Măng Buk	432
7018	Xã Đắk Tăng	432
7019	Xã Ngok Tem	432
7020	Xã Pờ Ê	432
7021	Xã Măng Cành	432
7022	Thị trấn Măng Đen	432
7023	Xã Hiếu	432
7024	Thị trấn Đắk Rve	433
7025	Xã Đắk Kôi	433
7026	Xã Đắk Tơ Lung	433
7027	Xã Đắk Ruồng	433
7028	Xã Đắk Pne	433
7029	Xã Đắk Tờ Re	433
7030	Xã Tân Lập	433
7031	Thị trấn Đắk Hà	434
7032	Xã Đắk PXi	434
7033	Xã Đăk Long	434
7034	Xã Đắk HRing	434
7035	Xã Đắk Ui	434
7036	Xã Đăk Ngọk	434
7037	Xã Đắk Mar	434
7038	Xã Ngok Wang	434
7039	Xã Ngok Réo	434
7040	Xã Hà Mòn	434
7041	Xã Đắk La	434
7042	Thị trấn Sa Thầy	435
7043	Xã Rơ Kơi	435
7044	Xã Sa Nhơn	435
7045	Xã Hơ Moong	435
7046	Xã Mô Rai	435
7047	Xã Sa Sơn	435
7048	Xã Sa Nghĩa	435
7049	Xã Sa Bình	435
7050	Xã Ya Xiêr	435
7051	Xã Ya Tăng	435
7052	Xã Ya ly	435
7053	Xã Ngọc Lây	436
7054	Xã Đắk Na	436
7055	Xã Măng Ri	436
7056	Xã Ngọc Yêu	436
7057	Xã Đắk Sao	436
7058	Xã Đắk Rơ Ông	436
7059	Xã Đắk Tờ Kan	436
7060	Xã Tu Mơ Rông	436
7061	Xã Đắk Hà	436
7062	Xã Tê Xăng	436
7063	Xã Văn Xuôi	436
7064	Xã Ia Đal	437
7065	Xã Ia Dom	437
7066	Xã Ia Tơi	437
7067	Phường Yên Đỗ	438
7068	Phường Diên Hồng	438
7069	Phường Ia Kring	438
7070	Phường Hội Thương	438
7071	Phường Hội Phú	438
7072	Phường Phù Đổng	438
7073	Phường Hoa Lư	438
7074	Phường Tây Sơn	438
7075	Phường Thống Nhất	438
7076	Phường Đống Đa	438
7077	Phường Trà Bá	438
7078	Phường Thắng Lợi	438
7079	Phường Yên Thế	438
7080	Phường Chi Lăng	438
7081	Xã Biển Hồ	438
7082	Xã Trà Đa	438
7083	Xã Chư Á	438
7084	Xã An Phú	438
7085	Xã Diên Phú	438
7086	Xã Ia Kênh	438
7087	Xã Gào	438
7088	Phường An Bình	439
7089	Phường Tây Sơn	439
7090	Phường An Phú	439
7091	Phường An Tân	439
7092	Xã Tú An	439
7093	Xã Xuân An	439
7094	Xã Cửu An	439
7095	Phường An Phước	439
7096	Xã Song An	439
7097	Phường Ngô Mây	439
7098	Xã Thành An	439
7099	Phường Cheo Reo	440
7100	Phường Hòa Bình	440
7101	Phường Đoàn Kết	440
7102	Phường Sông Bờ	440
7103	Xã Ia RBol	440
7104	Xã Chư Băh	440
7105	Xã Ia RTô	440
7106	Xã Ia Sao	440
7107	Thị trấn KBang	441
7108	Xã Kon Pne	441
7109	Xã Đăk Roong	441
7110	Xã Sơn Lang	441
7111	Xã KRong	441
7112	Xã Sơ Pai	441
7113	Xã Lơ Ku	441
7114	Xã Đông	441
7115	Xã Đak SMar	441
7116	Xã Nghĩa An	441
7117	Xã Tơ Tung	441
7118	Xã Kông Lơng Khơng	441
7119	Xã Kông Bơ La	441
7120	Thị trấn Đăk Đoa	442
7121	Xã Hà Đông	442
7122	Xã Đăk Sơmei	442
7123	Xã Đăk Krong	442
7124	Xã Hải Yang	442
7125	Xã Kon Gang	442
7126	Xã Hà Bầu	442
7127	Xã Nam Yang	442
7128	Xã K' Dang	442
7129	Xã H' Neng	442
7130	Xã Tân Bình	442
7131	Xã Glar	442
7132	Xã A Dơk	442
7133	Xã Trang	442
7134	Xã HNol	442
7135	Xã Ia Pết	442
7136	Xã Ia Băng	442
7137	Thị trấn Phú Hòa	443
7138	Xã Hà Tây	443
7139	Xã Ia Khươl	443
7140	Xã Ia Phí	443
7141	Thị trấn Ia Ly	443
7142	Xã Ia Mơ Nông	443
7143	Xã Ia Kreng	443
7144	Xã Đăk Tơ Ver	443
7145	Xã Hòa Phú	443
7146	Xã Chư Đăng Ya	443
7147	Xã Ia Ka	443
7148	Xã Ia Nhin	443
7149	Xã Nghĩa Hòa	443
7150	Xã Nghĩa Hưng	443
7151	Thị trấn Ia Kha	444
7152	Xã Ia Sao	444
7153	Xã Ia Yok	444
7154	Xã Ia Hrung	444
7155	Xã Ia Bă	444
7156	Xã Ia Khai	444
7157	Xã Ia KRai	444
7158	Xã Ia Grăng	444
7159	Xã Ia Tô	444
7160	Xã Ia O	444
7161	Xã Ia Dêr	444
7162	Xã Ia Chia	444
7163	Xã Ia Pếch	444
7164	Thị trấn Kon Dơng	445
7165	Xã Ayun	445
7166	Xã Đak Jơ Ta	445
7167	Xã Đak Ta Ley	445
7168	Xã Hra	445
7169	Xã Đăk Yă	445
7170	Xã Đăk Djrăng	445
7171	Xã Lơ Pang	445
7172	Xã Kon Thụp	445
7173	Xã Đê Ar	445
7174	Xã Kon Chiêng	445
7175	Xã Đăk Trôi	445
7176	Thị trấn Kông Chro	446
7177	Xã Chư Krêy	446
7178	Xã An Trung	446
7179	Xã Kông Yang	446
7180	Xã Đăk Tơ Pang	446
7181	Xã SRó	446
7182	Xã Đắk Kơ Ning	446
7183	Xã Đăk Song	446
7184	Xã Đăk Pling	446
7185	Xã Yang Trung	446
7186	Xã Đăk Pơ Pho	446
7187	Xã Ya Ma	446
7188	Xã Chơ Long	446
7189	Xã Yang Nam	446
7190	Thị trấn Chư Ty	447
7191	Xã Ia Dơk	447
7192	Xã Ia Krêl	447
7193	Xã Ia Din	447
7194	Xã Ia Kla	447
7195	Xã Ia Dom	447
7196	Xã Ia Lang	447
7197	Xã Ia Kriêng	447
7198	Xã Ia Pnôn	447
7199	Xã Ia Nan	447
7200	Thị trấn Chư Prông	448
7201	Xã Ia Kly	448
7202	Xã Bình Giáo	448
7203	Xã Ia Drăng	448
7204	Xã Thăng Hưng	448
7205	Xã Bàu Cạn	448
7206	Xã Ia Phìn	448
7207	Xã Ia Băng	448
7208	Xã Ia Tôr	448
7209	Xã Ia Boòng	448
7210	Xã Ia O	448
7211	Xã Ia Púch	448
7212	Xã Ia Me	448
7213	Xã Ia Vê	448
7214	Xã Ia Bang	448
7215	Xã Ia Pia	448
7216	Xã Ia Ga	448
7217	Xã Ia Lâu	448
7218	Xã Ia Piơr	448
7219	Xã Ia Mơ	448
7220	Thị trấn Chư Sê	449
7221	Xã Ia Tiêm	449
7222	Xã Chư Pơng	449
7223	Xã Bar Măih	449
7224	Xã Bờ Ngoong	449
7225	Xã Ia Glai	449
7226	Xã AL Bá	449
7227	Xã Kông HTok	449
7228	Xã AYun	449
7229	Xã Ia HLốp	449
7230	Xã Ia Blang	449
7231	Xã Dun	449
7232	Xã Ia Pal	449
7233	Xã H Bông	449
7234	Xã Ia Ko	449
7235	Xã Hà Tam	450
7236	Xã An Thành	450
7237	Thị trấn Đak Pơ	450
7238	Xã Yang Bắc	450
7239	Xã Cư An	450
7240	Xã Tân An	450
7241	Xã Phú An	450
7242	Xã Ya Hội	450
7243	Xã Pờ Tó	451
7244	Xã Chư Răng	451
7245	Xã Ia KDăm	451
7246	Xã Kim Tân	451
7247	Xã Chư Mố	451
7248	Xã Ia Tul	451
7249	Xã Ia Ma Rơn	451
7250	Xã Ia Broăi	451
7251	Xã Ia Trok	451
7252	Thị trấn Phú Túc	452
7253	Xã Ia RSai	452
7254	Xã Ia RSươm	452
7255	Xã Chư Gu	452
7256	Xã Đất Bằng	452
7257	Xã Ia Mláh	452
7258	Xã Chư Drăng	452
7259	Xã Phú Cần	452
7260	Xã Ia HDreh	452
7261	Xã Ia RMok	452
7262	Xã Chư Ngọc	452
7263	Xã Uar	452
7264	Xã Chư Rcăm	452
7265	Xã Krông Năng	452
7266	Thị trấn Phú Thiện	453
7267	Xã Chư A Thai	453
7268	Xã Ayun Hạ	453
7269	Xã Ia Ake	453
7270	Xã Ia Sol	453
7271	Xã Ia Piar	453
7272	Xã Ia Peng	453
7273	Xã Chrôh Pơnan	453
7274	Xã Ia Hiao	453
7275	Xã Ia Yeng	453
7276	Thị trấn Nhơn Hoà	454
7277	Xã Ia Hrú	454
7278	Xã Ia Rong	454
7279	Xã Ia Dreng	454
7280	Xã Ia Hla	454
7281	Xã Chư Don	454
7282	Xã Ia Phang	454
7283	Xã Ia Le	454
7284	Xã Ia BLứ	454
7285	Phường Tân Lập	455
7286	Phường Tân Hòa	455
7287	Phường Tân An	455
7288	Phường Thành Nhất	455
7289	Phường Thành Công	455
7290	Phường Tân Lợi	455
7291	Phường Tân Thành	455
7292	Phường Tân Tiến	455
7293	Phường Tự An	455
7294	Phường Ea Tam	455
7295	Phường Khánh Xuân	455
7296	Xã Hòa Thuận	455
7297	Xã Cư ÊBur	455
7298	Xã Ea Tu	455
7299	Xã Hòa Thắng	455
7300	Xã Ea Kao	455
7301	Xã Hòa Phú	455
7302	Xã Hòa Khánh	455
7303	Xã Hòa Xuân	455
7304	Phường An Lạc	456
7305	Phường An Bình	456
7306	Phường Thiện An	456
7307	Phường Đạt Hiếu	456
7308	Phường Đoàn Kết	456
7309	Xã Ea Drông	456
7310	Phường Thống Nhất	456
7311	Phường Bình Tân	456
7312	Xã Ea Siên	456
7313	Xã Bình Thuận	456
7314	Xã Cư Bao	456
7315	Thị trấn Ea Drăng	457
7316	Xã Ea H'leo	457
7317	Xã Ea Sol	457
7318	Xã Ea Ral	457
7319	Xã Ea Wy	457
7320	Xã Cư A Mung	457
7321	Xã Cư Mốt	457
7322	Xã Ea Hiao	457
7323	Xã Ea Khal	457
7324	Xã Dliê Yang	457
7325	Xã Ea Tir	457
7326	Xã Ea Nam	457
7327	Thị trấn Ea Súp	458
7328	Xã Ia Lốp	458
7329	Xã Ia JLơi	458
7330	Xã Ea Rốk	458
7331	Xã Ya Tờ Mốt	458
7332	Xã Ia RVê	458
7333	Xã Ea Lê	458
7334	Xã Cư KBang	458
7335	Xã Ea Bung	458
7336	Xã Cư M'Lan	458
7337	Xã Krông Na	459
7338	Xã Ea Huar	459
7339	Xã Ea Wer	459
7340	Xã Tân Hoà	459
7341	Xã Cuôr KNia	459
7342	Xã Ea Bar	459
7343	Xã Ea Nuôl	459
7344	Thị trấn Ea Pốk	460
7345	Thị trấn Quảng Phú	460
7346	Xã Quảng Tiến	460
7347	Xã Ea Kuêh	460
7348	Xã Ea Kiết	460
7349	Xã Ea Tar	460
7350	Xã Cư Dliê M'nông	460
7351	Xã Ea H'đinh	460
7352	Xã Ea Tul	460
7353	Xã Ea KPam	460
7354	Xã Ea M'DRóh	460
7355	Xã Quảng Hiệp	460
7356	Xã Cư M'gar	460
7357	Xã Ea D'Rơng	460
7358	Xã Ea M'nang	460
7359	Xã Cư Suê	460
7360	Xã Cuor Đăng	460
7361	Xã Cư Né	461
7362	Xã Chư KBô	461
7363	Xã Cư Pơng	461
7364	Xã Ea Sin	461
7365	Thị trấn Pơng Drang	461
7366	Xã Tân Lập	461
7367	Xã Ea Ngai	461
7368	Thị trấn Krông Năng	462
7369	Xã ĐLiê Ya	462
7370	Xã Ea Tóh	462
7371	Xã Ea Tam	462
7372	Xã Phú Lộc	462
7373	Xã Tam Giang	462
7374	Xã Ea Puk	462
7375	Xã Ea Dăh	462
7376	Xã Ea Hồ	462
7377	Xã Phú Xuân	462
7378	Xã Cư Klông	462
7379	Xã Ea Tân	462
7380	Thị trấn Ea Kar	463
7381	Thị trấn Ea Knốp	463
7382	Xã Ea Sô	463
7383	Xã Ea Sar	463
7384	Xã Xuân Phú	463
7385	Xã Cư Huê	463
7386	Xã Ea Tih	463
7387	Xã Ea Đar	463
7388	Xã Ea Kmút	463
7389	Xã Cư Ni	463
7390	Xã Ea Păl	463
7391	Xã Cư Prông	463
7392	Xã Ea Ô	463
7393	Xã Cư ELang	463
7394	Xã Cư Bông	463
7395	Xã Cư Jang	463
7396	Thị trấn M'Đrắk	464
7397	Xã Cư Prao	464
7398	Xã Ea Pil	464
7399	Xã Ea Lai	464
7400	Xã Ea H'MLay	464
7401	Xã Krông Jing	464
7402	Xã Ea M' Doal	464
7403	Xã Ea Riêng	464
7404	Xã Cư M'ta	464
7405	Xã Cư K Róa	464
7406	Xã Krông Á	464
7407	Xã Cư San	464
7408	Xã Ea Trang	464
7409	Thị trấn Krông Kmar	465
7410	Xã Dang Kang	465
7411	Xã Cư KTy	465
7412	Xã Hòa Thành	465
7413	Xã Hòa Phong	465
7414	Xã Hòa Lễ	465
7415	Xã Yang Reh	465
7416	Xã Ea Trul	465
7417	Xã Khuê Ngọc Điền	465
7418	Xã Cư Pui	465
7419	Xã Hòa Sơn	465
7420	Xã Cư Drăm	465
7421	Xã Yang Mao	465
7422	Thị trấn Phước An	466
7423	Xã KRông Búk	466
7424	Xã Ea Kly	466
7425	Xã Ea Kênh	466
7426	Xã Ea Phê	466
7427	Xã Ea KNuec	466
7428	Xã Ea Yông	466
7429	Xã Hòa An	466
7430	Xã Ea Kuăng	466
7431	Xã Hòa Đông	466
7432	Xã Ea Hiu	466
7433	Xã Hòa Tiến	466
7434	Xã Tân Tiến	466
7435	Xã Vụ Bổn	466
7436	Xã Ea Uy	466
7437	Xã Ea Yiêng	466
7438	Thị trấn Buôn Trấp	467
7439	Xã Dray Sáp	467
7440	Xã Ea Na	467
7441	Xã Ea Bông	467
7442	Xã Băng A Drênh	467
7443	Xã Dur KMăl	467
7444	Xã Bình Hòa	467
7445	Xã Quảng Điền	467
7446	Thị trấn Liên Sơn	468
7447	Xã Yang Tao	468
7448	Xã Bông Krang	468
7449	Xã Đắk Liêng	468
7450	Xã Buôn Triết	468
7451	Xã Buôn Tría	468
7452	Xã Đắk Phơi	468
7453	Xã Đắk Nuê	468
7454	Xã Krông Nô	468
7455	Xã Nam Ka	468
7456	Xã Ea R'Bin	468
7457	Xã Ea Ning	469
7458	Xã Cư Ê Wi	469
7459	Xã Ea Ktur	469
7460	Xã Ea Tiêu	469
7461	Xã Ea BHốk	469
7462	Xã Ea Hu	469
7463	Xã Dray Bhăng	469
7464	Xã Hòa Hiệp	469
7465	Phường Nghĩa Đức	470
7466	Phường Nghĩa Thành	470
7467	Phường Nghĩa Phú	470
7468	Phường Nghĩa Tân	470
7469	Phường Nghĩa Trung	470
7470	Xã Đăk R'Moan	470
7471	Phường Quảng Thành	470
7472	Xã Đắk Nia	470
7473	Xã Quảng Sơn	471
7474	Xã Quảng Hoà	471
7475	Xã Đắk Ha	471
7476	Xã Đắk R'Măng	471
7477	Xã Quảng Khê	471
7478	Xã Đắk Plao	471
7479	Xã Đắk Som	471
7480	Thị trấn Ea T'Ling	472
7481	Xã Đắk Wil	472
7482	Xã Ea Pô	472
7483	Xã Nam Dong	472
7484	Xã Đắk DRông	472
7485	Xã Tâm Thắng	472
7486	Xã Cư Knia	472
7487	Xã Trúc Sơn	472
7488	Thị trấn Đắk Mil	473
7489	Xã Đắk Lao	473
7490	Xã Đắk R'La	473
7491	Xã Đắk Gằn	473
7492	Xã Đức Mạnh	473
7493	Xã Đắk N'Drót	473
7494	Xã Long Sơn	473
7495	Xã Đắk Sắk	473
7496	Xã Thuận An	473
7497	Xã Đức Minh	473
7498	Thị trấn Đắk Mâm	474
7499	Xã Đắk Sôr	474
7500	Xã Nam Xuân	474
7501	Xã Buôn Choah	474
7502	Xã Nam Đà	474
7503	Xã Tân Thành	474
7504	Xã Đắk Drô	474
7505	Xã Nâm Nung	474
7506	Xã Đức Xuyên	474
7507	Xã Đắk Nang	474
7508	Xã Quảng Phú	474
7509	Xã Nâm N'Đir	474
7510	Thị trấn Đức An	475
7511	Xã Đắk Môl	475
7512	Xã Đắk Hòa	475
7513	Xã Nam Bình	475
7514	Xã Thuận Hà	475
7515	Xã Thuận Hạnh	475
7516	Xã Đắk N'Dung	475
7517	Xã Nâm N'Jang	475
7518	Xã Trường Xuân	475
7519	Thị trấn Kiến Đức	476
7520	Xã Quảng Tín	476
7521	Xã Đắk Wer	476
7522	Xã Nhân Cơ	476
7523	Xã Kiến Thành	476
7524	Xã Nghĩa Thắng	476
7525	Xã Đạo Nghĩa	476
7526	Xã Đắk Sin	476
7527	Xã Hưng Bình	476
7528	Xã Đắk Ru	476
7529	Xã Nhân Đạo	476
7530	Xã Quảng Trực	477
7531	Xã Đắk Búk So	477
7532	Xã Quảng Tâm	477
7533	Xã Đắk R'Tíh	477
7534	Xã Đắk Ngo	477
7535	Xã Quảng Tân	477
7536	Phường 7	478
7537	Phường 8	478
7538	Phường 12	478
7539	Phường 9	478
7540	Phường 2	478
7541	Phường 1	478
7542	Phường 6	478
7543	Phường 5	478
7544	Phường 4	478
7545	Phường 10	478
7546	Phường 11	478
7547	Phường 3	478
7548	Xã Xuân Thọ	478
7549	Xã Tà Nung	478
7550	Xã Trạm Hành	478
7551	Xã Xuân Trường	478
7552	Phường Lộc Phát	479
7553	Phường Lộc Tiến	479
7554	Phường 2	479
7555	Phường 1	479
7556	Phường B'lao	479
7557	Phường Lộc Sơn	479
7558	Xã Đạm Bri	479
7559	Xã Lộc Thanh	479
7560	Xã Lộc Nga	479
7561	Xã Lộc Châu	479
7562	Xã Đại Lào	479
7563	Xã Đạ Tông	480
7564	Xã Đạ Long	480
7565	Xã Đạ M' Rong	480
7566	Xã Liêng Srônh	480
7567	Xã Đạ Rsal	480
7568	Xã Rô Men	480
7569	Xã Phi Liêng	480
7570	Xã Đạ K' Nàng	480
7571	Thị trấn Lạc Dương	481
7572	Xã Đạ Chais	481
7573	Xã Đạ Nhim	481
7574	Xã Đưng KNớ	481
7575	Xã Lát	481
7576	Xã Đạ Sar	481
7577	Thị trấn Nam Ban	482
7578	Thị trấn Đinh Văn	482
7579	Xã Phú Sơn	482
7580	Xã Phi Tô	482
7581	Xã Mê Linh	482
7582	Xã Đạ Đờn	482
7583	Xã Phúc Thọ	482
7584	Xã Đông Thanh	482
7585	Xã Gia Lâm	482
7586	Xã Tân Thanh	482
7587	Xã Tân Văn	482
7588	Xã Hoài Đức	482
7589	Xã Tân Hà	482
7590	Xã Liên Hà	482
7591	Xã Đan Phượng	482
7592	Xã Nam Hà	482
7593	Thị trấn D'Ran	483
7594	Thị trấn Thạnh Mỹ	483
7595	Xã Lạc Xuân	483
7596	Xã Đạ Ròn	483
7597	Xã Lạc Lâm	483
7598	Xã Ka Đô	483
7599	Xã Ka Đơn	483
7600	Xã Tu Tra	483
7601	Xã Quảng Lập	483
7602	Thị trấn Liên Nghĩa	484
7603	Xã Hiệp An	484
7604	Xã Liên Hiệp	484
7605	Xã Hiệp Thạnh	484
7606	Xã Bình Thạnh	484
7607	Xã N'Thol Hạ	484
7608	Xã Tân Hội	484
7609	Xã Tân Thành	484
7610	Xã Phú Hội	484
7611	Xã Ninh Gia	484
7612	Xã Tà Năng	484
7613	Xã Đa Quyn	484
7614	Xã Tà Hine	484
7615	Xã Đà Loan	484
7616	Xã Ninh Loan	484
7617	Thị trấn Di Linh	485
7618	Xã Đinh Trang Thượng	485
7619	Xã Tân Thượng	485
7620	Xã Tân Lâm	485
7621	Xã Tân Châu	485
7622	Xã Tân Nghĩa	485
7623	Xã Gia Hiệp	485
7624	Xã Đinh Lạc	485
7625	Xã Tam Bố	485
7626	Xã Đinh Trang Hòa	485
7627	Xã Liên Đầm	485
7628	Xã Gung Ré	485
7629	Xã Bảo Thuận	485
7630	Xã Hòa Ninh	485
7631	Xã Hòa Trung	485
7632	Xã Hòa Nam	485
7633	Xã Hòa Bắc	485
7634	Xã Sơn Điền	485
7635	Xã Gia Bắc	485
7636	Thị trấn Lộc Thắng	486
7637	Xã Lộc Bảo	486
7638	Xã Lộc Lâm	486
7639	Xã Lộc Phú	486
7640	Xã Lộc Bắc	486
7641	Xã B' Lá	486
7642	Xã Lộc Ngãi	486
7643	Xã Lộc Quảng	486
7644	Xã Lộc Tân	486
7645	Xã Lộc Đức	486
7646	Xã Lộc An	486
7647	Xã Tân Lạc	486
7648	Xã Lộc Thành	486
7649	Xã Lộc Nam	486
7650	Thị trấn Đạ M'ri	487
7651	Thị trấn Ma Đa Guôi	487
7652	Xã Đạ M'ri	487
7653	Xã Hà Lâm	487
7654	Xã Đạ Oai	487
7655	Xã Bà Gia	487
7656	Xã Ma Đa Guôi	487
7657	Thị trấn Đạ Tẻh	487
7658	Xã An Nhơn	487
7659	Xã Quốc Oai	487
7660	Xã Mỹ Đức	487
7661	Xã Quảng Trị	487
7662	Xã Đạ Lây	487
7663	Xã Đạ Kho	487
7664	Xã Đạ Pal	487
7665	Thị trấn Cát Tiên	487
7666	Xã Tiên Hoàng	487
7667	Xã Phước Cát 2	487
7668	Xã Gia Viễn	487
7669	Xã Nam Ninh	487
7670	Xã Mỹ Lâm	487
7671	Xã Tư Nghĩa	487
7672	Thị trấn Phước Cát	487
7673	Xã Đức Phổ	487
7674	Xã Phù Mỹ	487
7675	Xã Quảng Ngãi	487
7676	Xã Đồng Nai Thượng	487
7677	Phường Thác Mơ	488
7678	Phường Long Thủy	488
7679	Phường Phước Bình	488
7680	Phường Long Phước	488
7681	Phường Sơn Giang	488
7682	Xã Long Giang	488
7683	Xã Phước Tín	488
7684	Phường Tân Phú	489
7685	Phường Tân Đồng	489
7686	Phường Tân Bình	489
7687	Phường Tân Xuân	489
7688	Phường Tân Thiện	489
7689	Xã Tân Thành	489
7690	Phường Tiến Thành	489
7691	Xã Tiến Hưng	489
7692	Phường Hưng Chiến	490
7693	Phường An Lộc	490
7694	Phường Phú Thịnh	490
7695	Phường Phú Đức	490
7696	Xã Thanh Lương	490
7697	Xã Thanh Phú	490
7698	Xã Bù Gia Mập	491
7699	Xã Đak Ơ	491
7700	Xã Đức Hạnh	491
7701	Xã Phú Văn	491
7702	Xã Đa Kia	491
7703	Xã Phước Minh	491
7704	Xã Bình Thắng	491
7705	Xã Phú Nghĩa	491
7706	Thị trấn Lộc Ninh	492
7707	Xã Lộc Hòa	492
7708	Xã Lộc An	492
7709	Xã Lộc Tấn	492
7710	Xã Lộc Thạnh	492
7711	Xã Lộc Hiệp	492
7712	Xã Lộc Thiện	492
7713	Xã Lộc Thuận	492
7714	Xã Lộc Quang	492
7715	Xã Lộc Phú	492
7716	Xã Lộc Thành	492
7717	Xã Lộc Thái	492
7718	Xã Lộc Điền	492
7719	Xã Lộc Hưng	492
7720	Xã Lộc Thịnh	492
7721	Xã Lộc Khánh	492
7722	Thị trấn Thanh Bình	493
7723	Xã Hưng Phước	493
7724	Xã Phước Thiện	493
7725	Xã Thiện Hưng	493
7726	Xã Thanh Hòa	493
7727	Xã Tân Thành	493
7728	Xã Tân Tiến	493
7729	Xã Thanh An	494
7730	Xã An Khương	494
7731	Xã An Phú	494
7732	Xã Tân Lợi	494
7733	Xã Tân Hưng	494
7734	Xã Minh Đức	494
7735	Xã Minh Tâm	494
7736	Xã Phước An	494
7737	Xã Thanh Bình	494
7738	Thị trấn Tân Khai	494
7739	Xã Đồng Nơ	494
7740	Xã Tân Hiệp	494
7741	Xã Tân Quan	494
7742	Thị trấn Tân Phú	495
7743	Xã Thuận Lợi	495
7744	Xã Đồng Tâm	495
7745	Xã Tân Phước	495
7746	Xã Tân Hưng	495
7747	Xã Tân Lợi	495
7748	Xã Tân Lập	495
7749	Xã Tân Hòa	495
7750	Xã Thuận Phú	495
7751	Xã Đồng Tiến	495
7752	Xã Tân Tiến	495
7753	Thị trấn Đức Phong	496
7754	Xã Đường 10	496
7755	Xã Đak Nhau	496
7756	Xã Phú Sơn	496
7757	Xã Thọ Sơn	496
7758	Xã Bình Minh	496
7759	Xã Bom Bo	496
7760	Xã Minh Hưng	496
7761	Xã Đoàn Kết	496
7762	Xã Đồng Nai	496
7763	Xã Đức Liễu	496
7764	Xã Thống Nhất	496
7765	Xã Nghĩa Trung	496
7766	Xã Nghĩa Bình	496
7767	Xã Đăng Hà	496
7768	Xã Phước Sơn	496
7769	Phường Hưng Long	497
7770	Phường Thành Tâm	497
7771	Xã Minh Lập	497
7772	Xã Quang Minh	497
7773	Phường Minh Hưng	497
7774	Phường Minh Long	497
7775	Phường Minh Thành	497
7776	Xã Nha Bích	497
7777	Xã Minh Thắng	497
7778	Xã Long Bình	498
7779	Xã Bình Tân	498
7780	Xã Bình Sơn	498
7781	Xã Long Hưng	498
7782	Xã Phước Tân	498
7783	Xã Bù Nho	498
7784	Xã Long Hà	498
7785	Xã Long Tân	498
7786	Xã Phú Trung	498
7787	Xã Phú Riềng	498
7788	Phường 1	499
7789	Phường 3	499
7790	Phường 4	499
7791	Phường Hiệp Ninh	499
7792	Phường 2	499
7793	Xã Thạnh Tân	499
7794	Xã Tân Bình	499
7795	Xã Bình Minh	499
7796	Phường Ninh Sơn	499
7797	Phường Ninh Thạnh	499
7798	Thị trấn Tân Biên	500
7799	Xã Tân Lập	500
7800	Xã Thạnh Bắc	500
7801	Xã Tân Bình	500
7802	Xã Thạnh Bình	500
7803	Xã Thạnh Tây	500
7804	Xã Hòa Hiệp	500
7805	Xã Tân Phong	500
7806	Xã Mỏ Công	500
7807	Xã Trà Vong	500
7808	Thị trấn Tân Châu	501
7809	Xã Tân Hà	501
7810	Xã Tân Đông	501
7811	Xã Tân Hội	501
7812	Xã Tân Hòa	501
7813	Xã Suối Ngô	501
7814	Xã Suối Dây	501
7815	Xã Tân Hiệp	501
7816	Xã Thạnh Đông	501
7817	Xã Tân Thành	501
7818	Xã Tân Phú	501
7819	Xã Tân Hưng	501
7820	Thị trấn Dương Minh Châu	502
7821	Xã Suối Đá	502
7822	Xã Phan	502
7823	Xã Phước Ninh	502
7824	Xã Phước Minh	502
7825	Xã Bàu Năng	502
7826	Xã Chà Là	502
7827	Xã Cầu Khởi	502
7828	Xã Bến Củi	502
7829	Xã Lộc Ninh	502
7830	Xã Truông Mít	502
7831	Thị trấn Châu Thành	503
7832	Xã Hảo Đước	503
7833	Xã Phước Vinh	503
7834	Xã Đồng Khởi	503
7835	Xã Thái Bình	503
7836	Xã An Cơ	503
7837	Xã Biên Giới	503
7838	Xã Hòa Thạnh	503
7839	Xã Trí Bình	503
7840	Xã Hòa Hội	503
7841	Xã An Bình	503
7842	Xã Thanh Điền	503
7843	Xã Thành Long	503
7844	Xã Ninh Điền	503
7845	Xã Long Vĩnh	503
7846	Phường Long Hoa	504
7847	Phường Hiệp Tân	504
7848	Phường Long Thành Bắc	504
7849	Xã Trường Hòa	504
7850	Xã Trường Đông	504
7851	Phường Long Thành Trung	504
7852	Xã Trường Tây	504
7853	Xã Long Thành Nam	504
7854	Thị trấn Gò Dầu	505
7855	Xã Thạnh Đức	505
7856	Xã Cẩm Giang	505
7857	Xã Hiệp Thạnh	505
7858	Xã Bàu Đồn	505
7859	Xã Phước Thạnh	505
7860	Xã Phước Đông	505
7861	Xã Phước Trạch	505
7862	Xã Thanh Phước	505
7863	Thị trấn Bến Cầu	506
7864	Xã Long Chữ	506
7865	Xã Long Phước	506
7866	Xã Long Giang	506
7867	Xã Tiên Thuận	506
7868	Xã Long Khánh	506
7869	Xã Lợi Thuận	506
7870	Xã Long Thuận	506
7871	Xã An Thạnh	506
7872	Phường Trảng Bàng	507
7873	Xã Đôn Thuận	507
7874	Xã Hưng Thuận	507
7875	Phường Lộc Hưng	507
7876	Phường Gia Lộc	507
7877	Phường Gia Bình	507
7878	Xã Phước Bình	507
7879	Phường An Tịnh	507
7880	Phường An Hòa	507
7881	Xã Phước Chỉ	507
7882	Phường Hiệp Thành	508
7883	Phường Phú Lợi	508
7884	Phường Phú Cường	508
7885	Phường Phú Hòa	508
7886	Phường Phú Thọ	508
7887	Phường Chánh Nghĩa	508
7888	Phường Định Hoà	508
7889	Phường Hoà Phú	508
7890	Phường Phú Mỹ	508
7891	Phường Phú Tân	508
7892	Phường Tân An	508
7893	Phường Hiệp An	508
7894	Phường Tương Bình Hiệp	508
7895	Phường Chánh Mỹ	508
7896	Xã Trừ Văn Thố	509
7897	Xã Cây Trường II	509
7898	Thị trấn Lai Uyên	509
7899	Xã Tân Hưng	509
7900	Xã Long Nguyên	509
7901	Xã Hưng Hòa	509
7902	Xã Lai Hưng	509
7903	Thị trấn Dầu Tiếng	510
7904	Xã Minh Hoà	510
7905	Xã Minh Thạnh	510
7906	Xã Minh Tân	510
7907	Xã Định An	510
7908	Xã Long Hoà	510
7909	Xã Định Thành	510
7910	Xã Định Hiệp	510
7911	Xã An Lập	510
7912	Xã Long Tân	510
7913	Xã Thanh An	510
7914	Xã Thanh Tuyền	510
7915	Phường Mỹ Phước	511
7916	Phường Chánh Phú Hòa	511
7917	Phường An Điền	511
7918	Phường An Tây	511
7919	Phường Thới Hòa	511
7920	Phường Hòa Lợi	511
7921	Phường Tân Định	511
7922	Xã Phú An	511
7923	Thị trấn Phước Vĩnh	512
7924	Xã An Linh	512
7925	Xã Phước Sang	512
7926	Xã An Thái	512
7927	Xã An Long	512
7928	Xã An Bình	512
7929	Xã Tân Hiệp	512
7930	Xã Tam Lập	512
7931	Xã Tân Long	512
7932	Xã Vĩnh Hoà	512
7933	Xã Phước Hoà	512
7934	Phường Uyên Hưng	513
7935	Phường Tân Phước Khánh	513
7936	Phường Vĩnh Tân	513
7937	Phường Hội Nghĩa	513
7938	Phường Tân Hiệp	513
7939	Phường Khánh Bình	513
7940	Phường Phú Chánh	513
7941	Xã Bạch Đằng	513
7942	Phường Tân Vĩnh Hiệp	513
7943	Phường Thạnh Phước	513
7944	Xã Thạnh Hội	513
7945	Phường Thái Hòa	513
7946	Phường Dĩ An	514
7947	Phường Tân Bình	514
7948	Phường Tân Đông Hiệp	514
7949	Phường Bình An	514
7950	Phường Bình Thắng	514
7951	Phường Đông Hòa	514
7952	Phường An Bình	514
7953	Phường An Thạnh	515
7954	Phường Lái Thiêu	515
7955	Phường Bình Chuẩn	515
7956	Phường Thuận Giao	515
7957	Phường An Phú	515
7958	Phường Hưng Định	515
7959	Xã An Sơn	515
7960	Phường Bình Nhâm	515
7961	Phường Bình Hòa	515
7962	Phường Vĩnh Phú	515
7963	Xã Tân Định	516
7964	Xã Bình Mỹ	516
7965	Thị trấn Tân Bình	516
7966	Xã Tân Lập	516
7967	Thị trấn Tân Thành	516
7968	Xã Đất Cuốc	516
7969	Xã Hiếu Liêm	516
7970	Xã Lạc An	516
7971	Xã Tân Mỹ	516
7972	Xã Thường Tân	516
7973	Phường Trảng Dài	517
7974	Phường Tân Phong	517
7975	Phường Tân Biên	517
7976	Phường Hố Nai	517
7977	Phường Tân Hòa	517
7978	Phường Tân Hiệp	517
7979	Phường Bửu Long	517
7980	Phường Tân Mai	517
7981	Phường Tam Hiệp	517
7982	Phường Long Bình	517
7983	Phường Quang Vinh	517
7984	Phường Thống Nhất	517
7985	Phường Trung Dũng	517
7986	Phường Bình Đa	517
7987	Phường An Bình	517
7988	Phường Bửu Hòa	517
7989	Phường Long Bình Tân	517
7990	Phường Tân Vạn	517
7991	Phường Tân Hạnh	517
7992	Phường Hiệp Hòa	517
7993	Phường Hóa An	517
7994	Phường An Hòa	517
7995	Phường Tam Phước	517
7996	Phường Phước Tân	517
7997	Xã Long Hưng	517
7998	Phường Xuân Bình	518
7999	Phường Xuân An	518
8000	Phường Xuân Hoà	518
8001	Phường Phú Bình	518
8002	Xã Bình Lộc	518
8003	Xã Bảo Quang	518
8004	Phường Suối Tre	518
8005	Phường Bảo Vinh	518
8006	Phường Xuân Lập	518
8007	Phường Bàu Sen	518
8008	Xã Bàu Trâm	518
8009	Phường Xuân Tân	518
8010	Xã Hàng Gòn	518
8011	Thị trấn Tân Phú	519
8012	Xã Dak Lua	519
8013	Xã Nam Cát Tiên	519
8014	Xã Phú An	519
8015	Xã Tà Lài	519
8016	Xã Phú Lập	519
8017	Xã Phú Thịnh	519
8018	Xã Thanh Sơn	519
8019	Xã Phú Sơn	519
8020	Xã Phú Xuân	519
8021	Xã Phú Lộc	519
8022	Xã Phú Lâm	519
8023	Xã Phú Bình	519
8024	Xã Phú Thanh	519
8025	Xã Trà Cổ	519
8026	Xã Phú Điền	519
8027	Thị trấn Vĩnh An	520
8028	Xã Phú Lý	520
8029	Xã Trị An	520
8030	Xã Tân An	520
8031	Xã Vĩnh Tân	520
8032	Xã Bình Lợi	520
8033	Xã Thạnh Phú	520
8034	Xã Thiện Tân	520
8035	Xã Tân Bình	520
8036	Xã Mã Đà	520
8037	Thị trấn Định Quán	521
8038	Xã Thanh Sơn	521
8039	Xã Phú Tân	521
8040	Xã Phú Vinh	521
8041	Xã Phú Lợi	521
8042	Xã Phú Hòa	521
8043	Xã Ngọc Định	521
8044	Xã La Ngà	521
8045	Xã Gia Canh	521
8046	Xã Phú Ngọc	521
8047	Xã Phú Cường	521
8048	Xã Túc Trưng	521
8049	Xã Phú Túc	521
8050	Xã Suối Nho	521
8051	Thị trấn Trảng Bom	522
8052	Xã Thanh Bình	522
8053	Xã Cây Gáo	522
8054	Xã Bàu Hàm	522
8055	Xã Sông Thao	522
8056	Xã Sông Trầu	522
8057	Xã Đông Hoà	522
8058	Xã Bắc Sơn	522
8059	Xã Hố Nai 3	522
8060	Xã Tây Hoà	522
8061	Xã Bình Minh	522
8062	Xã Trung Hoà	522
8063	Xã Đồi 61	522
8064	Xã Hưng Thịnh	522
8065	Xã Quảng Tiến	522
8066	Xã Giang Điền	522
8067	Xã An Viễn	522
8068	Xã Gia Tân 1	523
8069	Xã Gia Tân 2	523
8070	Xã Gia Tân 3	523
8071	Xã Gia Kiệm	523
8072	Xã Quang Trung	523
8073	Xã Bàu Hàm 2	523
8074	Xã Hưng Lộc	523
8075	Xã Lộ 25	523
8076	Xã Xuân Thiện	523
8077	Thị trấn Dầu Giây	523
8078	Xã Sông Nhạn	524
8079	Xã Xuân Quế	524
8080	Xã Nhân Nghĩa	524
8081	Xã Xuân Đường	524
8082	Thị trấn Long Giao	524
8083	Xã Xuân Mỹ	524
8084	Xã Thừa Đức	524
8085	Xã Bảo Bình	524
8086	Xã Xuân Bảo	524
8087	Xã Xuân Tây	524
8088	Xã Xuân Đông	524
8089	Xã Sông Ray	524
8090	Xã Lâm San	524
8091	Thị trấn Long Thành	525
8092	Xã An Phước	525
8093	Xã Bình An	525
8094	Xã Long Đức	525
8095	Xã Lộc An	525
8096	Xã Bình Sơn	525
8097	Xã Tam An	525
8098	Xã Cẩm Đường	525
8099	Xã Long An	525
8100	Xã Bàu Cạn	525
8101	Xã Long Phước	525
8102	Xã Phước Bình	525
8103	Xã Tân Hiệp	525
8104	Xã Phước Thái	525
8105	Thị trấn Gia Ray	526
8106	Xã Xuân Bắc	526
8107	Xã Suối Cao	526
8108	Xã Xuân Thành	526
8109	Xã Xuân Thọ	526
8110	Xã Xuân Trường	526
8111	Xã Xuân Hòa	526
8112	Xã Xuân Hưng	526
8113	Xã Xuân Tâm	526
8114	Xã Suối Cát	526
8115	Xã Xuân Hiệp	526
8116	Xã Xuân Phú	526
8117	Xã Xuân Định	526
8118	Xã Bảo Hoà	526
8119	Xã Lang Minh	526
8120	Xã Phước Thiền	527
8121	Xã Long Tân	527
8122	Xã Đại Phước	527
8123	Thị trấn Hiệp Phước	527
8124	Xã Phú Hữu	527
8125	Xã Phú Hội	527
8126	Xã Phú Thạnh	527
8127	Xã Phú Đông	527
8128	Xã Long Thọ	527
8129	Xã Vĩnh Thanh	527
8130	Xã Phước Khánh	527
8131	Xã Phước An	527
8132	Phường 1	528
8133	Phường Thắng Tam	528
8134	Phường 2	528
8135	Phường 3	528
8136	Phường 4	528
8137	Phường 5	528
8138	Phường Thắng Nhì	528
8139	Phường 7	528
8140	Phường Nguyễn An Ninh	528
8141	Phường 8	528
8142	Phường 9	528
8143	Phường Thắng Nhất	528
8144	Phường Rạch Dừa	528
8145	Phường 10	528
8146	Phường 11	528
8147	Phường 12	528
8148	Xã Long Sơn	528
8149	Phường Phước Hưng	529
8150	Phường Phước Nguyên	529
8151	Phường Long Toàn	529
8152	Phường Long Tâm	529
8153	Phường Phước Trung	529
8154	Phường Long Hương	529
8155	Phường Kim Dinh	529
8156	Xã Tân Hưng	529
8157	Xã Long Phước	529
8158	Xã Hoà Long	529
8159	Xã Bàu Chinh	530
8160	Thị trấn Ngãi Giao	530
8161	Xã Bình Ba	530
8162	Xã Suối Nghệ	530
8163	Xã Xuân Sơn	530
8164	Xã Sơn Bình	530
8165	Xã Bình Giã	530
8166	Xã Bình Trung	530
8167	Xã Xà Bang	530
8168	Xã Cù Bị	530
8169	Xã Láng Lớn	530
8170	Xã Quảng Thành	530
8171	Thị trấn Kim Long	530
8172	Xã Suối Rao	530
8173	Xã Đá Bạc	530
8174	Xã Nghĩa Thành	530
8175	Thị trấn Phước Bửu	531
8176	Xã Phước Thuận	531
8177	Xã Phước Tân	531
8178	Xã Xuyên Mộc	531
8179	Xã Bông Trang	531
8180	Xã Tân Lâm	531
8181	Xã Bàu Lâm	531
8182	Xã Hòa Bình	531
8183	Xã Hòa Hưng	531
8184	Xã Hòa Hiệp	531
8185	Xã Hòa Hội	531
8186	Xã Bưng Riềng	531
8187	Xã Bình Châu	531
8188	Thị trấn Long Điền	532
8189	Thị trấn Long Hải	532
8190	Xã Tam An	532
8191	Xã Phước Tỉnh	532
8192	Xã Phước Hưng	532
8193	Thị trấn Đất Đỏ	532
8194	Xã Phước Long Thọ	532
8195	Xã Phước Hội	532
8196	Thị trấn Phước Hải	532
8197	Xã Long Tân	532
8198	Xã Láng Dài	532
8199	Phường Phú Mỹ	533
8200	Xã Tân Hoà	533
8201	Xã Tân Hải	533
8202	Phường Phước Hoà	533
8203	Phường Tân Phước	533
8204	Phường Mỹ Xuân	533
8205	Xã Sông Xoài	533
8206	Phường Hắc Dịch	533
8207	Xã Châu Pha	533
8208	Xã Tóc Tiên	533
8209	Phường Tân Định	535
8210	Phường Đa Kao	535
8211	Phường Bến Nghé	535
8212	Phường Bến Thành	535
8213	Phường Nguyễn Thái Bình	535
8214	Phường Phạm Ngũ Lão	535
8215	Phường Cầu Ông Lãnh	535
8216	Phường Cô Giang	535
8217	Phường Nguyễn Cư Trinh	535
8218	Phường Cầu Kho	535
8219	Phường Thạnh Xuân	536
8220	Phường Thạnh Lộc	536
8221	Phường Hiệp Thành	536
8222	Phường Thới An	536
8223	Phường Tân Chánh Hiệp	536
8224	Phường An Phú Đông	536
8225	Phường Tân Thới Hiệp	536
8226	Phường Trung Mỹ Tây	536
8227	Phường Tân Hưng Thuận	536
8228	Phường Đông Hưng Thuận	536
8229	Phường Tân Thới Nhất	536
8230	Phường 15	537
8231	Phường 17	537
8232	Phường 6	537
8233	Phường 16	537
8234	Phường 12	537
8235	Phường 14	537
8236	Phường 10	537
8237	Phường 5	537
8238	Phường 1	537
8239	Phường 8	537
8240	Phường 11	537
8241	Phường 3	537
8242	Phường 13	538
8243	Phường 11	538
8244	Phường 27	538
8245	Phường 26	538
8246	Phường 12	538
8247	Phường 25	538
8248	Phường 5	538
8249	Phường 7	538
8250	Phường 14	538
8251	Phường 2	538
8252	Phường 1	538
8253	Phường 17	538
8254	Phường 22	538
8255	Phường 19	538
8256	Phường 28	538
8257	Phường 2	539
8258	Phường 4	539
8259	Phường 12	539
8260	Phường 13	539
8261	Phường 1	539
8262	Phường 3	539
8263	Phường 11	539
8264	Phường 7	539
8265	Phường 5	539
8266	Phường 10	539
8267	Phường 6	539
8268	Phường 8	539
8269	Phường 9	539
8270	Phường 14	539
8271	Phường 15	539
8272	Phường Tân Sơn Nhì	540
8273	Phường Tây Thạnh	540
8274	Phường Sơn Kỳ	540
8275	Phường Tân Quý	540
8276	Phường Tân Thành	540
8277	Phường Phú Thọ Hòa	540
8278	Phường Phú Thạnh	540
8279	Phường Phú Trung	540
8280	Phường Hòa Thạnh	540
8281	Phường Hiệp Tân	540
8282	Phường Tân Thới Hòa	540
8283	Phường 4	541
8284	Phường 5	541
8285	Phường 9	541
8286	Phường 7	541
8287	Phường 1	541
8288	Phường 2	541
8289	Phường 8	541
8290	Phường 15	541
8291	Phường 10	541
8292	Phường 11	541
8293	Phường 13	541
8294	Phường Linh Xuân	542
8295	Phường Bình Chiểu	542
8296	Phường Linh Trung	542
8297	Phường Tam Bình	542
8298	Phường Tam Phú	542
8299	Phường Hiệp Bình Phước	542
8300	Phường Hiệp Bình Chánh	542
8301	Phường Linh Chiểu	542
8302	Phường Linh Tây	542
8303	Phường Linh Đông	542
8304	Phường Bình Thọ	542
8305	Phường Trường Thọ	542
8306	Phường Long Bình	542
8307	Phường Long Thạnh Mỹ	542
8308	Phường Tân Phú	542
8309	Phường Hiệp Phú	542
8310	Phường Tăng Nhơn Phú A	542
8311	Phường Tăng Nhơn Phú B	542
8312	Phường Phước Long B	542
8313	Phường Phước Long A	542
8314	Phường Trường Thạnh	542
8315	Phường Long Phước	542
8316	Phường Long Trường	542
8317	Phường Phước Bình	542
8318	Phường Phú Hữu	542
8319	Phường Thảo Điền	542
8320	Phường An Phú	542
8321	Phường An Khánh	542
8322	Phường Bình Trưng Đông	542
8323	Phường Bình Trưng Tây	542
8324	Phường Cát Lái	542
8325	Phường Thạnh Mỹ Lợi	542
8326	Phường An Lợi Đông	542
8327	Phường Thủ Thiêm	542
8328	Phường 14	543
8329	Phường 12	543
8330	Phường 11	543
8331	Phường Võ Thị Sáu	543
8332	Phường 9	543
8333	Phường 4	543
8334	Phường 5	543
8335	Phường 3	543
8336	Phường 2	543
8337	Phường 1	543
8338	Phường 15	544
8339	Phường 13	544
8340	Phường 14	544
8341	Phường 12	544
8342	Phường 10	544
8343	Phường 9	544
8344	Phường 1	544
8345	Phường 8	544
8346	Phường 2	544
8347	Phường 4	544
8348	Phường 6	544
8349	Phường 15	545
8350	Phường 5	545
8351	Phường 14	545
8352	Phường 11	545
8353	Phường 3	545
8354	Phường 10	545
8355	Phường 8	545
8356	Phường 7	545
8357	Phường 1	545
8358	Phường 16	545
8359	Phường 13	546
8360	Phường 9	546
8361	Phường 8	546
8362	Phường 18	546
8363	Phường 4	546
8364	Phường 3	546
8365	Phường 16	546
8366	Phường 2	546
8367	Phường 15	546
8368	Phường 1	546
8369	Phường 4	547
8370	Phường 9	547
8371	Phường 2	547
8372	Phường 12	547
8373	Phường 7	547
8374	Phường 1	547
8375	Phường 11	547
8376	Phường 14	547
8377	Phường 5	547
8378	Phường 13	547
8379	Phường 14	548
8380	Phường 13	548
8381	Phường 9	548
8382	Phường 12	548
8383	Phường 2	548
8384	Phường 11	548
8385	Phường 8	548
8386	Phường 1	548
8387	Phường 7	548
8388	Phường 10	548
8389	Phường Rạch Ông	549
8390	Phường Hưng Phú	549
8391	Phường 4	549
8392	Phường Xóm Củi	549
8393	Phường 5	549
8394	Phường 14	549
8395	Phường 6	549
8396	Phường 15	549
8397	Phường 16	549
8398	Phường 7	549
8399	Phường Bình Hưng Hòa	550
8400	Phường Bình Hưng Hoà A	550
8401	Phường Bình Hưng Hoà B	550
8402	Phường Bình Trị Đông	550
8403	Phường Bình Trị Đông A	550
8404	Phường Bình Trị Đông B	550
8405	Phường Tân Tạo	550
8406	Phường Tân Tạo A	550
8407	Phường An Lạc	550
8408	Phường An Lạc A	550
8409	Phường Tân Thuận Đông	551
8410	Phường Tân Thuận Tây	551
8411	Phường Tân Kiểng	551
8412	Phường Tân Hưng	551
8413	Phường Bình Thuận	551
8414	Phường Tân Quy	551
8415	Phường Phú Thuận	551
8416	Phường Tân Phú	551
8417	Phường Tân Phong	551
8418	Phường Phú Mỹ	551
8419	Thị trấn Củ Chi	552
8420	Xã Phú Mỹ Hưng	552
8421	Xã An Phú	552
8422	Xã Trung Lập Thượng	552
8423	Xã An Nhơn Tây	552
8424	Xã Nhuận Đức	552
8425	Xã Phạm Văn Cội	552
8426	Xã Phú Hòa Đông	552
8427	Xã Trung Lập Hạ	552
8428	Xã Trung An	552
8429	Xã Phước Thạnh	552
8430	Xã Phước Hiệp	552
8431	Xã Tân An Hội	552
8432	Xã Phước Vĩnh An	552
8433	Xã Thái Mỹ	552
8434	Xã Tân Thạnh Tây	552
8435	Xã Hòa Phú	552
8436	Xã Tân Thạnh Đông	552
8437	Xã Bình Mỹ	552
8438	Xã Tân Phú Trung	552
8439	Xã Tân Thông Hội	552
8440	Thị trấn Hóc Môn	553
8441	Xã Tân Hiệp	553
8442	Xã Nhị Bình	553
8443	Xã Đông Thạnh	553
8444	Xã Tân Thới Nhì	553
8445	Xã Thới Tam Thôn	553
8446	Xã Xuân Thới Sơn	553
8447	Xã Tân Xuân	553
8448	Xã Xuân Thới Đông	553
8449	Xã Trung Chánh	553
8450	Xã Xuân Thới Thượng	553
8451	Xã Bà Điểm	553
8452	Thị trấn Tân Túc	554
8453	Xã Phạm Văn Hai	554
8454	Xã Vĩnh Lộc A	554
8455	Xã Vĩnh Lộc B	554
8456	Xã Bình Lợi	554
8457	Xã Lê Minh Xuân	554
8458	Xã Tân Nhựt	554
8459	Xã Tân Kiên	554
8460	Xã Bình Hưng	554
8461	Xã Phong Phú	554
8462	Xã An Phú Tây	554
8463	Xã Hưng Long	554
8464	Xã Đa Phước	554
8465	Xã Tân Quý Tây	554
8466	Xã Bình Chánh	554
8467	Xã Quy Đức	554
8468	Thị trấn Nhà Bè	555
8469	Xã Phước Kiển	555
8470	Xã Phước Lộc	555
8471	Xã Nhơn Đức	555
8472	Xã Phú Xuân	555
8473	Xã Long Thới	555
8474	Xã Hiệp Phước	555
8475	Thị trấn Cần Thạnh	556
8476	Xã Bình Khánh	556
8477	Xã Tam Thôn Hiệp	556
8478	Xã An Thới Đông	556
8479	Xã Thạnh An	556
8480	Xã Long Hòa	556
8481	Xã Lý Nhơn	556
8482	Phường 5	557
8483	Phường 4	557
8484	Phường Tân Khánh	557
8485	Phường 1	557
8486	Phường 3	557
8487	Phường 7	557
8488	Phường 6	557
8489	Xã Hướng Thọ Phú	557
8490	Xã Nhơn Thạnh Trung	557
8491	Xã Lợi Bình Nhơn	557
8492	Xã Bình Tâm	557
8493	Phường Khánh Hậu	557
8494	Xã An Vĩnh Ngãi	557
8495	Phường 1	558
8496	Phường 2	558
8497	Xã Thạnh Trị	558
8498	Xã Bình Hiệp	558
8499	Xã Bình Tân	558
8500	Xã Tuyên Thạnh	558
8501	Phường 3	558
8502	Xã Thạnh Hưng	558
8503	Thị trấn Tân Hưng	559
8504	Xã Hưng Hà	559
8505	Xã Hưng Điền B	559
8506	Xã Hưng Điền	559
8507	Xã Thạnh Hưng	559
8508	Xã Hưng Thạnh	559
8509	Xã Vĩnh Thạnh	559
8510	Xã Vĩnh Châu B	559
8511	Xã Vĩnh Lợi	559
8512	Xã Vĩnh Đại	559
8513	Xã Vĩnh Châu A	559
8514	Xã Vĩnh Bửu	559
8515	Thị trấn Vĩnh Hưng	560
8516	Xã Hưng Điền A	560
8517	Xã Khánh Hưng	560
8518	Xã Thái Trị	560
8519	Xã Vĩnh Trị	560
8520	Xã Thái Bình Trung	560
8521	Xã Vĩnh Bình	560
8522	Xã Vĩnh Thuận	560
8523	Xã Tuyên Bình	560
8524	Xã Tuyên Bình Tây	560
8525	Xã Bình Hòa Tây	561
8526	Xã Bình Thạnh	561
8527	Xã Bình Hòa Trung	561
8528	Xã Bình Hòa Đông	561
8529	Thị trấn Bình Phong Thạnh	561
8530	Xã Tân Lập	561
8531	Xã Tân Thành	561
8532	Thị trấn Tân Thạnh	562
8533	Xã Bắc Hòa	562
8534	Xã Hậu Thạnh Tây	562
8535	Xã Nhơn Hòa Lập	562
8536	Xã Tân Lập	562
8537	Xã Hậu Thạnh Đông	562
8538	Xã Nhơn Hoà	562
8539	Xã Kiến Bình	562
8540	Xã Tân Thành	562
8541	Xã Tân Bình	562
8542	Xã Tân Ninh	562
8543	Xã Nhơn Ninh	562
8544	Xã Tân Hòa	562
8545	Thị trấn Thạnh Hóa	563
8546	Xã Tân Hiệp	563
8547	Xã Thuận Bình	563
8548	Xã Thạnh Phước	563
8549	Xã Thạnh Phú	563
8550	Xã Thuận Nghĩa Hòa	563
8551	Xã Thủy Đông	563
8552	Xã Thủy Tây	563
8553	Xã Tân Tây	563
8554	Xã Tân Đông	563
8555	Xã Thạnh An	563
8556	Thị trấn Đông Thành	564
8557	Xã Mỹ Quý Đông	564
8558	Xã Mỹ Thạnh Bắc	564
8559	Xã Mỹ Quý Tây	564
8560	Xã Mỹ Thạnh Tây	564
8561	Xã Mỹ Thạnh Đông	564
8562	Xã Bình Thành	564
8563	Xã Bình Hòa Bắc	564
8564	Xã Bình Hòa Hưng	564
8565	Xã Bình Hòa Nam	564
8566	Xã Mỹ Bình	564
8567	Thị trấn Hậu Nghĩa	565
8568	Thị trấn Hiệp Hòa	565
8569	Thị trấn Đức Hòa	565
8570	Xã Lộc Giang	565
8571	Xã An Ninh Đông	565
8572	Xã An Ninh Tây	565
8573	Xã Tân Mỹ	565
8574	Xã Hiệp Hòa	565
8575	Xã Đức Lập Thượng	565
8576	Xã Đức Lập Hạ	565
8577	Xã Tân Phú	565
8578	Xã Mỹ Hạnh Bắc	565
8579	Xã Đức Hòa Thượng	565
8580	Xã Hòa Khánh Tây	565
8581	Xã Hòa Khánh Đông	565
8582	Xã Mỹ Hạnh Nam	565
8583	Xã Hòa Khánh Nam	565
8584	Xã Đức Hòa Đông	565
8585	Xã Đức Hòa Hạ	565
8586	Xã Hựu Thạnh	565
8587	Thị trấn Bến Lức	566
8588	Xã Thạnh Lợi	566
8589	Xã Lương Bình	566
8590	Xã Thạnh Hòa	566
8591	Xã Lương Hòa	566
8592	Xã Tân Bửu	566
8593	Xã An Thạnh	566
8594	Xã Bình Đức	566
8595	Xã Mỹ Yên	566
8596	Xã Thanh Phú	566
8597	Xã Long Hiệp	566
8598	Xã Thạnh Đức	566
8599	Xã Phước Lợi	566
8600	Xã Nhựt Chánh	566
8601	Thị trấn Thủ Thừa	567
8602	Xã Long Thạnh	567
8603	Xã Tân Thành	567
8604	Xã Long Thuận	567
8605	Xã Mỹ Lạc	567
8606	Xã Mỹ Thạnh	567
8607	Xã Bình An	567
8608	Xã Nhị Thành	567
8609	Xã Mỹ An	567
8610	Xã Bình Thạnh	567
8611	Xã Mỹ Phú	567
8612	Xã Tân Long	567
8613	Thị trấn Tân Trụ	568
8614	Xã Tân Bình	568
8615	Xã Quê Mỹ Thạnh	568
8616	Xã Lạc Tấn	568
8617	Xã Bình Trinh Đông	568
8618	Xã Tân Phước Tây	568
8619	Xã Bình Lãng	568
8620	Xã Bình Tịnh	568
8621	Xã Đức Tân	568
8622	Xã Nhựt Ninh	568
8623	Thị trấn Cần Đước	569
8624	Xã Long Trạch	569
8625	Xã Long Khê	569
8626	Xã Long Định	569
8627	Xã Phước Vân	569
8628	Xã Long Hòa	569
8629	Xã Long Cang	569
8630	Xã Long Sơn	569
8631	Xã Tân Trạch	569
8632	Xã Mỹ Lệ	569
8633	Xã Tân Lân	569
8634	Xã Phước Tuy	569
8635	Xã Long Hựu Đông	569
8636	Xã Tân Ân	569
8637	Xã Phước Đông	569
8638	Xã Long Hựu Tây	569
8639	Xã Tân Chánh	569
8640	Thị trấn Cần Giuộc	570
8641	Xã Phước Lý	570
8642	Xã Long Thượng	570
8643	Xã Long Hậu	570
8644	Xã Phước Hậu	570
8645	Xã Mỹ Lộc	570
8646	Xã Phước Lại	570
8647	Xã Phước Lâm	570
8648	Xã Thuận Thành	570
8649	Xã Phước Vĩnh Tây	570
8650	Xã Phước Vĩnh Đông	570
8651	Xã Long An	570
8652	Xã Long Phụng	570
8653	Xã Đông Thạnh	570
8654	Xã Tân Tập	570
8655	Thị trấn Tầm Vu	571
8656	Xã Bình Quới	571
8657	Xã Hòa Phú	571
8658	Xã Phú Ngãi Trị	571
8659	Xã Vĩnh Công	571
8660	Xã Thuận Mỹ	571
8661	Xã Hiệp Thạnh	571
8662	Xã Phước Tân Hưng	571
8663	Xã Thanh Phú Long	571
8664	Xã Dương Xuân Hội	571
8665	Xã An Lục Long	571
8666	Xã Long Trì	571
8667	Xã Thanh Vĩnh Đông	571
8668	Phường 5	572
8669	Phường 4	572
8670	Phường 1	572
8671	Phường 2	572
8672	Phường 6	572
8673	Phường 9	572
8674	Phường 10	572
8675	Phường Tân Long	572
8676	Xã Đạo Thạnh	572
8677	Xã Trung An	572
8678	Xã Mỹ Phong	572
8679	Xã Tân Mỹ Chánh	572
8680	Xã Phước Thạnh	572
8681	Xã Thới Sơn	572
8682	Phường 2	573
8683	Phường 1	573
8684	Phường 5	573
8685	Phường Long Hưng	573
8686	Phường Long Thuận	573
8687	Phường Long Chánh	573
8688	Phường Long Hòa	573
8689	Xã Bình Đông	573
8690	Xã Bình Xuân	573
8691	Xã Tân Trung	573
8692	Phường 1	574
8693	Phường 2	574
8694	Phường 3	574
8695	Phường 4	574
8696	Phường 5	574
8697	Xã Mỹ Phước Tây	574
8698	Xã Mỹ Hạnh Đông	574
8699	Xã Mỹ Hạnh Trung	574
8700	Xã Tân Phú	574
8701	Xã Tân Bình	574
8702	Xã Tân Hội	574
8703	Phường Nhị Mỹ	574
8704	Xã Nhị Quý	574
8705	Xã Thanh Hòa	574
8706	Xã Phú Quý	574
8707	Xã Long Khánh	574
8708	Thị trấn Mỹ Phước	575
8709	Xã Tân Hòa Đông	575
8710	Xã Thạnh Tân	575
8711	Xã Thạnh Mỹ	575
8712	Xã Thạnh Hoà	575
8713	Xã Phú Mỹ	575
8714	Xã Tân Hòa Thành	575
8715	Xã Hưng Thạnh	575
8716	Xã Tân Lập 1	575
8717	Xã Tân Hòa Tây	575
8718	Xã Tân Lập 2	575
8719	Xã Phước Lập	575
8720	Thị trấn Cái Bè	576
8721	Xã Hậu Mỹ Bắc B	576
8722	Xã Hậu Mỹ Bắc A	576
8723	Xã Mỹ Trung	576
8724	Xã Hậu Mỹ Trinh	576
8725	Xã Hậu Mỹ Phú	576
8726	Xã Mỹ Tân	576
8727	Xã Mỹ Lợi B	576
8728	Xã Thiện Trung	576
8729	Xã Mỹ Hội	576
8730	Xã An Cư	576
8731	Xã Hậu Thành	576
8732	Xã Mỹ Lợi A	576
8733	Xã Hòa Khánh	576
8734	Xã Thiện Trí	576
8735	Xã Mỹ Đức Đông	576
8736	Xã Mỹ Đức Tây	576
8737	Xã Đông Hòa Hiệp	576
8738	Xã An Thái Đông	576
8739	Xã Tân Hưng	576
8740	Xã Mỹ Lương	576
8741	Xã Tân Thanh	576
8742	Xã An Thái Trung	576
8743	Xã An Hữu	576
8744	Xã Hòa Hưng	576
8745	Xã Thạnh Lộc	577
8746	Xã Mỹ Thành Bắc	577
8747	Xã Phú Cường	577
8748	Xã Mỹ Thành Nam	577
8749	Xã Phú Nhuận	577
8750	Thị trấn Bình Phú	577
8751	Xã Cẩm Sơn	577
8752	Xã Phú An	577
8753	Xã Mỹ Long	577
8754	Xã Long Tiên	577
8755	Xã Hiệp Đức	577
8756	Xã Long Trung	577
8757	Xã Hội Xuân	577
8758	Xã Tân Phong	577
8759	Xã Tam Bình	577
8760	Xã Ngũ Hiệp	577
8761	Thị trấn Tân Hiệp	578
8762	Xã Tân Hội Đông	578
8763	Xã Tân Hương	578
8764	Xã Tân Lý Đông	578
8765	Xã Thân Cửu Nghĩa	578
8766	Xã Tam Hiệp	578
8767	Xã Điềm Hy	578
8768	Xã Nhị Bình	578
8769	Xã Đông Hòa	578
8770	Xã Long Định	578
8771	Xã Long An	578
8772	Xã Long Hưng	578
8773	Xã Bình Trưng	578
8774	Xã Thạnh Phú	578
8775	Xã Bàn Long	578
8776	Xã Vĩnh Kim	578
8777	Xã Bình Đức	578
8778	Xã Song Thuận	578
8779	Xã Kim Sơn	578
8780	Xã Phú Phong	578
8781	Thị trấn Chợ Gạo	579
8782	Xã Trung Hòa	579
8783	Xã Hòa Tịnh	579
8784	Xã Mỹ Tịnh An	579
8785	Xã Tân Bình Thạnh	579
8786	Xã Phú Kiết	579
8787	Xã Lương Hòa Lạc	579
8788	Xã Thanh Bình	579
8789	Xã Quơn Long	579
8790	Xã Bình Phục Nhứt	579
8791	Xã Đăng Hưng Phước	579
8792	Xã Tân Thuận Bình	579
8793	Xã Song Bình	579
8794	Xã Bình Phan	579
8795	Xã Long Bình Điền	579
8796	Xã An Thạnh Thủy	579
8797	Xã Xuân Đông	579
8798	Xã Hòa Định	579
8799	Xã Bình Ninh	579
8800	Thị trấn Vĩnh Bình	580
8801	Xã Đồng Sơn	580
8802	Xã Bình Phú	580
8803	Xã Đồng Thạnh	580
8804	Xã Thành Công	580
8805	Xã Bình Nhì	580
8806	Xã Yên Luông	580
8807	Xã Thạnh Trị	580
8808	Xã Thạnh Nhựt	580
8809	Xã Long Vĩnh	580
8810	Xã Bình Tân	580
8811	Xã Vĩnh Hựu	580
8812	Xã Long Bình	580
8813	Thị trấn Tân Hòa	581
8814	Xã Tăng Hoà	581
8815	Xã Tân Phước	581
8816	Xã Gia Thuận	581
8817	Thị trấn Vàm Láng	581
8818	Xã Tân Tây	581
8819	Xã Kiểng Phước	581
8820	Xã Tân Đông	581
8821	Xã Bình Ân	581
8822	Xã Tân Điền	581
8823	Xã Bình Nghị	581
8824	Xã Phước Trung	581
8825	Xã Tân Thành	581
8826	Xã Tân Thới	582
8827	Xã Tân Phú	582
8828	Xã Phú Thạnh	582
8829	Xã Tân Thạnh	582
8830	Xã Phú Đông	582
8831	Xã Phú Tân	582
8832	Phường Phú Khương	583
8833	Phường Phú Tân	583
8834	Phường 8	583
8835	Phường 6	583
8836	Phường An Hội	583
8837	Phường 7	583
8838	Xã Sơn Đông	583
8839	Xã Phú Hưng	583
8840	Xã Bình Phú	583
8841	Xã Mỹ Thạnh An	583
8842	Xã Nhơn Thạnh	583
8843	Xã Phú Nhuận	583
8844	Xã Tân Thạch	584
8845	Xã Qưới Sơn	584
8846	Thị trấn Châu Thành	584
8847	Xã Giao Long	584
8848	Xã Phú Túc	584
8849	Xã Phú Đức	584
8850	Xã An Phước	584
8851	Xã Tam Phước	584
8852	Xã Thành Triệu	584
8853	Xã Tân Phú	584
8854	Xã Quới Thành	584
8855	Xã Phước Thạnh	584
8856	Xã Tiên Long	584
8857	Xã Tường Đa	584
8858	Xã Hữu Định	584
8859	Thị trấn Tiên Thủy	584
8860	Thị trấn Chợ Lách	585
8861	Xã Phú Phụng	585
8862	Xã Sơn Định	585
8863	Xã Vĩnh Bình	585
8864	Xã Hòa Nghĩa	585
8865	Xã Long Thới	585
8866	Xã Phú Sơn	585
8867	Xã Tân Thiềng	585
8868	Xã Vĩnh Thành	585
8869	Xã Vĩnh Hòa	585
8870	Xã Hưng Khánh Trung B	585
8871	Thị trấn Mỏ Cày	586
8872	Xã Định Thủy	586
8873	Xã Đa Phước Hội	586
8874	Xã Tân Hội	586
8875	Xã Phước Hiệp	586
8876	Xã Bình Khánh	586
8877	Xã An Thạnh	586
8878	Xã An Định	586
8879	Xã Thành Thới B	586
8880	Xã Tân Trung	586
8881	Xã An Thới	586
8882	Xã Thành Thới A	586
8883	Xã Minh Đức	586
8884	Xã Ngãi Đăng	586
8885	Xã Cẩm Sơn	586
8886	Xã Hương Mỹ	586
8887	Thị trấn Giồng Trôm	587
8888	Xã Phong Nẫm	587
8889	Xã Mỹ Thạnh	587
8890	Xã Châu Hòa	587
8891	Xã Lương Hòa	587
8892	Xã Lương Quới	587
8893	Xã Lương Phú	587
8894	Xã Châu Bình	587
8895	Xã Thuận Điền	587
8896	Xã Sơn Phú	587
8897	Xã Bình Hoà	587
8898	Xã Phước Long	587
8899	Xã Hưng Phong	587
8900	Xã Long Mỹ	587
8901	Xã Tân Hào	587
8902	Xã Bình Thành	587
8903	Xã Tân Thanh	587
8904	Xã Tân Lợi Thạnh	587
8905	Xã Thạnh Phú Đông	587
8906	Xã Hưng Nhượng	587
8907	Xã Hưng Lễ	587
8908	Thị trấn Bình Đại	588
8909	Xã Tam Hiệp	588
8910	Xã Long Định	588
8911	Xã Long Hòa	588
8912	Xã Phú Thuận	588
8913	Xã Vang Quới Tây	588
8914	Xã Vang Quới Đông	588
8915	Xã Châu Hưng	588
8916	Xã Lộc Thuận	588
8917	Xã Định Trung	588
8918	Xã Thới Lai	588
8919	Xã Bình Thới	588
8920	Xã Phú Long	588
8921	Xã Bình Thắng	588
8922	Xã Thạnh Trị	588
8923	Xã Đại Hòa Lộc	588
8924	Xã Thừa Đức	588
8925	Xã Thạnh Phước	588
8926	Xã Thới Thuận	588
8927	Thị trấn Ba Tri	589
8928	Xã Mỹ Hòa	589
8929	Xã Tân Xuân	589
8930	Xã Mỹ Chánh	589
8931	Xã Bảo Thạnh	589
8932	Xã An Phú Trung	589
8933	Xã Mỹ Thạnh	589
8934	Xã Mỹ Nhơn	589
8935	Xã Phước Ngãi	589
8936	Xã An Ngãi Trung	589
8937	Xã Phú Lễ	589
8938	Xã An Bình Tây	589
8939	Xã Bảo Thuận	589
8940	Xã Tân Hưng	589
8941	Xã An Ngãi Tây	589
8942	Xã An Hiệp	589
8943	Xã Vĩnh Hòa	589
8944	Xã Tân Thủy	589
8945	Xã Vĩnh An	589
8946	Xã An Đức	589
8947	Xã An Hòa Tây	589
8948	Thị trấn Tiệm Tôm	589
8949	Thị trấn Thạnh Phú	590
8950	Xã Phú Khánh	590
8951	Xã Đại Điền	590
8952	Xã Quới Điền	590
8953	Xã Tân Phong	590
8954	Xã Mỹ Hưng	590
8955	Xã An Thạnh	590
8956	Xã Thới Thạnh	590
8957	Xã Hòa Lợi	590
8958	Xã An Điền	590
8959	Xã Bình Thạnh	590
8960	Xã An Thuận	590
8961	Xã An Quy	590
8962	Xã Thạnh Hải	590
8963	Xã An Nhơn	590
8964	Xã Giao Thạnh	590
8965	Xã Thạnh Phong	590
8966	Xã Mỹ An	590
8967	Xã Phú Mỹ	591
8968	Xã Hưng Khánh Trung A	591
8969	Xã Thanh Tân	591
8970	Xã Thạnh Ngãi	591
8971	Xã Tân Phú Tây	591
8972	Thị trấn Phước Mỹ Trung	591
8973	Xã Tân Thành Bình	591
8974	Xã Thành An	591
8975	Xã Hòa Lộc	591
8976	Xã Tân Thanh Tây	591
8977	Xã Tân Bình	591
8978	Xã Nhuận Phú Tân	591
8979	Xã Khánh Thạnh Tân	591
8980	Phường 4	592
8981	Phường 1	592
8982	Phường 3	592
8983	Phường 5	592
8984	Phường 7	592
8985	Phường 8	592
8986	Phường 9	592
8987	Xã Long Đức	592
8988	Thị trấn Càng Long	593
8989	Xã Mỹ Cẩm	593
8990	Xã An Trường A	593
8991	Xã An Trường	593
8992	Xã Huyền Hội	593
8993	Xã Tân An	593
8994	Xã Tân Bình	593
8995	Xã Bình Phú	593
8996	Xã Phương Thạnh	593
8997	Xã Đại Phúc	593
8998	Xã Đại Phước	593
8999	Xã Nhị Long Phú	593
9000	Xã Nhị Long	593
9001	Xã Đức Mỹ	593
9002	Thị trấn Cầu Kè	594
9003	Xã Hòa Ân	594
9004	Xã Châu Điền	594
9005	Xã An Phú Tân	594
9006	Xã Hoà Tân	594
9007	Xã Ninh Thới	594
9008	Xã Phong Phú	594
9009	Xã Phong Thạnh	594
9010	Xã Tam Ngãi	594
9011	Xã Thông Hòa	594
9012	Xã Thạnh Phú	594
9013	Thị trấn Tiểu Cần	595
9014	Thị trấn Cầu Quan	595
9015	Xã Phú Cần	595
9016	Xã Hiếu Tử	595
9017	Xã Hiếu Trung	595
9018	Xã Long Thới	595
9019	Xã Hùng Hòa	595
9020	Xã Tân Hùng	595
9021	Xã Tập Ngãi	595
9022	Xã Ngãi Hùng	595
9023	Xã Tân Hòa	595
9024	Thị trấn Châu Thành	596
9025	Xã Đa Lộc	596
9026	Xã Mỹ Chánh	596
9027	Xã Thanh Mỹ	596
9028	Xã Lương Hoà A	596
9029	Xã Lương Hòa	596
9030	Xã Song Lộc	596
9031	Xã Nguyệt Hóa	596
9032	Xã Hòa Thuận	596
9033	Xã Hòa Lợi	596
9034	Xã Phước Hảo	596
9035	Xã Hưng Mỹ	596
9036	Xã Hòa Minh	596
9037	Xã Long Hòa	596
9038	Thị trấn Cầu Ngang	597
9039	Thị trấn Mỹ Long	597
9040	Xã Mỹ Long Bắc	597
9041	Xã Mỹ Long Nam	597
9042	Xã Mỹ Hòa	597
9043	Xã Vĩnh Kim	597
9044	Xã Kim Hòa	597
9045	Xã Hiệp Hòa	597
9046	Xã Thuận Hòa	597
9047	Xã Long Sơn	597
9048	Xã Nhị Trường	597
9049	Xã Trường Thọ	597
9050	Xã Hiệp Mỹ Đông	597
9051	Xã Hiệp Mỹ Tây	597
9052	Xã Thạnh Hòa Sơn	597
9053	Thị trấn Trà Cú	598
9054	Thị trấn Định An	598
9055	Xã Phước Hưng	598
9056	Xã Tập Sơn	598
9057	Xã Tân Sơn	598
9058	Xã An Quảng Hữu	598
9059	Xã Lưu Nghiệp Anh	598
9060	Xã Ngãi Xuyên	598
9061	Xã Kim Sơn	598
9062	Xã Thanh Sơn	598
9063	Xã Hàm Giang	598
9064	Xã Hàm Tân	598
9065	Xã Đại An	598
9066	Xã Định An	598
9067	Xã Ngọc Biên	598
9068	Xã Long Hiệp	598
9069	Xã Tân Hiệp	598
9070	Xã Đôn Xuân	599
9071	Xã Đôn Châu	599
9072	Thị trấn Long Thành	599
9073	Xã Long Khánh	599
9074	Xã Ngũ Lạc	599
9075	Xã Long Vĩnh	599
9076	Xã Đông Hải	599
9077	Phường 1	600
9078	Xã Long Toàn	600
9079	Phường 2	600
9080	Xã Long Hữu	600
9081	Xã Dân Thành	600
9082	Xã Trường Long Hòa	600
9083	Xã Hiệp Thạnh	600
9084	Phường 9	601
9085	Phường 5	601
9086	Phường 1	601
9087	Phường 4	601
9088	Phường 3	601
9089	Phường 8	601
9090	Phường Tân Ngãi	601
9091	Phường Tân Hòa	601
9092	Phường Tân Hội	601
9093	Phường Trường An	601
9094	Xã Đồng Phú	602
9095	Xã Bình Hòa Phước	602
9096	Xã Hòa Ninh	602
9097	Xã An Bình	602
9098	Xã Thanh Đức	602
9099	Xã Tân Hạnh	602
9100	Xã Phước Hậu	602
9101	Xã Long Phước	602
9102	Thị trấn Long Hồ	602
9103	Xã Lộc Hòa	602
9104	Xã Long An	602
9105	Xã Phú Quới	602
9106	Xã Thạnh Quới	602
9107	Xã Hòa Phú	602
9108	Xã Mỹ An	603
9109	Xã Mỹ Phước	603
9110	Xã An Phước	603
9111	Xã Nhơn Phú	603
9112	Xã Long Mỹ	603
9113	Xã Hòa Tịnh	603
9114	Thị trấn Cái Nhum	603
9115	Xã Bình Phước	603
9116	Xã Chánh An	603
9117	Xã Tân An Hội	603
9118	Xã Tân Long	603
9119	Xã Tân Long Hội	603
9120	Thị trấn Vũng Liêm	604
9121	Xã Tân Quới Trung	604
9122	Xã Quới Thiện	604
9123	Xã Quới An	604
9124	Xã Trung Chánh	604
9125	Xã Tân An Luông	604
9126	Xã Thanh Bình	604
9127	Xã Trung Thành Tây	604
9128	Xã Trung Hiệp	604
9129	Xã Hiếu Phụng	604
9130	Xã Trung Thành Đông	604
9131	Xã Trung Thành	604
9132	Xã Trung Hiếu	604
9133	Xã Trung Ngãi	604
9134	Xã Hiếu Thuận	604
9135	Xã Trung Nghĩa	604
9136	Xã Trung An	604
9137	Xã Hiếu Nhơn	604
9138	Xã Hiếu Thành	604
9139	Xã Hiếu Nghĩa	604
9140	Thị trấn Tam Bình	605
9141	Xã Tân Lộc	605
9142	Xã Phú Thịnh	605
9143	Xã Hậu Lộc	605
9144	Xã Hòa Thạnh	605
9145	Xã Hoà Lộc	605
9146	Xã Phú Lộc	605
9147	Xã Song Phú	605
9148	Xã Hòa Hiệp	605
9149	Xã Mỹ Lộc	605
9150	Xã Tân Phú	605
9151	Xã Long Phú	605
9152	Xã Mỹ Thạnh Trung	605
9153	Xã Loan Mỹ	605
9154	Xã Ngãi Tứ	605
9155	Xã Bình Ninh	605
9156	Phường Cái Vồn	606
9157	Phường Thành Phước	606
9158	Xã Thuận An	606
9159	Xã Đông Thạnh	606
9160	Xã Đông Bình	606
9161	Phường Đông Thuận	606
9162	Xã Mỹ Hòa	606
9163	Xã Đông Thành	606
9164	Thị trấn Trà Ôn	607
9165	Xã Xuân Hiệp	607
9166	Xã Nhơn Bình	607
9167	Xã Hòa Bình	607
9168	Xã Thới Hòa	607
9169	Xã Trà Côn	607
9170	Xã Tân Mỹ	607
9171	Xã Hựu Thành	607
9172	Xã Vĩnh Xuân	607
9173	Xã Thuận Thới	607
9174	Xã Phú Thành	607
9175	Xã Lục Sỹ Thành	607
9176	Xã Tích Thiện	607
9177	Xã Tân Thành	608
9178	Xã Thành Trung	608
9179	Xã Tân An Thạnh	608
9180	Xã Tân Lược	608
9181	Xã Nguyễn Văn Thảnh	608
9182	Xã Thành Lợi	608
9183	Xã Mỹ Thuận	608
9184	Xã Tân Bình	608
9185	Thị trấn Tân Quới	608
9186	Phường 1	609
9187	Phường 4	609
9188	Phường 3	609
9189	Phường 6	609
9190	Phường Mỹ Ngãi	609
9191	Xã Mỹ Tân	609
9192	Xã Mỹ Trà	609
9193	Phường Mỹ Phú	609
9194	Xã Tân Thuận Tây	609
9195	Phường Hoà Thuận	609
9196	Xã Hòa An	609
9197	Xã Tân Thuận Đông	609
9198	Xã Tịnh Thới	609
9199	Phường 3	610
9200	Phường 1	610
9201	Phường 4	610
9202	Phường 2	610
9203	Xã Tân Khánh Đông	610
9204	Phường Tân Quy Đông	610
9205	Phường An Hoà	610
9206	Xã Tân Quy Tây	610
9207	Xã Tân Phú Đông	610
9208	Phường An Lộc	611
9209	Phường An Thạnh	611
9210	Xã Bình Thạnh	611
9211	Xã Tân Hội	611
9212	Phường An Lạc	611
9213	Phường An Bình B	611
9214	Phường An Bình A	611
9215	Thị trấn Sa Rài	612
9216	Xã Tân Hộ Cơ	612
9217	Xã Thông Bình	612
9218	Xã Bình Phú	612
9219	Xã Tân Thành A	612
9220	Xã Tân Thành B	612
9221	Xã Tân Phước	612
9222	Xã Tân Công Chí	612
9223	Xã An Phước	612
9224	Xã Thường Phước 1	613
9225	Xã Thường Thới Hậu A	613
9226	Thị trấn Thường Thới Tiền	613
9227	Xã Thường Phước 2	613
9228	Xã Thường Lạc	613
9229	Xã Long Khánh A	613
9230	Xã Long Khánh B	613
9231	Xã Long Thuận	613
9232	Xã Phú Thuận B	613
9233	Xã Phú Thuận A	613
9234	Thị trấn Tràm Chim	614
9235	Xã Hoà Bình	614
9236	Xã Tân Công Sính	614
9237	Xã Phú Hiệp	614
9238	Xã Phú Đức	614
9239	Xã Phú Thành B	614
9240	Xã An Hòa	614
9241	Xã An Long	614
9242	Xã Phú Cường	614
9243	Xã Phú Ninh	614
9244	Xã Phú Thọ	614
9245	Xã Phú Thành A	614
9246	Thị trấn Mỹ An	615
9247	Xã Thạnh Lợi	615
9248	Xã Hưng Thạnh	615
9249	Xã Trường Xuân	615
9250	Xã Tân Kiều	615
9251	Xã Mỹ Hòa	615
9252	Xã Mỹ Quý	615
9253	Xã Mỹ Đông	615
9254	Xã Đốc Binh Kiều	615
9255	Xã Mỹ An	615
9256	Xã Phú Điền	615
9257	Xã Láng Biển	615
9258	Xã Thanh Mỹ	615
9259	Thị trấn Mỹ Thọ	616
9260	Xã Gáo Giồng	616
9261	Xã Phương Thịnh	616
9262	Xã Ba Sao	616
9263	Xã Phong Mỹ	616
9264	Xã Tân Nghĩa	616
9265	Xã Phương Trà	616
9266	Xã Nhị Mỹ	616
9267	Xã Mỹ Thọ	616
9268	Xã Tân Hội Trung	616
9269	Xã An Bình	616
9270	Xã Mỹ Hội	616
9271	Xã Mỹ Hiệp	616
9272	Xã Mỹ Long	616
9273	Xã Bình Hàng Trung	616
9274	Xã Mỹ Xương	616
9275	Xã Bình Hàng Tây	616
9276	Xã Bình Thạnh	616
9277	Thị trấn Thanh Bình	617
9278	Xã Tân Quới	617
9279	Xã Tân Hòa	617
9280	Xã An Phong	617
9281	Xã Phú Lợi	617
9282	Xã Tân Mỹ	617
9283	Xã Bình Tấn	617
9284	Xã Tân Huề	617
9285	Xã Tân Bình	617
9286	Xã Tân Thạnh	617
9287	Xã Tân Phú	617
9288	Xã Bình Thành	617
9289	Xã Tân Long	617
9290	Thị trấn Lấp Vò	618
9291	Xã Mỹ An Hưng A	618
9292	Xã Tân Mỹ	618
9293	Xã Mỹ An Hưng B	618
9294	Xã Tân Khánh Trung	618
9295	Xã Long Hưng A	618
9296	Xã Vĩnh Thạnh	618
9297	Xã Long Hưng B	618
9298	Xã Bình Thành	618
9299	Xã Định An	618
9300	Xã Định Yên	618
9301	Xã Hội An Đông	618
9302	Xã Bình Thạnh Trung	618
9303	Thị trấn Lai Vung	619
9304	Xã Tân Dương	619
9305	Xã Hòa Thành	619
9306	Xã Long Hậu	619
9307	Xã Tân Phước	619
9308	Xã Hòa Long	619
9309	Xã Tân Thành	619
9310	Xã Long Thắng	619
9311	Xã Vĩnh Thới	619
9312	Xã Tân Hòa	619
9313	Xã Định Hòa	619
9314	Xã Phong Hòa	619
9315	Thị trấn Cái Tàu Hạ	620
9316	Xã An Hiệp	620
9317	Xã An Nhơn	620
9318	Xã Tân Nhuận Đông	620
9319	Xã Tân Bình	620
9320	Xã Tân Phú Trung	620
9321	Xã Phú Long	620
9322	Xã An Phú Thuận	620
9323	Xã Phú Hựu	620
9324	Xã An Khánh	620
9325	Xã Tân Phú	620
9326	Xã Hòa Tân	620
9327	Phường Mỹ Bình	621
9328	Phường Mỹ Long	621
9329	Phường Mỹ Xuyên	621
9330	Phường Bình Đức	621
9331	Phường Bình Khánh	621
9332	Phường Mỹ Phước	621
9333	Phường Mỹ Quý	621
9334	Phường Mỹ Thới	621
9335	Phường Mỹ Thạnh	621
9336	Phường Mỹ Hòa	621
9337	Xã Mỹ Khánh	621
9338	Xã Mỹ Hoà Hưng	621
9339	Phường Châu Phú B	622
9340	Phường Châu Phú A	622
9341	Phường Vĩnh Mỹ	622
9342	Phường Núi Sam	622
9343	Phường Vĩnh Ngươn	622
9344	Xã Vĩnh Tế	622
9345	Xã Vĩnh Châu	622
9346	Thị trấn An Phú	623
9347	Xã Khánh An	623
9348	Thị trấn Long Bình	623
9349	Xã Khánh Bình	623
9350	Xã Quốc Thái	623
9351	Xã Nhơn Hội	623
9352	Xã Phú Hữu	623
9353	Xã Phú Hội	623
9354	Xã Phước Hưng	623
9355	Xã Vĩnh Lộc	623
9356	Xã Vĩnh Hậu	623
9357	Xã Vĩnh Trường	623
9358	Xã Vĩnh Hội Đông	623
9359	Thị trấn Đa Phước	623
9360	Phường Long Thạnh	624
9361	Phường Long Hưng	624
9362	Phường Long Châu	624
9363	Xã Phú Lộc	624
9364	Xã Vĩnh Xương	624
9365	Xã Vĩnh Hòa	624
9366	Xã Tân Thạnh	624
9367	Xã Tân An	624
9368	Xã Long An	624
9369	Phường Long Phú	624
9370	Xã Châu Phong	624
9371	Xã Phú Vĩnh	624
9372	Xã Lê Chánh	624
9373	Phường Long Sơn	624
9374	Thị trấn Phú Mỹ	625
9375	Thị trấn Chợ Vàm	625
9376	Xã Long Hoà	625
9377	Xã Phú Long	625
9378	Xã Phú Lâm	625
9379	Xã Phú Hiệp	625
9380	Xã Phú Thạnh	625
9381	Xã Hoà Lạc	625
9382	Xã Phú Thành	625
9383	Xã Phú An	625
9384	Xã Phú Xuân	625
9385	Xã Hiệp Xương	625
9386	Xã Phú Bình	625
9387	Xã Phú Thọ	625
9388	Xã Phú Hưng	625
9389	Xã Bình Thạnh Đông	625
9390	Xã Tân Hòa	625
9391	Xã Tân Trung	625
9392	Thị trấn Cái Dầu	626
9393	Xã Khánh Hòa	626
9394	Xã Mỹ Đức	626
9395	Xã Mỹ Phú	626
9396	Xã Ô Long Vỹ	626
9397	Thị trấn Vĩnh Thạnh Trung	626
9398	Xã Thạnh Mỹ Tây	626
9399	Xã Bình Long	626
9400	Xã Bình Mỹ	626
9401	Xã Bình Thủy	626
9402	Xã Đào Hữu Cảnh	626
9403	Xã Bình Phú	626
9404	Xã Bình Chánh	626
9405	Phường Nhà Bàng	627
9406	Phường Chi Lăng	627
9407	Phường Núi Voi	627
9408	Phường Nhơn Hưng	627
9409	Phường An Phú	627
9410	Phường Thới Sơn	627
9411	Phường Tịnh Biên	627
9412	Xã Văn Giáo	627
9413	Xã An Cư	627
9414	Xã An Nông	627
9415	Xã Vĩnh Trung	627
9416	Xã Tân Lợi	627
9417	Xã An Hảo	627
9418	Xã Tân Lập	627
9419	Thị trấn Tri Tôn	628
9420	Thị trấn Ba Chúc	628
9421	Xã Lạc Quới	628
9422	Xã Lê Trì	628
9423	Xã Vĩnh Gia	628
9424	Xã Vĩnh Phước	628
9425	Xã Châu Lăng	628
9426	Xã Lương Phi	628
9427	Xã Lương An Trà	628
9428	Xã Tà Đảnh	628
9429	Xã Núi Tô	628
9430	Xã An Tức	628
9431	Thị trấn Cô Tô	628
9432	Xã Tân Tuyến	628
9433	Xã Ô Lâm	628
9434	Thị trấn An Châu	629
9435	Xã An Hòa	629
9436	Xã Cần Đăng	629
9437	Xã Vĩnh Hanh	629
9438	Xã Bình Thạnh	629
9439	Thị trấn Vĩnh Bình	629
9440	Xã Bình Hòa	629
9441	Xã Vĩnh An	629
9442	Xã Hòa Bình Thạnh	629
9443	Xã Vĩnh Lợi	629
9444	Xã Vĩnh Nhuận	629
9445	Xã Tân Phú	629
9446	Xã Vĩnh Thành	629
9447	Thị trấn Chợ Mới	630
9448	Thị trấn Mỹ Luông	630
9449	Xã Kiến An	630
9450	Xã Mỹ Hội Đông	630
9451	Xã Long Điền A	630
9452	Xã Tấn Mỹ	630
9453	Xã Long Điền B	630
9454	Xã Kiến Thành	630
9455	Xã Mỹ Hiệp	630
9456	Xã Mỹ An	630
9457	Xã Nhơn Mỹ	630
9458	Xã Long Giang	630
9459	Xã Long Kiến	630
9460	Xã Bình Phước Xuân	630
9461	Xã An Thạnh Trung	630
9462	Thị trấn Hội An	630
9463	Xã Hòa Bình	630
9464	Xã Hòa An	630
9465	Thị trấn Núi Sập	631
9466	Thị trấn Phú Hoà	631
9467	Thị trấn Óc Eo	631
9468	Xã Tây Phú	631
9469	Xã An Bình	631
9470	Xã Vĩnh Phú	631
9471	Xã Vĩnh Trạch	631
9472	Xã Phú Thuận	631
9473	Xã Vĩnh Chánh	631
9474	Xã Định Mỹ	631
9475	Xã Định Thành	631
9476	Xã Mỹ Phú Đông	631
9477	Xã Vọng Đông	631
9478	Xã Vĩnh Khánh	631
9479	Xã Thoại Giang	631
9480	Xã Bình Thành	631
9481	Xã Vọng Thê	631
9482	Phường Vĩnh Thanh	632
9483	Phường Vĩnh Quang	632
9484	Phường Vĩnh Hiệp	632
9485	Phường Vĩnh Thanh Vân	632
9486	Phường Vĩnh Lạc	632
9487	Phường An Hòa	632
9488	Phường An Bình	632
9489	Phường Rạch Sỏi	632
9490	Phường Vĩnh Lợi	632
9491	Phường Vĩnh Thông	632
9492	Xã Phi Thông	632
9493	Phường Tô Châu	633
9494	Phường Đông Hồ	633
9495	Phường Bình San	633
9496	Phường Pháo Đài	633
9497	Phường Mỹ Đức	633
9498	Xã Tiên Hải	633
9499	Xã Thuận Yên	633
9500	Thị trấn Kiên Lương	634
9501	Xã Kiên Bình	634
9502	Xã Hòa Điền	634
9503	Xã Dương Hòa	634
9504	Xã Bình An	634
9505	Xã Bình Trị	634
9506	Xã Sơn Hải	634
9507	Xã Hòn Nghệ	634
9508	Thị trấn Hòn Đất	635
9509	Thị trấn Sóc Sơn	635
9510	Xã Bình Sơn	635
9511	Xã Bình Giang	635
9512	Xã Mỹ Thái	635
9513	Xã Nam Thái Sơn	635
9514	Xã Mỹ Hiệp Sơn	635
9515	Xã Sơn Kiên	635
9516	Xã Sơn Bình	635
9517	Xã Mỹ Thuận	635
9518	Xã Lình Huỳnh	635
9519	Xã Thổ Sơn	635
9520	Xã Mỹ Lâm	635
9521	Xã Mỹ Phước	635
9522	Thị trấn Tân Hiệp	636
9523	Xã Tân Hội	636
9524	Xã Tân Thành	636
9525	Xã Tân Hiệp B	636
9526	Xã Tân Hoà	636
9527	Xã Thạnh Đông B	636
9528	Xã Thạnh Đông	636
9529	Xã Tân Hiệp A	636
9530	Xã Tân An	636
9531	Xã Thạnh Đông A	636
9532	Xã Thạnh Trị	636
9533	Thị trấn Minh Lương	637
9534	Xã Mong Thọ A	637
9535	Xã Mong Thọ B	637
9536	Xã Mong Thọ	637
9537	Xã Giục Tượng	637
9538	Xã Vĩnh Hòa Hiệp	637
9539	Xã Vĩnh Hoà Phú	637
9540	Xã Minh Hòa	637
9541	Xã Bình An	637
9542	Xã Thạnh Lộc	637
9543	Thị trấn Giồng Riềng	638
9544	Xã Thạnh Hưng	638
9545	Xã Thạnh Phước	638
9546	Xã Thạnh Lộc	638
9547	Xã Thạnh Hòa	638
9548	Xã Thạnh Bình	638
9549	Xã Bàn Thạch	638
9550	Xã Bàn Tân Định	638
9551	Xã Ngọc Thành	638
9552	Xã Ngọc Chúc	638
9553	Xã Ngọc Thuận	638
9554	Xã Hòa Hưng	638
9555	Xã Hoà Lợi	638
9556	Xã Hoà An	638
9557	Xã Long Thạnh	638
9558	Xã Vĩnh Thạnh	638
9559	Xã Vĩnh Phú	638
9560	Xã Hòa Thuận	638
9561	Xã Ngọc Hoà	638
9562	Thị trấn Gò Quao	639
9563	Xã Vĩnh Hòa Hưng Bắc	639
9564	Xã Định Hòa	639
9565	Xã Thới Quản	639
9566	Xã Định An	639
9567	Xã Thủy Liễu	639
9568	Xã Vĩnh Hòa Hưng Nam	639
9569	Xã Vĩnh Phước A	639
9570	Xã Vĩnh Phước B	639
9571	Xã Vĩnh Tuy	639
9572	Xã Vĩnh Thắng	639
9573	Thị trấn Thứ Ba	640
9574	Xã Tây Yên	640
9575	Xã Tây Yên A	640
9576	Xã Nam Yên	640
9577	Xã Hưng Yên	640
9578	Xã Nam Thái	640
9579	Xã Nam Thái A	640
9580	Xã Đông Thái	640
9581	Xã Đông Yên	640
9582	Thị trấn Thứ Mười Một	641
9583	Xã Thuận Hoà	641
9584	Xã Đông Hòa	641
9585	Xã Đông Thạnh	641
9586	Xã Tân Thạnh	641
9587	Xã Đông Hưng	641
9588	Xã Đông Hưng A	641
9589	Xã Đông Hưng B	641
9590	Xã Vân Khánh	641
9591	Xã Vân Khánh Đông	641
9592	Xã Vân Khánh Tây	641
9593	Thị trấn Vĩnh Thuận	642
9594	Xã Vĩnh Bình Bắc	642
9595	Xã Vĩnh Bình Nam	642
9596	Xã Bình Minh	642
9597	Xã Vĩnh Thuận	642
9598	Xã Tân Thuận	642
9599	Xã Phong Đông	642
9600	Xã Vĩnh Phong	642
9601	Phường Dương Đông	643
9602	Phường An Thới	643
9603	Xã Cửa Cạn	643
9604	Xã Gành Dầu	643
9605	Xã Cửa Dương	643
9606	Xã Hàm Ninh	643
9607	Xã Dương Tơ	643
9608	Xã Bãi Thơm	643
9609	Xã Thổ Châu	643
9610	Xã Hòn Tre	644
9611	Xã Lại Sơn	644
9612	Xã An Sơn	644
9613	Xã Nam Du	644
9614	Xã Thạnh Yên	645
9615	Xã Thạnh Yên A	645
9616	Xã An Minh Bắc	645
9617	Xã Vĩnh Hòa	645
9618	Xã Hoà Chánh	645
9619	Xã Minh Thuận	645
9620	Xã Vĩnh Phú	646
9621	Xã Vĩnh Điều	646
9622	Xã Tân Khánh Hòa	646
9623	Xã Phú Lợi	646
9624	Xã Phú Mỹ	646
9625	Phường Cái Khế	647
9626	Phường An Hòa	647
9627	Phường Thới Bình	647
9628	Phường Tân An	647
9629	Phường Xuân Khánh	647
9630	Phường Hưng Lợi	647
9631	Phường An Khánh	647
9632	Phường An Bình	647
9633	Phường Châu Văn Liêm	648
9634	Phường Thới Hòa	648
9635	Phường Thới Long	648
9636	Phường Long Hưng	648
9637	Phường Thới An	648
9638	Phường Phước Thới	648
9639	Phường Trường Lạc	648
9640	Phường Bình Thủy	649
9641	Phường Trà An	649
9642	Phường Trà Nóc	649
9643	Phường Thới An Đông	649
9644	Phường An Thới	649
9645	Phường Bùi Hữu Nghĩa	649
9646	Phường Long Hòa	649
9647	Phường Long Tuyền	649
9648	Phường Lê Bình	650
9649	Phường Hưng Phú	650
9650	Phường Hưng Thạnh	650
9651	Phường Ba Láng	650
9652	Phường Thường Thạnh	650
9653	Phường Phú Thứ	650
9654	Phường Tân Phú	650
9655	Phường Thốt Nốt	651
9656	Phường Thới Thuận	651
9657	Phường Thuận An	651
9658	Phường Tân Lộc	651
9659	Phường Trung Nhứt	651
9660	Phường Thạnh Hoà	651
9661	Phường Trung Kiên	651
9662	Phường Tân Hưng	651
9663	Phường Thuận Hưng	651
9664	Xã Vĩnh Bình	652
9665	Thị trấn Thanh An	652
9666	Thị trấn Vĩnh Thạnh	652
9667	Xã Thạnh Mỹ	652
9668	Xã Vĩnh Trinh	652
9669	Xã Thạnh An	652
9670	Xã Thạnh Tiến	652
9671	Xã Thạnh Thắng	652
9672	Xã Thạnh Lợi	652
9673	Xã Thạnh Qưới	652
9674	Xã Thạnh Lộc	652
9675	Xã Trung An	653
9676	Xã Trung Thạnh	653
9677	Xã Thạnh Phú	653
9678	Xã Trung Hưng	653
9679	Thị trấn Cờ Đỏ	653
9680	Xã Thới Hưng	653
9681	Xã Đông Hiệp	653
9682	Xã Đông Thắng	653
9683	Xã Thới Đông	653
9684	Xã Thới Xuân	653
9685	Thị trấn Phong Điền	654
9686	Xã Nhơn Ái	654
9687	Xã Giai Xuân	654
9688	Xã Tân Thới	654
9689	Xã Trường Long	654
9690	Xã Mỹ Khánh	654
9691	Xã Nhơn Nghĩa	654
9692	Thị trấn Thới Lai	655
9693	Xã Thới Thạnh	655
9694	Xã Tân Thạnh	655
9695	Xã Xuân Thắng	655
9696	Xã Đông Bình	655
9697	Xã Đông Thuận	655
9698	Xã Thới Tân	655
9699	Xã Trường Thắng	655
9700	Xã Định Môn	655
9701	Xã Trường Thành	655
9702	Xã Trường Xuân	655
9703	Xã Trường Xuân A	655
9704	Xã Trường Xuân B	655
9705	Phường I	656
9706	Phường III	656
9707	Phường IV	656
9708	Phường V	656
9709	Phường VII	656
9710	Xã Vị Tân	656
9711	Xã Hoả Lựu	656
9712	Xã Tân Tiến	656
9713	Xã Hoả Tiến	656
9714	Phường Ngã Bảy	657
9715	Phường Lái Hiếu	657
9716	Phường Hiệp Thành	657
9717	Phường Hiệp Lợi	657
9718	Xã Đại Thành	657
9719	Xã Tân Thành	657
9720	Thị trấn Một Ngàn	658
9721	Xã Tân Hoà	658
9722	Thị trấn Bảy Ngàn	658
9723	Xã Trường Long Tây	658
9724	Xã Trường Long A	658
9725	Xã Nhơn Nghĩa A	658
9726	Thị trấn Rạch Gòi	658
9727	Xã Thạnh Xuân	658
9728	Thị trấn Cái Tắc	658
9729	Xã Tân Phú Thạnh	658
9730	Thị trấn Ngã Sáu	659
9731	Xã Đông Thạnh	659
9732	Xã Đông Phú	659
9733	Xã Phú Hữu	659
9734	Xã Phú Tân	659
9735	Thị trấn Mái Dầm	659
9736	Xã Đông Phước	659
9737	Xã Đông Phước A	659
9738	Thị trấn Kinh Cùng	660
9739	Thị trấn Cây Dương	660
9740	Xã Tân Bình	660
9741	Xã Bình Thành	660
9742	Xã Thạnh Hòa	660
9743	Xã Long Thạnh	660
9744	Xã Phụng Hiệp	660
9745	Xã Hòa Mỹ	660
9746	Xã Hòa An	660
9747	Xã Phương Bình	660
9748	Xã Hiệp Hưng	660
9749	Xã Tân Phước Hưng	660
9750	Thị trấn Búng Tàu	660
9751	Xã Phương Phú	660
9752	Xã Tân Long	660
9753	Thị trấn Nàng Mau	661
9754	Xã Vị Trung	661
9755	Xã Vị Thuỷ	661
9756	Xã Vị Thắng	661
9757	Xã Vĩnh Thuận Tây	661
9758	Xã Vĩnh Trung	661
9759	Xã Vĩnh Tường	661
9760	Xã Vị Đông	661
9761	Xã Vị Thanh	661
9762	Xã Vị Bình	661
9763	Xã Thuận Hưng	662
9764	Xã Thuận Hòa	662
9765	Xã Vĩnh Thuận Đông	662
9766	Thị trấn Vĩnh Viễn	662
9767	Xã Vĩnh Viễn A	662
9768	Xã Lương Tâm	662
9769	Xã Lương Nghĩa	662
9770	Xã Xà Phiên	662
9771	Phường Thuận An	663
9772	Phường Trà Lồng	663
9773	Phường Bình Thạnh	663
9774	Xã Long Bình	663
9775	Phường Vĩnh Tường	663
9776	Xã Long Trị	663
9777	Xã Long Trị A	663
9778	Xã Long Phú	663
9779	Xã Tân Phú	663
9780	Phường 5	664
9781	Phường 7	664
9782	Phường 8	664
9783	Phường 6	664
9784	Phường 2	664
9785	Phường 4	664
9786	Phường 3	664
9787	Phường 1	664
9788	Phường 10	664
9789	Thị trấn Châu Thành	665
9790	Xã Hồ Đắc Kiện	665
9791	Xã Phú Tâm	665
9792	Xã Thuận Hòa	665
9793	Xã Phú Tân	665
9794	Xã Thiện Mỹ	665
9795	Xã An Hiệp	665
9796	Xã An Ninh	665
9797	Thị trấn Kế Sách	666
9798	Thị trấn An Lạc Thôn	666
9799	Xã Xuân Hòa	666
9800	Xã Phong Nẫm	666
9801	Xã An Lạc Tây	666
9802	Xã Trinh Phú	666
9803	Xã Ba Trinh	666
9804	Xã Thới An Hội	666
9805	Xã Nhơn Mỹ	666
9806	Xã Kế Thành	666
9807	Xã Kế An	666
9808	Xã Đại Hải	666
9809	Xã An Mỹ	666
9810	Thị trấn Huỳnh Hữu Nghĩa	667
9811	Xã Long Hưng	667
9812	Xã Hưng Phú	667
9813	Xã Mỹ Hương	667
9814	Xã Mỹ Tú	667
9815	Xã Mỹ Phước	667
9816	Xã Thuận Hưng	667
9817	Xã Mỹ Thuận	667
9818	Xã Phú Mỹ	667
9819	Thị trấn Cù Lao Dung	668
9820	Xã An Thạnh 1	668
9821	Xã An Thạnh Tây	668
9822	Xã An Thạnh Đông	668
9823	Xã Đại Ân 1	668
9824	Xã An Thạnh 2	668
9825	Xã An Thạnh 3	668
9826	Xã An Thạnh Nam	668
9827	Thị trấn Long Phú	669
9828	Xã Song Phụng	669
9829	Thị trấn Đại Ngãi	669
9830	Xã Hậu Thạnh	669
9831	Xã Long Đức	669
9832	Xã Trường Khánh	669
9833	Xã Phú Hữu	669
9834	Xã Tân Hưng	669
9835	Xã Châu Khánh	669
9836	Xã Tân Thạnh	669
9837	Xã Long Phú	669
9838	Thị trấn Mỹ Xuyên	670
9839	Xã Đại Tâm	670
9840	Xã Tham Đôn	670
9841	Xã Thạnh Phú	670
9842	Xã Ngọc Đông	670
9843	Xã Thạnh Quới	670
9844	Xã Hòa Tú 1	670
9845	Xã Gia Hòa 1	670
9846	Xã Ngọc Tố	670
9847	Xã Gia Hòa 2	670
9848	Xã Hòa Tú II	670
9849	Phường 1	671
9850	Phường 2	671
9851	Xã Vĩnh Quới	671
9852	Xã Tân Long	671
9853	Xã Long Bình	671
9854	Phường 3	671
9855	Xã Mỹ Bình	671
9856	Xã Mỹ Quới	671
9857	Thị trấn Phú Lộc	672
9858	Thị trấn Hưng Lợi	672
9859	Xã Lâm Tân	672
9860	Xã Thạnh Tân	672
9861	Xã Lâm Kiết	672
9862	Xã Tuân Tức	672
9863	Xã Vĩnh Thành	672
9864	Xã Thạnh Trị	672
9865	Xã Vĩnh Lợi	672
9866	Xã Châu Hưng	672
9867	Phường 1	673
9868	Xã Hòa Đông	673
9869	Phường Khánh Hòa	673
9870	Xã Vĩnh Hiệp	673
9871	Xã Vĩnh Hải	673
9872	Xã Lạc Hòa	673
9873	Phường 2	673
9874	Phường Vĩnh Phước	673
9875	Xã Vĩnh Tân	673
9876	Xã Lai Hòa	673
9877	Xã Đại Ân 2	674
9878	Thị trấn Trần Đề	674
9879	Xã Liêu Tú	674
9880	Xã Lịch Hội Thượng	674
9881	Thị trấn Lịch Hội Thượng	674
9882	Xã Trung Bình	674
9883	Xã Tài Văn	674
9884	Xã Viên An	674
9885	Xã Thạnh Thới An	674
9886	Xã Thạnh Thới Thuận	674
9887	Xã Viên Bình	674
9888	Phường 2	675
9889	Phường 3	675
9890	Phường 5	675
9891	Phường 7	675
9892	Phường 1	675
9893	Phường 8	675
9894	Phường Nhà Mát	675
9895	Xã Vĩnh Trạch	675
9896	Xã Vĩnh Trạch Đông	675
9897	Xã Hiệp Thành	675
9898	Thị trấn Ngan Dừa	676
9899	Xã Ninh Quới	676
9900	Xã Ninh Quới A	676
9901	Xã Ninh Hòa	676
9902	Xã Lộc Ninh	676
9903	Xã Vĩnh Lộc	676
9904	Xã Vĩnh Lộc A	676
9905	Xã Ninh Thạnh Lợi A	676
9906	Xã Ninh Thạnh Lợi	676
9907	Thị trấn Phước Long	677
9908	Xã Vĩnh Phú Đông	677
9909	Xã Vĩnh Phú Tây	677
9910	Xã Phước Long	677
9911	Xã Hưng Phú	677
9912	Xã Vĩnh Thanh	677
9913	Xã Phong Thạnh Tây A	677
9914	Xã Phong Thạnh Tây B	677
9915	Xã Vĩnh Hưng	678
9916	Xã Vĩnh Hưng A	678
9917	Thị trấn Châu Hưng	678
9918	Xã Châu Hưng A	678
9919	Xã Hưng Thành	678
9920	Xã Hưng Hội	678
9921	Xã Châu Thới	678
9922	Xã Long Thạnh	678
9923	Phường 1	679
9924	Phường Hộ Phòng	679
9925	Xã Phong Thạnh Đông	679
9926	Phường Láng Tròn	679
9927	Xã Phong Tân	679
9928	Xã Tân Phong	679
9929	Xã Phong Thạnh	679
9930	Xã Phong Thạnh A	679
9931	Xã Phong Thạnh Tây	679
9932	Xã Tân Thạnh	679
9933	Thị trấn Gành Hào	680
9934	Xã Long Điền Đông	680
9935	Xã Long Điền Đông A	680
9936	Xã Long Điền	680
9937	Xã Long Điền Tây	680
9938	Xã Điền Hải	680
9939	Xã An Trạch	680
9940	Xã An Trạch A	680
9941	Xã An Phúc	680
9942	Xã Định Thành	680
9943	Xã Định Thành A	680
9944	Thị trấn Hòa Bình	681
9945	Xã Minh Diệu	681
9946	Xã Vĩnh Bình	681
9947	Xã Vĩnh Mỹ B	681
9948	Xã Vĩnh Hậu	681
9949	Xã Vĩnh Hậu A	681
9950	Xã Vĩnh Mỹ A	681
9951	Xã Vĩnh Thịnh	681
9952	Phường 9	682
9953	Phường 2	682
9954	Phường 1	682
9955	Phường 5	682
9956	Phường 8	682
9957	Phường 6	682
9958	Phường 7	682
9959	Phường Tân Xuyên	682
9960	Xã An Xuyên	682
9961	Phường Tân Thành	682
9962	Xã Tân Thành	682
9963	Xã Tắc Vân	682
9964	Xã Lý Văn Lâm	682
9965	Xã Định Bình	682
9966	Xã Hòa Thành	682
9967	Xã Hòa Tân	682
9968	Thị trấn U Minh	683
9969	Xã Khánh Hòa	683
9970	Xã Khánh Thuận	683
9971	Xã Khánh Tiến	683
9972	Xã Nguyễn Phích	683
9973	Xã Khánh Lâm	683
9974	Xã Khánh An	683
9975	Xã Khánh Hội	683
9976	Thị trấn Thới Bình	684
9977	Xã Biển Bạch	684
9978	Xã Tân Bằng	684
9979	Xã Trí Phải	684
9980	Xã Trí Lực	684
9981	Xã Biển Bạch Đông	684
9982	Xã Thới Bình	684
9983	Xã Tân Phú	684
9984	Xã Tân Lộc Bắc	684
9985	Xã Tân Lộc	684
9986	Xã Tân Lộc Đông	684
9987	Xã Hồ Thị Kỷ	684
9988	Thị trấn Trần Văn Thời	685
9989	Thị trấn Sông Đốc	685
9990	Xã Khánh Bình Tây Bắc	685
9991	Xã Khánh Bình Tây	685
9992	Xã Trần Hợi	685
9993	Xã Khánh Lộc	685
9994	Xã Khánh Bình	685
9995	Xã Khánh Hưng	685
9996	Xã Khánh Bình Đông	685
9997	Xã Khánh Hải	685
9998	Xã Lợi An	685
9999	Xã Phong Điền	685
10000	Xã Phong Lạc	685
10001	Thị trấn Cái Nước	686
10002	Xã Thạnh Phú	686
10003	Xã Lương Thế Trân	686
10004	Xã Phú Hưng	686
10005	Xã Tân Hưng	686
10006	Xã Hưng Mỹ	686
10007	Xã Hoà Mỹ	686
10008	Xã Đông Hưng	686
10009	Xã Đông Thới	686
10010	Xã Tân Hưng Đông	686
10011	Xã Trần Thới	686
10012	Thị trấn Đầm Dơi	687
10013	Xã Tạ An Khương	687
10014	Xã Tạ An Khương Đông	687
10015	Xã Trần Phán	687
10016	Xã Tân Trung	687
10017	Xã Tân Đức	687
10018	Xã Tân Thuận	687
10019	Xã Tạ An Khương Nam	687
10020	Xã Tân Duyệt	687
10021	Xã Tân Dân	687
10022	Xã Tân Tiến	687
10023	Xã Quách Phẩm Bắc	687
10024	Xã Quách Phẩm	687
10025	Xã Thanh Tùng	687
10026	Xã Ngọc Chánh	687
10027	Xã Nguyễn Huân	687
10028	Thị trấn Năm Căn	688
10029	Xã Hàm Rồng	688
10030	Xã Hiệp Tùng	688
10031	Xã Đất Mới	688
10032	Xã Lâm Hải	688
10033	Xã Hàng Vịnh	688
10034	Xã Tam Giang	688
10035	Xã Tam Giang Đông	688
10036	Thị trấn Cái Đôi Vàm	689
10037	Xã Phú Thuận	689
10038	Xã Phú Mỹ	689
10039	Xã Phú Tân	689
10040	Xã Tân Hải	689
10041	Xã Việt Thắng	689
10042	Xã Tân Hưng Tây	689
10043	Xã Rạch Chèo	689
10044	Xã Nguyễn Việt Khái	689
10045	Xã Tam Giang Tây	690
10046	Xã Tân Ân Tây	690
10047	Xã Viên An Đông	690
10048	Xã Viên An	690
10049	Thị trấn Rạch Gốc	690
10050	Xã Tân Ân	690
10051	Xã Đất Mũi	690
\.


--
-- Name: branches_id_seq; Type: SEQUENCE SET; Schema: public; Owner: postgres
--

SELECT pg_catalog.setval('public.branches_id_seq', 19, true);


--
-- Name: companies_id_seq; Type: SEQUENCE SET; Schema: public; Owner: postgres
--

SELECT pg_catalog.setval('public.companies_id_seq', 11, true);


--
-- Name: company_images_id_seq; Type: SEQUENCE SET; Schema: public; Owner: postgres
--

SELECT pg_catalog.setval('public.company_images_id_seq', 14, true);


--
-- Name: districts_code_seq; Type: SEQUENCE SET; Schema: public; Owner: postgres
--

SELECT pg_catalog.setval('public.districts_code_seq', 690, true);


--
-- Name: feedback_id_seq; Type: SEQUENCE SET; Schema: public; Owner: postgres
--

SELECT pg_catalog.setval('public.feedback_id_seq', 3, true);


--
-- Name: jobs_id_seq; Type: SEQUENCE SET; Schema: public; Owner: postgres
--

SELECT pg_catalog.setval('public.jobs_id_seq', 37, true);


--
-- Name: levels_id_seq; Type: SEQUENCE SET; Schema: public; Owner: postgres
--

SELECT pg_catalog.setval('public.levels_id_seq', 7, true);


--
-- Name: provinces_code_seq; Type: SEQUENCE SET; Schema: public; Owner: postgres
--

SELECT pg_catalog.setval('public.provinces_code_seq', 63, true);


--
-- Name: report_id_seq; Type: SEQUENCE SET; Schema: public; Owner: postgres
--

SELECT pg_catalog.setval('public.report_id_seq', 5, true);


--
-- Name: resumes_id_seq; Type: SEQUENCE SET; Schema: public; Owner: postgres
--

SELECT pg_catalog.setval('public.resumes_id_seq', 18, true);


--
-- Name: reviews_id_seq; Type: SEQUENCE SET; Schema: public; Owner: postgres
--

SELECT pg_catalog.setval('public.reviews_id_seq', 5, true);


--
-- Name: roles_id_seq; Type: SEQUENCE SET; Schema: public; Owner: postgres
--

SELECT pg_catalog.setval('public.roles_id_seq', 4, true);


--
-- Name: skills_id_seq; Type: SEQUENCE SET; Schema: public; Owner: postgres
--

SELECT pg_catalog.setval('public.skills_id_seq', 53, true);


--
-- Name: support_requests_id_seq; Type: SEQUENCE SET; Schema: public; Owner: postgres
--

SELECT pg_catalog.setval('public.support_requests_id_seq', 4, true);


--
-- Name: topics_id_seq; Type: SEQUENCE SET; Schema: public; Owner: postgres
--

SELECT pg_catalog.setval('public.topics_id_seq', 6, true);


--
-- Name: users_id_seq; Type: SEQUENCE SET; Schema: public; Owner: postgres
--

SELECT pg_catalog.setval('public.users_id_seq', 22, true);


--
-- Name: wards_code_seq; Type: SEQUENCE SET; Schema: public; Owner: postgres
--

SELECT pg_catalog.setval('public.wards_code_seq', 10051, true);


--
-- Name: branches branches_pkey; Type: CONSTRAINT; Schema: public; Owner: postgres
--

ALTER TABLE ONLY public.branches
    ADD CONSTRAINT branches_pkey PRIMARY KEY (id);


--
-- Name: companies companies_pkey; Type: CONSTRAINT; Schema: public; Owner: postgres
--

ALTER TABLE ONLY public.companies
    ADD CONSTRAINT companies_pkey PRIMARY KEY (id);


--
-- Name: company_images company_images_pkey; Type: CONSTRAINT; Schema: public; Owner: postgres
--

ALTER TABLE ONLY public.company_images
    ADD CONSTRAINT company_images_pkey PRIMARY KEY (id);


--
-- Name: company_like company_like_pkey; Type: CONSTRAINT; Schema: public; Owner: postgres
--

ALTER TABLE ONLY public.company_like
    ADD CONSTRAINT company_like_pkey PRIMARY KEY (user_id, company_id);


--
-- Name: company_skill company_skill_pkey; Type: CONSTRAINT; Schema: public; Owner: postgres
--

ALTER TABLE ONLY public.company_skill
    ADD CONSTRAINT company_skill_pkey PRIMARY KEY (company_id, skill_id);


--
-- Name: districts districts_pkey; Type: CONSTRAINT; Schema: public; Owner: postgres
--

ALTER TABLE ONLY public.districts
    ADD CONSTRAINT districts_pkey PRIMARY KEY (code);


--
-- Name: feedback feedback_pkey; Type: CONSTRAINT; Schema: public; Owner: postgres
--

ALTER TABLE ONLY public.feedback
    ADD CONSTRAINT feedback_pkey PRIMARY KEY (id);


--
-- Name: feedback_topic feedback_topic_pkey; Type: CONSTRAINT; Schema: public; Owner: postgres
--

ALTER TABLE ONLY public.feedback_topic
    ADD CONSTRAINT feedback_topic_pkey PRIMARY KEY (feedback_id, feedback_topic_id);


--
-- Name: job_branch job_branch_pkey; Type: CONSTRAINT; Schema: public; Owner: postgres
--

ALTER TABLE ONLY public.job_branch
    ADD CONSTRAINT job_branch_pkey PRIMARY KEY (job_id, branch_id);


--
-- Name: job_level job_level_pkey; Type: CONSTRAINT; Schema: public; Owner: postgres
--

ALTER TABLE ONLY public.job_level
    ADD CONSTRAINT job_level_pkey PRIMARY KEY (job_id, level_id);


--
-- Name: job_like job_like_pkey; Type: CONSTRAINT; Schema: public; Owner: postgres
--

ALTER TABLE ONLY public.job_like
    ADD CONSTRAINT job_like_pkey PRIMARY KEY (user_id, job_id);


--
-- Name: job_skill job_skill_pkey; Type: CONSTRAINT; Schema: public; Owner: postgres
--

ALTER TABLE ONLY public.job_skill
    ADD CONSTRAINT job_skill_pkey PRIMARY KEY (job_id, skill_id);


--
-- Name: jobs jobs_pkey; Type: CONSTRAINT; Schema: public; Owner: postgres
--

ALTER TABLE ONLY public.jobs
    ADD CONSTRAINT jobs_pkey PRIMARY KEY (id);


--
-- Name: levels levels_pkey; Type: CONSTRAINT; Schema: public; Owner: postgres
--

ALTER TABLE ONLY public.levels
    ADD CONSTRAINT levels_pkey PRIMARY KEY (id);


--
-- Name: provinces provinces_pkey; Type: CONSTRAINT; Schema: public; Owner: postgres
--

ALTER TABLE ONLY public.provinces
    ADD CONSTRAINT provinces_pkey PRIMARY KEY (code);


--
-- Name: report report_pkey; Type: CONSTRAINT; Schema: public; Owner: postgres
--

ALTER TABLE ONLY public.report
    ADD CONSTRAINT report_pkey PRIMARY KEY (id);


--
-- Name: resumes resumes_pkey; Type: CONSTRAINT; Schema: public; Owner: postgres
--

ALTER TABLE ONLY public.resumes
    ADD CONSTRAINT resumes_pkey PRIMARY KEY (id);


--
-- Name: reviews reviews_pkey; Type: CONSTRAINT; Schema: public; Owner: postgres
--

ALTER TABLE ONLY public.reviews
    ADD CONSTRAINT reviews_pkey PRIMARY KEY (id);


--
-- Name: roles roles_pkey; Type: CONSTRAINT; Schema: public; Owner: postgres
--

ALTER TABLE ONLY public.roles
    ADD CONSTRAINT roles_pkey PRIMARY KEY (id);


--
-- Name: skills skills_pkey; Type: CONSTRAINT; Schema: public; Owner: postgres
--

ALTER TABLE ONLY public.skills
    ADD CONSTRAINT skills_pkey PRIMARY KEY (id);


--
-- Name: spring_session_attributes spring_session_attributes_pk; Type: CONSTRAINT; Schema: public; Owner: postgres
--

ALTER TABLE ONLY public.spring_session_attributes
    ADD CONSTRAINT spring_session_attributes_pk PRIMARY KEY (session_primary_id, attribute_name);


--
-- Name: spring_session spring_session_pk; Type: CONSTRAINT; Schema: public; Owner: postgres
--

ALTER TABLE ONLY public.spring_session
    ADD CONSTRAINT spring_session_pk PRIMARY KEY (primary_id);


--
-- Name: support_requests support_requests_pkey; Type: CONSTRAINT; Schema: public; Owner: postgres
--

ALTER TABLE ONLY public.support_requests
    ADD CONSTRAINT support_requests_pkey PRIMARY KEY (id);


--
-- Name: topics topics_pkey; Type: CONSTRAINT; Schema: public; Owner: postgres
--

ALTER TABLE ONLY public.topics
    ADD CONSTRAINT topics_pkey PRIMARY KEY (id);


--
-- Name: users users_pkey; Type: CONSTRAINT; Schema: public; Owner: postgres
--

ALTER TABLE ONLY public.users
    ADD CONSTRAINT users_pkey PRIMARY KEY (id);


--
-- Name: wards wards_pkey; Type: CONSTRAINT; Schema: public; Owner: postgres
--

ALTER TABLE ONLY public.wards
    ADD CONSTRAINT wards_pkey PRIMARY KEY (code);


--
-- Name: spring_session_ix1; Type: INDEX; Schema: public; Owner: postgres
--

CREATE UNIQUE INDEX spring_session_ix1 ON public.spring_session USING btree (session_id);


--
-- Name: spring_session_ix2; Type: INDEX; Schema: public; Owner: postgres
--

CREATE INDEX spring_session_ix2 ON public.spring_session USING btree (expiry_time);


--
-- Name: spring_session_ix3; Type: INDEX; Schema: public; Owner: postgres
--

CREATE INDEX spring_session_ix3 ON public.spring_session USING btree (principal_name);


--
-- Name: resumes fk340nuaivxiy99hslr3sdydfvv; Type: FK CONSTRAINT; Schema: public; Owner: postgres
--

ALTER TABLE ONLY public.resumes
    ADD CONSTRAINT fk340nuaivxiy99hslr3sdydfvv FOREIGN KEY (user_id) REFERENCES public.users(id);


--
-- Name: company_images fk39pfp30xxpbsukcnv39a8wo7p; Type: FK CONSTRAINT; Schema: public; Owner: postgres
--

ALTER TABLE ONLY public.company_images
    ADD CONSTRAINT fk39pfp30xxpbsukcnv39a8wo7p FOREIGN KEY (company_id) REFERENCES public.companies(id);


--
-- Name: districts fk3t76jh2pa9qut6kmusygax32k; Type: FK CONSTRAINT; Schema: public; Owner: postgres
--

ALTER TABLE ONLY public.districts
    ADD CONSTRAINT fk3t76jh2pa9qut6kmusygax32k FOREIGN KEY (province_code) REFERENCES public.provinces(code);


--
-- Name: support_requests fk4nfq8t640fw17b0vd0b6dnmqv; Type: FK CONSTRAINT; Schema: public; Owner: postgres
--

ALTER TABLE ONLY public.support_requests
    ADD CONSTRAINT fk4nfq8t640fw17b0vd0b6dnmqv FOREIGN KEY (user_id) REFERENCES public.users(id);


--
-- Name: feedback_topic fk72dxc9sf1gs0tl2228lfeybvs; Type: FK CONSTRAINT; Schema: public; Owner: postgres
--

ALTER TABLE ONLY public.feedback_topic
    ADD CONSTRAINT fk72dxc9sf1gs0tl2228lfeybvs FOREIGN KEY (feedback_id) REFERENCES public.feedback(id);


--
-- Name: job_branch fk8d88p6i0jpiwm5lg0kdx6s1pq; Type: FK CONSTRAINT; Schema: public; Owner: postgres
--

ALTER TABLE ONLY public.job_branch
    ADD CONSTRAINT fk8d88p6i0jpiwm5lg0kdx6s1pq FOREIGN KEY (job_id) REFERENCES public.jobs(id);


--
-- Name: company_like fk8yp7lf24kxqpw75tmiyau0f0j; Type: FK CONSTRAINT; Schema: public; Owner: postgres
--

ALTER TABLE ONLY public.company_like
    ADD CONSTRAINT fk8yp7lf24kxqpw75tmiyau0f0j FOREIGN KEY (company_id) REFERENCES public.companies(id);


--
-- Name: job_like fk9co2yh9qo581dubm5o7icy9dj; Type: FK CONSTRAINT; Schema: public; Owner: postgres
--

ALTER TABLE ONLY public.job_like
    ADD CONSTRAINT fk9co2yh9qo581dubm5o7icy9dj FOREIGN KEY (user_id) REFERENCES public.users(id);


--
-- Name: company_like fkam9tft43wb6shfuwwx8j3d24v; Type: FK CONSTRAINT; Schema: public; Owner: postgres
--

ALTER TABLE ONLY public.company_like
    ADD CONSTRAINT fkam9tft43wb6shfuwwx8j3d24v FOREIGN KEY (user_id) REFERENCES public.users(id);


--
-- Name: branches fkbjwua4pqx1d56lq9dhqk3pwcy; Type: FK CONSTRAINT; Schema: public; Owner: postgres
--

ALTER TABLE ONLY public.branches
    ADD CONSTRAINT fkbjwua4pqx1d56lq9dhqk3pwcy FOREIGN KEY (ward_code) REFERENCES public.wards(code);


--
-- Name: branches fkblnvtv1d4k88reg5ycc2sojjy; Type: FK CONSTRAINT; Schema: public; Owner: postgres
--

ALTER TABLE ONLY public.branches
    ADD CONSTRAINT fkblnvtv1d4k88reg5ycc2sojjy FOREIGN KEY (district_code) REFERENCES public.districts(code);


--
-- Name: reviews fkcgy7qjc1r99dp117y9en6lxye; Type: FK CONSTRAINT; Schema: public; Owner: postgres
--

ALTER TABLE ONLY public.reviews
    ADD CONSTRAINT fkcgy7qjc1r99dp117y9en6lxye FOREIGN KEY (user_id) REFERENCES public.users(id);


--
-- Name: branches fkci3yf9vdjmv3oa5k4urhhy0j7; Type: FK CONSTRAINT; Schema: public; Owner: postgres
--

ALTER TABLE ONLY public.branches
    ADD CONSTRAINT fkci3yf9vdjmv3oa5k4urhhy0j7 FOREIGN KEY (province_code) REFERENCES public.provinces(code);


--
-- Name: job_skill fkdh76859joo68p6dbj9erh4pbs; Type: FK CONSTRAINT; Schema: public; Owner: postgres
--

ALTER TABLE ONLY public.job_skill
    ADD CONSTRAINT fkdh76859joo68p6dbj9erh4pbs FOREIGN KEY (skill_id) REFERENCES public.skills(id);


--
-- Name: users fkfx119d0jufb58t4aler41x4jh; Type: FK CONSTRAINT; Schema: public; Owner: postgres
--

ALTER TABLE ONLY public.users
    ADD CONSTRAINT fkfx119d0jufb58t4aler41x4jh FOREIGN KEY (working_company_id) REFERENCES public.companies(id);


--
-- Name: job_level fkh1rxt6jybt17xsm4w8h1dklu9; Type: FK CONSTRAINT; Schema: public; Owner: postgres
--

ALTER TABLE ONLY public.job_level
    ADD CONSTRAINT fkh1rxt6jybt17xsm4w8h1dklu9 FOREIGN KEY (level_id) REFERENCES public.levels(id);


--
-- Name: company_skill fkhcblcs6sd3b12fpnh5efh8d51; Type: FK CONSTRAINT; Schema: public; Owner: postgres
--

ALTER TABLE ONLY public.company_skill
    ADD CONSTRAINT fkhcblcs6sd3b12fpnh5efh8d51 FOREIGN KEY (company_id) REFERENCES public.companies(id);


--
-- Name: resumes fkjdec9qbp2blbpag6obwf0fmbd; Type: FK CONSTRAINT; Schema: public; Owner: postgres
--

ALTER TABLE ONLY public.resumes
    ADD CONSTRAINT fkjdec9qbp2blbpag6obwf0fmbd FOREIGN KEY (job_id) REFERENCES public.jobs(id);


--
-- Name: job_skill fkje4q8ajxb3v5bel11dhbxrb8d; Type: FK CONSTRAINT; Schema: public; Owner: postgres
--

ALTER TABLE ONLY public.job_skill
    ADD CONSTRAINT fkje4q8ajxb3v5bel11dhbxrb8d FOREIGN KEY (job_id) REFERENCES public.jobs(id);


--
-- Name: job_like fkjjtfxfxmvc5kytdxj9lehwdxn; Type: FK CONSTRAINT; Schema: public; Owner: postgres
--

ALTER TABLE ONLY public.job_like
    ADD CONSTRAINT fkjjtfxfxmvc5kytdxj9lehwdxn FOREIGN KEY (job_id) REFERENCES public.jobs(id);


--
-- Name: report fkjqjcdhi9ivraeqjp0p10t6qh6; Type: FK CONSTRAINT; Schema: public; Owner: postgres
--

ALTER TABLE ONLY public.report
    ADD CONSTRAINT fkjqjcdhi9ivraeqjp0p10t6qh6 FOREIGN KEY (review_id) REFERENCES public.reviews(id);


--
-- Name: branches fkjuiihymin83oadf71ou3oelya; Type: FK CONSTRAINT; Schema: public; Owner: postgres
--

ALTER TABLE ONLY public.branches
    ADD CONSTRAINT fkjuiihymin83oadf71ou3oelya FOREIGN KEY (company_id) REFERENCES public.companies(id);


--
-- Name: job_level fkk1c80x3aci6f1wyh6hc0v6lxp; Type: FK CONSTRAINT; Schema: public; Owner: postgres
--

ALTER TABLE ONLY public.job_level
    ADD CONSTRAINT fkk1c80x3aci6f1wyh6hc0v6lxp FOREIGN KEY (job_id) REFERENCES public.jobs(id);


--
-- Name: reviews fkk2a1dwx049yrpih2icki3p0oe; Type: FK CONSTRAINT; Schema: public; Owner: postgres
--

ALTER TABLE ONLY public.reviews
    ADD CONSTRAINT fkk2a1dwx049yrpih2icki3p0oe FOREIGN KEY (company_id) REFERENCES public.companies(id);


--
-- Name: feedback_topic fkmk8vycqqkws93j35vfqm1wv0h; Type: FK CONSTRAINT; Schema: public; Owner: postgres
--

ALTER TABLE ONLY public.feedback_topic
    ADD CONSTRAINT fkmk8vycqqkws93j35vfqm1wv0h FOREIGN KEY (feedback_topic_id) REFERENCES public.topics(id);


--
-- Name: resumes fkn3rc57ecw0kmfw31gavj0c79t; Type: FK CONSTRAINT; Schema: public; Owner: postgres
--

ALTER TABLE ONLY public.resumes
    ADD CONSTRAINT fkn3rc57ecw0kmfw31gavj0c79t FOREIGN KEY (company_id) REFERENCES public.companies(id);


--
-- Name: wards fkn3somnut7tl6qqo9b3dbsybfe; Type: FK CONSTRAINT; Schema: public; Owner: postgres
--

ALTER TABLE ONLY public.wards
    ADD CONSTRAINT fkn3somnut7tl6qqo9b3dbsybfe FOREIGN KEY (district_code) REFERENCES public.districts(code);


--
-- Name: company_skill fkoyl9e5wno421mp0f1k1qfjcm5; Type: FK CONSTRAINT; Schema: public; Owner: postgres
--

ALTER TABLE ONLY public.company_skill
    ADD CONSTRAINT fkoyl9e5wno421mp0f1k1qfjcm5 FOREIGN KEY (skill_id) REFERENCES public.skills(id);


--
-- Name: users fkp56c1712k691lhsyewcssf40f; Type: FK CONSTRAINT; Schema: public; Owner: postgres
--

ALTER TABLE ONLY public.users
    ADD CONSTRAINT fkp56c1712k691lhsyewcssf40f FOREIGN KEY (role_id) REFERENCES public.roles(id);


--
-- Name: feedback fkpwwmhguqianghvi1wohmtsm8l; Type: FK CONSTRAINT; Schema: public; Owner: postgres
--

ALTER TABLE ONLY public.feedback
    ADD CONSTRAINT fkpwwmhguqianghvi1wohmtsm8l FOREIGN KEY (user_id) REFERENCES public.users(id);


--
-- Name: job_branch fkqe0hlnmbx9v43ocuupaj90rgl; Type: FK CONSTRAINT; Schema: public; Owner: postgres
--

ALTER TABLE ONLY public.job_branch
    ADD CONSTRAINT fkqe0hlnmbx9v43ocuupaj90rgl FOREIGN KEY (branch_id) REFERENCES public.branches(id);


--
-- Name: jobs fkrtmqcrktb6s7xq8djbs2a2war; Type: FK CONSTRAINT; Schema: public; Owner: postgres
--

ALTER TABLE ONLY public.jobs
    ADD CONSTRAINT fkrtmqcrktb6s7xq8djbs2a2war FOREIGN KEY (company_id) REFERENCES public.companies(id);


--
-- Name: spring_session_attributes spring_session_attributes_fk; Type: FK CONSTRAINT; Schema: public; Owner: postgres
--

ALTER TABLE ONLY public.spring_session_attributes
    ADD CONSTRAINT spring_session_attributes_fk FOREIGN KEY (session_primary_id) REFERENCES public.spring_session(primary_id) ON DELETE CASCADE;


--
-- Name: SCHEMA public; Type: ACL; Schema: -; Owner: postgres
--

REVOKE USAGE ON SCHEMA public FROM PUBLIC;
GRANT CREATE ON SCHEMA public TO PUBLIC;


--
-- PostgreSQL database dump complete
--

